story	cell	owner	slot	tag	role	inScan	nativeInteractive	visualW	visualH	hitW	hitH	square24	clipAncestor	clipRoom	after	note	chain
accordion	expansion:single;open:closed	accordion	accordion-trigger	button	-	true	true	512	54.4	512	56	true	-	-	-	-	accordion-item,accordion
accordion	expansion:single;open:closed	accordion	accordion-trigger	button	-	true	true	512	54.4	512	55	true	-	-	-	-	accordion-item,accordion
accordion	expansion:single;open:closed	-	-	button	-	false	true	0	0	-	-	-	-	-	-	not-rendered	-
accordion	expansion:single;open:closed	-	-	button	-	false	true	0	0	-	-	-	-	-	-	not-rendered	-
accordion	expansion:single;open:closed	-	-	button	-	false	true	0	0	-	-	-	-	-	-	not-rendered	-
accordion	expansion:single;open:closed	-	-	a	-	false	true	0	0	-	-	-	-	-	-	not-rendered	-
accordion	expansion:single;open:closed	-	-	a	-	false	true	0	0	-	-	-	-	-	-	not-rendered	-
accordion	expansion:single;open:closed	-	-	a	-	false	true	0	0	-	-	-	-	-	-	not-rendered	-
accordion	expansion:single;open:closed	-	-	a	-	false	true	0	0	-	-	-	-	-	-	not-rendered	-
accordion	expansion:single;open:open	accordion	accordion-trigger	button	-	true	true	512	54.4	512	56	true	-	-	-	-	accordion-item,accordion
accordion	expansion:single;open:open	accordion	accordion-trigger	button	-	true	true	512	54.4	512	56	true	-	-	-	-	accordion-item,accordion
accordion	expansion:single;open:open	-	-	button	-	false	true	0	0	-	-	-	-	-	-	not-rendered	-
accordion	expansion:single;open:open	-	-	button	-	false	true	0	0	-	-	-	-	-	-	not-rendered	-
accordion	expansion:single;open:open	-	-	button	-	false	true	0	0	-	-	-	-	-	-	not-rendered	-
accordion	expansion:single;open:open	-	-	a	-	false	true	0	0	-	-	-	-	-	-	not-rendered	-
accordion	expansion:single;open:open	-	-	a	-	false	true	0	0	-	-	-	-	-	-	not-rendered	-
accordion	expansion:single;open:open	-	-	a	-	false	true	0	0	-	-	-	-	-	-	not-rendered	-
accordion	expansion:single;open:open	-	-	a	-	false	true	0	0	-	-	-	-	-	-	not-rendered	-
accordion	expansion:multiple;open:closed	accordion	accordion-trigger	button	-	true	true	512	54.4	512	56	true	-	-	-	-	accordion-item,accordion
accordion	expansion:multiple;open:closed	accordion	accordion-trigger	button	-	true	true	512	54.4	512	55	true	-	-	-	-	accordion-item,accordion
accordion	expansion:multiple;open:closed	-	-	button	-	false	true	0	0	-	-	-	-	-	-	not-rendered	-
accordion	expansion:multiple;open:closed	-	-	button	-	false	true	0	0	-	-	-	-	-	-	not-rendered	-
accordion	expansion:multiple;open:closed	-	-	button	-	false	true	0	0	-	-	-	-	-	-	not-rendered	-
accordion	expansion:multiple;open:closed	-	-	a	-	false	true	0	0	-	-	-	-	-	-	not-rendered	-
accordion	expansion:multiple;open:closed	-	-	a	-	false	true	0	0	-	-	-	-	-	-	not-rendered	-
accordion	expansion:multiple;open:closed	-	-	a	-	false	true	0	0	-	-	-	-	-	-	not-rendered	-
accordion	expansion:multiple;open:closed	-	-	a	-	false	true	0	0	-	-	-	-	-	-	not-rendered	-
accordion	expansion:multiple;open:open	accordion	accordion-trigger	button	-	true	true	512	54.4	512	56	true	-	-	-	-	accordion-item,accordion
accordion	expansion:multiple;open:open	accordion	accordion-trigger	button	-	true	true	512	54.4	512	56	true	-	-	-	-	accordion-item,accordion
accordion	expansion:multiple;open:open	-	-	button	-	false	true	0	0	-	-	-	-	-	-	not-rendered	-
accordion	expansion:multiple;open:open	-	-	button	-	false	true	0	0	-	-	-	-	-	-	not-rendered	-
accordion	expansion:multiple;open:open	-	-	button	-	false	true	0	0	-	-	-	-	-	-	not-rendered	-
accordion	expansion:multiple;open:open	-	-	a	-	false	true	0	0	-	-	-	-	-	-	not-rendered	-
accordion	expansion:multiple;open:open	-	-	a	-	false	true	0	0	-	-	-	-	-	-	not-rendered	-
accordion	expansion:multiple;open:open	-	-	a	-	false	true	0	0	-	-	-	-	-	-	not-rendered	-
accordion	expansion:multiple;open:open	-	-	a	-	false	true	0	0	-	-	-	-	-	-	not-rendered	-
alert	variant:default	button	button	button	-	true	true	77.8	32	78	33	true	-	-	-	-	alert-action,alert
alert	variant:default	-	-	button	-	false	true	0	0	-	-	-	-	-	-	not-rendered	-
alert	variant:default	-	-	button	-	false	true	0	0	-	-	-	-	-	-	not-rendered	-
alert	variant:default	-	-	button	-	false	true	0	0	-	-	-	-	-	-	not-rendered	-
alert	variant:default	-	-	a	-	false	true	0	0	-	-	-	-	-	-	not-rendered	-
alert	variant:default	-	-	a	-	false	true	0	0	-	-	-	-	-	-	not-rendered	-
alert	variant:default	-	-	a	-	false	true	0	0	-	-	-	-	-	-	not-rendered	-
alert	variant:default	-	-	a	-	false	true	0	0	-	-	-	-	-	-	not-rendered	-
alert	variant:success	button	button	button	-	true	true	77.8	32	78	33	true	-	-	-	-	alert-action,alert
alert	variant:success	-	-	button	-	false	true	0	0	-	-	-	-	-	-	not-rendered	-
alert	variant:success	-	-	button	-	false	true	0	0	-	-	-	-	-	-	not-rendered	-
alert	variant:success	-	-	button	-	false	true	0	0	-	-	-	-	-	-	not-rendered	-
alert	variant:success	-	-	a	-	false	true	0	0	-	-	-	-	-	-	not-rendered	-
alert	variant:success	-	-	a	-	false	true	0	0	-	-	-	-	-	-	not-rendered	-
alert	variant:success	-	-	a	-	false	true	0	0	-	-	-	-	-	-	not-rendered	-
alert	variant:success	-	-	a	-	false	true	0	0	-	-	-	-	-	-	not-rendered	-
alert	variant:warning	button	button	button	-	true	true	77.8	32	78	33	true	-	-	-	-	alert-action,alert
alert	variant:warning	-	-	button	-	false	true	0	0	-	-	-	-	-	-	not-rendered	-
alert	variant:warning	-	-	button	-	false	true	0	0	-	-	-	-	-	-	not-rendered	-
alert	variant:warning	-	-	button	-	false	true	0	0	-	-	-	-	-	-	not-rendered	-
alert	variant:warning	-	-	a	-	false	true	0	0	-	-	-	-	-	-	not-rendered	-
alert	variant:warning	-	-	a	-	false	true	0	0	-	-	-	-	-	-	not-rendered	-
alert	variant:warning	-	-	a	-	false	true	0	0	-	-	-	-	-	-	not-rendered	-
alert	variant:warning	-	-	a	-	false	true	0	0	-	-	-	-	-	-	not-rendered	-
alert	variant:destructive	button	button	button	-	true	true	77.8	32	78	33	true	-	-	-	-	alert-action,alert
alert	variant:destructive	-	-	button	-	false	true	0	0	-	-	-	-	-	-	not-rendered	-
alert	variant:destructive	-	-	button	-	false	true	0	0	-	-	-	-	-	-	not-rendered	-
alert	variant:destructive	-	-	button	-	false	true	0	0	-	-	-	-	-	-	not-rendered	-
alert	variant:destructive	-	-	a	-	false	true	0	0	-	-	-	-	-	-	not-rendered	-
alert	variant:destructive	-	-	a	-	false	true	0	0	-	-	-	-	-	-	not-rendered	-
alert	variant:destructive	-	-	a	-	false	true	0	0	-	-	-	-	-	-	not-rendered	-
alert	variant:destructive	-	-	a	-	false	true	0	0	-	-	-	-	-	-	not-rendered	-
alert-dialog	open:closed	alert-dialog	alert-dialog-trigger	button	-	true	true	83.8	36	84	37	true	-	-	-	-	-
alert-dialog	open:closed	-	-	button	-	false	true	0	0	-	-	-	-	-	-	not-rendered	-
alert-dialog	open:closed	-	-	button	-	false	true	0	0	-	-	-	-	-	-	not-rendered	-
alert-dialog	open:closed	-	-	button	-	false	true	0	0	-	-	-	-	-	-	not-rendered	-
alert-dialog	open:closed	-	-	a	-	false	true	0	0	-	-	-	-	-	-	not-rendered	-
alert-dialog	open:closed	-	-	a	-	false	true	0	0	-	-	-	-	-	-	not-rendered	-
alert-dialog	open:closed	-	-	a	-	false	true	0	0	-	-	-	-	-	-	not-rendered	-
alert-dialog	open:closed	-	-	a	-	false	true	0	0	-	-	-	-	-	-	not-rendered	-
alert-dialog	open:open	alert-dialog	alert-dialog-trigger	button	-	true	true	83.8	36	0	0	false	-	-	-	pointer-events:none,no-hit-point	-
alert-dialog	open:open	alert-dialog	alert-dialog-cancel	button	-	true	true	58.2	36	59	36	true	body[xy]	533.2	-	-	alert-dialog-footer,alert-dialog-content
alert-dialog	open:open	alert-dialog	alert-dialog-action	button	-	true	true	56.2	36	57	36	true	body[xy]	469	-	-	alert-dialog-footer,alert-dialog-content
alert-dialog	open:open	-	-	span	-	false	true	0	0	-	-	-	-	-	-	not-rendered	-
alert-dialog	open:open	-	-	button	-	false	true	0	0	-	-	-	-	-	-	not-rendered	-
alert-dialog	open:open	-	-	button	-	false	true	0	0	-	-	-	-	-	-	not-rendered	-
alert-dialog	open:open	-	-	button	-	false	true	0	0	-	-	-	-	-	-	not-rendered	-
alert-dialog	open:open	-	-	a	-	false	true	0	0	-	-	-	-	-	-	not-rendered	-
alert-dialog	open:open	-	-	a	-	false	true	0	0	-	-	-	-	-	-	not-rendered	-
alert-dialog	open:open	-	-	a	-	false	true	0	0	-	-	-	-	-	-	not-rendered	-
alert-dialog	open:open	-	-	a	-	false	true	0	0	-	-	-	-	-	-	not-rendered	-
alert-dialog	open:open	-	alert-dialog-content	div	alertdialog	false	true	512	183.6	512	184	true	body[xy]	444	-	-	-
alert-dialog	open:open	-	-	span	-	false	true	0	0	-	-	-	-	-	-	not-rendered	-
avatar	knockout:none;size:sm;source:image	-	-	button	-	false	true	0	0	-	-	-	-	-	-	not-rendered	-
avatar	knockout:none;size:sm;source:image	-	-	button	-	false	true	0	0	-	-	-	-	-	-	not-rendered	-
avatar	knockout:none;size:sm;source:image	-	-	button	-	false	true	0	0	-	-	-	-	-	-	not-rendered	-
avatar	knockout:none;size:sm;source:image	-	-	a	-	false	true	0	0	-	-	-	-	-	-	not-rendered	-
avatar	knockout:none;size:sm;source:image	-	-	a	-	false	true	0	0	-	-	-	-	-	-	not-rendered	-
avatar	knockout:none;size:sm;source:image	-	-	a	-	false	true	0	0	-	-	-	-	-	-	not-rendered	-
avatar	knockout:none;size:sm;source:image	-	-	a	-	false	true	0	0	-	-	-	-	-	-	not-rendered	-
avatar	knockout:none;size:sm;source:fallback	-	-	button	-	false	true	0	0	-	-	-	-	-	-	not-rendered	-
avatar	knockout:none;size:sm;source:fallback	-	-	button	-	false	true	0	0	-	-	-	-	-	-	not-rendered	-
avatar	knockout:none;size:sm;source:fallback	-	-	button	-	false	true	0	0	-	-	-	-	-	-	not-rendered	-
avatar	knockout:none;size:sm;source:fallback	-	-	a	-	false	true	0	0	-	-	-	-	-	-	not-rendered	-
avatar	knockout:none;size:sm;source:fallback	-	-	a	-	false	true	0	0	-	-	-	-	-	-	not-rendered	-
avatar	knockout:none;size:sm;source:fallback	-	-	a	-	false	true	0	0	-	-	-	-	-	-	not-rendered	-
avatar	knockout:none;size:sm;source:fallback	-	-	a	-	false	true	0	0	-	-	-	-	-	-	not-rendered	-
avatar	knockout:none;size:default;source:image	-	-	button	-	false	true	0	0	-	-	-	-	-	-	not-rendered	-
avatar	knockout:none;size:default;source:image	-	-	button	-	false	true	0	0	-	-	-	-	-	-	not-rendered	-
avatar	knockout:none;size:default;source:image	-	-	button	-	false	true	0	0	-	-	-	-	-	-	not-rendered	-
avatar	knockout:none;size:default;source:image	-	-	a	-	false	true	0	0	-	-	-	-	-	-	not-rendered	-
avatar	knockout:none;size:default;source:image	-	-	a	-	false	true	0	0	-	-	-	-	-	-	not-rendered	-
avatar	knockout:none;size:default;source:image	-	-	a	-	false	true	0	0	-	-	-	-	-	-	not-rendered	-
avatar	knockout:none;size:default;source:image	-	-	a	-	false	true	0	0	-	-	-	-	-	-	not-rendered	-
avatar	knockout:none;size:default;source:fallback	-	-	button	-	false	true	0	0	-	-	-	-	-	-	not-rendered	-
avatar	knockout:none;size:default;source:fallback	-	-	button	-	false	true	0	0	-	-	-	-	-	-	not-rendered	-
avatar	knockout:none;size:default;source:fallback	-	-	button	-	false	true	0	0	-	-	-	-	-	-	not-rendered	-
avatar	knockout:none;size:default;source:fallback	-	-	a	-	false	true	0	0	-	-	-	-	-	-	not-rendered	-
avatar	knockout:none;size:default;source:fallback	-	-	a	-	false	true	0	0	-	-	-	-	-	-	not-rendered	-
avatar	knockout:none;size:default;source:fallback	-	-	a	-	false	true	0	0	-	-	-	-	-	-	not-rendered	-
avatar	knockout:none;size:default;source:fallback	-	-	a	-	false	true	0	0	-	-	-	-	-	-	not-rendered	-
avatar	knockout:none;size:lg;source:image	-	-	button	-	false	true	0	0	-	-	-	-	-	-	not-rendered	-
avatar	knockout:none;size:lg;source:image	-	-	button	-	false	true	0	0	-	-	-	-	-	-	not-rendered	-
avatar	knockout:none;size:lg;source:image	-	-	button	-	false	true	0	0	-	-	-	-	-	-	not-rendered	-
avatar	knockout:none;size:lg;source:image	-	-	a	-	false	true	0	0	-	-	-	-	-	-	not-rendered	-
avatar	knockout:none;size:lg;source:image	-	-	a	-	false	true	0	0	-	-	-	-	-	-	not-rendered	-
avatar	knockout:none;size:lg;source:image	-	-	a	-	false	true	0	0	-	-	-	-	-	-	not-rendered	-
avatar	knockout:none;size:lg;source:image	-	-	a	-	false	true	0	0	-	-	-	-	-	-	not-rendered	-
avatar	knockout:none;size:lg;source:fallback	-	-	button	-	false	true	0	0	-	-	-	-	-	-	not-rendered	-
avatar	knockout:none;size:lg;source:fallback	-	-	button	-	false	true	0	0	-	-	-	-	-	-	not-rendered	-
avatar	knockout:none;size:lg;source:fallback	-	-	button	-	false	true	0	0	-	-	-	-	-	-	not-rendered	-
avatar	knockout:none;size:lg;source:fallback	-	-	a	-	false	true	0	0	-	-	-	-	-	-	not-rendered	-
avatar	knockout:none;size:lg;source:fallback	-	-	a	-	false	true	0	0	-	-	-	-	-	-	not-rendered	-
avatar	knockout:none;size:lg;source:fallback	-	-	a	-	false	true	0	0	-	-	-	-	-	-	not-rendered	-
avatar	knockout:none;size:lg;source:fallback	-	-	a	-	false	true	0	0	-	-	-	-	-	-	not-rendered	-
avatar	knockout:ring;size:sm;source:image	-	-	button	-	false	true	0	0	-	-	-	-	-	-	not-rendered	-
avatar	knockout:ring;size:sm;source:image	-	-	button	-	false	true	0	0	-	-	-	-	-	-	not-rendered	-
avatar	knockout:ring;size:sm;source:image	-	-	button	-	false	true	0	0	-	-	-	-	-	-	not-rendered	-
avatar	knockout:ring;size:sm;source:image	-	-	a	-	false	true	0	0	-	-	-	-	-	-	not-rendered	-
avatar	knockout:ring;size:sm;source:image	-	-	a	-	false	true	0	0	-	-	-	-	-	-	not-rendered	-
avatar	knockout:ring;size:sm;source:image	-	-	a	-	false	true	0	0	-	-	-	-	-	-	not-rendered	-
avatar	knockout:ring;size:sm;source:image	-	-	a	-	false	true	0	0	-	-	-	-	-	-	not-rendered	-
avatar	knockout:ring;size:sm;source:fallback	-	-	button	-	false	true	0	0	-	-	-	-	-	-	not-rendered	-
avatar	knockout:ring;size:sm;source:fallback	-	-	button	-	false	true	0	0	-	-	-	-	-	-	not-rendered	-
avatar	knockout:ring;size:sm;source:fallback	-	-	button	-	false	true	0	0	-	-	-	-	-	-	not-rendered	-
avatar	knockout:ring;size:sm;source:fallback	-	-	a	-	false	true	0	0	-	-	-	-	-	-	not-rendered	-
avatar	knockout:ring;size:sm;source:fallback	-	-	a	-	false	true	0	0	-	-	-	-	-	-	not-rendered	-
avatar	knockout:ring;size:sm;source:fallback	-	-	a	-	false	true	0	0	-	-	-	-	-	-	not-rendered	-
avatar	knockout:ring;size:sm;source:fallback	-	-	a	-	false	true	0	0	-	-	-	-	-	-	not-rendered	-
avatar	knockout:ring;size:default;source:image	-	-	button	-	false	true	0	0	-	-	-	-	-	-	not-rendered	-
avatar	knockout:ring;size:default;source:image	-	-	button	-	false	true	0	0	-	-	-	-	-	-	not-rendered	-
avatar	knockout:ring;size:default;source:image	-	-	button	-	false	true	0	0	-	-	-	-	-	-	not-rendered	-
avatar	knockout:ring;size:default;source:image	-	-	a	-	false	true	0	0	-	-	-	-	-	-	not-rendered	-
avatar	knockout:ring;size:default;source:image	-	-	a	-	false	true	0	0	-	-	-	-	-	-	not-rendered	-
avatar	knockout:ring;size:default;source:image	-	-	a	-	false	true	0	0	-	-	-	-	-	-	not-rendered	-
avatar	knockout:ring;size:default;source:image	-	-	a	-	false	true	0	0	-	-	-	-	-	-	not-rendered	-
avatar	knockout:ring;size:default;source:fallback	-	-	button	-	false	true	0	0	-	-	-	-	-	-	not-rendered	-
avatar	knockout:ring;size:default;source:fallback	-	-	button	-	false	true	0	0	-	-	-	-	-	-	not-rendered	-
avatar	knockout:ring;size:default;source:fallback	-	-	button	-	false	true	0	0	-	-	-	-	-	-	not-rendered	-
avatar	knockout:ring;size:default;source:fallback	-	-	a	-	false	true	0	0	-	-	-	-	-	-	not-rendered	-
avatar	knockout:ring;size:default;source:fallback	-	-	a	-	false	true	0	0	-	-	-	-	-	-	not-rendered	-
avatar	knockout:ring;size:default;source:fallback	-	-	a	-	false	true	0	0	-	-	-	-	-	-	not-rendered	-
avatar	knockout:ring;size:default;source:fallback	-	-	a	-	false	true	0	0	-	-	-	-	-	-	not-rendered	-
avatar	knockout:ring;size:lg;source:image	-	-	button	-	false	true	0	0	-	-	-	-	-	-	not-rendered	-
avatar	knockout:ring;size:lg;source:image	-	-	button	-	false	true	0	0	-	-	-	-	-	-	not-rendered	-
avatar	knockout:ring;size:lg;source:image	-	-	button	-	false	true	0	0	-	-	-	-	-	-	not-rendered	-
avatar	knockout:ring;size:lg;source:image	-	-	a	-	false	true	0	0	-	-	-	-	-	-	not-rendered	-
avatar	knockout:ring;size:lg;source:image	-	-	a	-	false	true	0	0	-	-	-	-	-	-	not-rendered	-
avatar	knockout:ring;size:lg;source:image	-	-	a	-	false	true	0	0	-	-	-	-	-	-	not-rendered	-
avatar	knockout:ring;size:lg;source:image	-	-	a	-	false	true	0	0	-	-	-	-	-	-	not-rendered	-
avatar	knockout:ring;size:lg;source:fallback	-	-	button	-	false	true	0	0	-	-	-	-	-	-	not-rendered	-
avatar	knockout:ring;size:lg;source:fallback	-	-	button	-	false	true	0	0	-	-	-	-	-	-	not-rendered	-
avatar	knockout:ring;size:lg;source:fallback	-	-	button	-	false	true	0	0	-	-	-	-	-	-	not-rendered	-
avatar	knockout:ring;size:lg;source:fallback	-	-	a	-	false	true	0	0	-	-	-	-	-	-	not-rendered	-
avatar	knockout:ring;size:lg;source:fallback	-	-	a	-	false	true	0	0	-	-	-	-	-	-	not-rendered	-
avatar	knockout:ring;size:lg;source:fallback	-	-	a	-	false	true	0	0	-	-	-	-	-	-	not-rendered	-
avatar	knockout:ring;size:lg;source:fallback	-	-	a	-	false	true	0	0	-	-	-	-	-	-	not-rendered	-
badge	variant:neutral	-	-	button	-	false	true	0	0	-	-	-	-	-	-	not-rendered	-
badge	variant:neutral	-	-	button	-	false	true	0	0	-	-	-	-	-	-	not-rendered	-
badge	variant:neutral	-	-	button	-	false	true	0	0	-	-	-	-	-	-	not-rendered	-
badge	variant:neutral	-	-	a	-	false	true	0	0	-	-	-	-	-	-	not-rendered	-
badge	variant:neutral	-	-	a	-	false	true	0	0	-	-	-	-	-	-	not-rendered	-
badge	variant:neutral	-	-	a	-	false	true	0	0	-	-	-	-	-	-	not-rendered	-
badge	variant:neutral	-	-	a	-	false	true	0	0	-	-	-	-	-	-	not-rendered	-
badge	variant:accent	-	-	button	-	false	true	0	0	-	-	-	-	-	-	not-rendered	-
badge	variant:accent	-	-	button	-	false	true	0	0	-	-	-	-	-	-	not-rendered	-
badge	variant:accent	-	-	button	-	false	true	0	0	-	-	-	-	-	-	not-rendered	-
badge	variant:accent	-	-	a	-	false	true	0	0	-	-	-	-	-	-	not-rendered	-
badge	variant:accent	-	-	a	-	false	true	0	0	-	-	-	-	-	-	not-rendered	-
badge	variant:accent	-	-	a	-	false	true	0	0	-	-	-	-	-	-	not-rendered	-
badge	variant:accent	-	-	a	-	false	true	0	0	-	-	-	-	-	-	not-rendered	-
badge	variant:success	-	-	button	-	false	true	0	0	-	-	-	-	-	-	not-rendered	-
badge	variant:success	-	-	button	-	false	true	0	0	-	-	-	-	-	-	not-rendered	-
badge	variant:success	-	-	button	-	false	true	0	0	-	-	-	-	-	-	not-rendered	-
badge	variant:success	-	-	a	-	false	true	0	0	-	-	-	-	-	-	not-rendered	-
badge	variant:success	-	-	a	-	false	true	0	0	-	-	-	-	-	-	not-rendered	-
badge	variant:success	-	-	a	-	false	true	0	0	-	-	-	-	-	-	not-rendered	-
badge	variant:success	-	-	a	-	false	true	0	0	-	-	-	-	-	-	not-rendered	-
badge	variant:danger	-	-	button	-	false	true	0	0	-	-	-	-	-	-	not-rendered	-
badge	variant:danger	-	-	button	-	false	true	0	0	-	-	-	-	-	-	not-rendered	-
badge	variant:danger	-	-	button	-	false	true	0	0	-	-	-	-	-	-	not-rendered	-
badge	variant:danger	-	-	a	-	false	true	0	0	-	-	-	-	-	-	not-rendered	-
badge	variant:danger	-	-	a	-	false	true	0	0	-	-	-	-	-	-	not-rendered	-
badge	variant:danger	-	-	a	-	false	true	0	0	-	-	-	-	-	-	not-rendered	-
badge	variant:danger	-	-	a	-	false	true	0	0	-	-	-	-	-	-	not-rendered	-
breadcrumb	currentLocation:ancestor	breadcrumb	breadcrumb-link	a	-	true	true	60.5	22.4	61	25	true	-	-	60.5px×23.9844px	-	breadcrumb-item,breadcrumb-list,breadcrumb
breadcrumb	currentLocation:ancestor	breadcrumb	breadcrumb-link	a	-	true	true	51.9	22.4	53	25	true	-	-	51.9219px×23.9844px	-	breadcrumb-item,breadcrumb-list,breadcrumb
breadcrumb	currentLocation:ancestor	-	-	button	-	false	true	0	0	-	-	-	-	-	-	not-rendered	-
breadcrumb	currentLocation:ancestor	-	-	button	-	false	true	0	0	-	-	-	-	-	-	not-rendered	-
breadcrumb	currentLocation:ancestor	-	-	button	-	false	true	0	0	-	-	-	-	-	-	not-rendered	-
breadcrumb	currentLocation:ancestor	-	-	a	-	false	true	0	0	-	-	-	-	-	-	not-rendered	-
breadcrumb	currentLocation:ancestor	-	-	a	-	false	true	0	0	-	-	-	-	-	-	not-rendered	-
breadcrumb	currentLocation:ancestor	-	-	a	-	false	true	0	0	-	-	-	-	-	-	not-rendered	-
breadcrumb	currentLocation:ancestor	-	-	a	-	false	true	0	0	-	-	-	-	-	-	not-rendered	-
breadcrumb	currentLocation:current	breadcrumb	breadcrumb-link	a	-	true	true	60.5	22.4	61	25	true	-	-	60.5px×23.9844px	-	breadcrumb-item,breadcrumb-list,breadcrumb
breadcrumb	currentLocation:current	-	-	button	-	false	true	0	0	-	-	-	-	-	-	not-rendered	-
breadcrumb	currentLocation:current	-	-	button	-	false	true	0	0	-	-	-	-	-	-	not-rendered	-
breadcrumb	currentLocation:current	-	-	button	-	false	true	0	0	-	-	-	-	-	-	not-rendered	-
breadcrumb	currentLocation:current	-	-	a	-	false	true	0	0	-	-	-	-	-	-	not-rendered	-
breadcrumb	currentLocation:current	-	-	a	-	false	true	0	0	-	-	-	-	-	-	not-rendered	-
breadcrumb	currentLocation:current	-	-	a	-	false	true	0	0	-	-	-	-	-	-	not-rendered	-
breadcrumb	currentLocation:current	-	-	a	-	false	true	0	0	-	-	-	-	-	-	not-rendered	-
button	size:default;variant:default	button	button	button	-	true	true	83.8	36	84	37	true	-	-	-	-	-
button	size:default;variant:default	-	-	button	-	false	true	0	0	-	-	-	-	-	-	not-rendered	-
button	size:default;variant:default	-	-	button	-	false	true	0	0	-	-	-	-	-	-	not-rendered	-
button	size:default;variant:default	-	-	button	-	false	true	0	0	-	-	-	-	-	-	not-rendered	-
button	size:default;variant:default	-	-	a	-	false	true	0	0	-	-	-	-	-	-	not-rendered	-
button	size:default;variant:default	-	-	a	-	false	true	0	0	-	-	-	-	-	-	not-rendered	-
button	size:default;variant:default	-	-	a	-	false	true	0	0	-	-	-	-	-	-	not-rendered	-
button	size:default;variant:default	-	-	a	-	false	true	0	0	-	-	-	-	-	-	not-rendered	-
button	size:default;variant:destructive	button	button	button	-	true	true	83.8	36	84	37	true	-	-	-	-	-
button	size:default;variant:destructive	-	-	button	-	false	true	0	0	-	-	-	-	-	-	not-rendered	-
button	size:default;variant:destructive	-	-	button	-	false	true	0	0	-	-	-	-	-	-	not-rendered	-
button	size:default;variant:destructive	-	-	button	-	false	true	0	0	-	-	-	-	-	-	not-rendered	-
button	size:default;variant:destructive	-	-	a	-	false	true	0	0	-	-	-	-	-	-	not-rendered	-
button	size:default;variant:destructive	-	-	a	-	false	true	0	0	-	-	-	-	-	-	not-rendered	-
button	size:default;variant:destructive	-	-	a	-	false	true	0	0	-	-	-	-	-	-	not-rendered	-
button	size:default;variant:destructive	-	-	a	-	false	true	0	0	-	-	-	-	-	-	not-rendered	-
button	size:default;variant:outline	button	button	button	-	true	true	85.8	36	86	37	true	-	-	-	-	-
button	size:default;variant:outline	-	-	button	-	false	true	0	0	-	-	-	-	-	-	not-rendered	-
button	size:default;variant:outline	-	-	button	-	false	true	0	0	-	-	-	-	-	-	not-rendered	-
button	size:default;variant:outline	-	-	button	-	false	true	0	0	-	-	-	-	-	-	not-rendered	-
button	size:default;variant:outline	-	-	a	-	false	true	0	0	-	-	-	-	-	-	not-rendered	-
button	size:default;variant:outline	-	-	a	-	false	true	0	0	-	-	-	-	-	-	not-rendered	-
button	size:default;variant:outline	-	-	a	-	false	true	0	0	-	-	-	-	-	-	not-rendered	-
button	size:default;variant:outline	-	-	a	-	false	true	0	0	-	-	-	-	-	-	not-rendered	-
button	size:default;variant:secondary	button	button	button	-	true	true	83.8	36	84	37	true	-	-	-	-	-
button	size:default;variant:secondary	-	-	button	-	false	true	0	0	-	-	-	-	-	-	not-rendered	-
button	size:default;variant:secondary	-	-	button	-	false	true	0	0	-	-	-	-	-	-	not-rendered	-
button	size:default;variant:secondary	-	-	button	-	false	true	0	0	-	-	-	-	-	-	not-rendered	-
button	size:default;variant:secondary	-	-	a	-	false	true	0	0	-	-	-	-	-	-	not-rendered	-
button	size:default;variant:secondary	-	-	a	-	false	true	0	0	-	-	-	-	-	-	not-rendered	-
button	size:default;variant:secondary	-	-	a	-	false	true	0	0	-	-	-	-	-	-	not-rendered	-
button	size:default;variant:secondary	-	-	a	-	false	true	0	0	-	-	-	-	-	-	not-rendered	-
button	size:default;variant:ghost	button	button	button	-	true	true	83.8	36	84	37	true	-	-	-	-	-
button	size:default;variant:ghost	-	-	button	-	false	true	0	0	-	-	-	-	-	-	not-rendered	-
button	size:default;variant:ghost	-	-	button	-	false	true	0	0	-	-	-	-	-	-	not-rendered	-
button	size:default;variant:ghost	-	-	button	-	false	true	0	0	-	-	-	-	-	-	not-rendered	-
button	size:default;variant:ghost	-	-	a	-	false	true	0	0	-	-	-	-	-	-	not-rendered	-
button	size:default;variant:ghost	-	-	a	-	false	true	0	0	-	-	-	-	-	-	not-rendered	-
button	size:default;variant:ghost	-	-	a	-	false	true	0	0	-	-	-	-	-	-	not-rendered	-
button	size:default;variant:ghost	-	-	a	-	false	true	0	0	-	-	-	-	-	-	not-rendered	-
button	size:default;variant:link	button	button	button	-	true	true	83.8	36	84	37	true	-	-	-	-	-
button	size:default;variant:link	-	-	button	-	false	true	0	0	-	-	-	-	-	-	not-rendered	-
button	size:default;variant:link	-	-	button	-	false	true	0	0	-	-	-	-	-	-	not-rendered	-
button	size:default;variant:link	-	-	button	-	false	true	0	0	-	-	-	-	-	-	not-rendered	-
button	size:default;variant:link	-	-	a	-	false	true	0	0	-	-	-	-	-	-	not-rendered	-
button	size:default;variant:link	-	-	a	-	false	true	0	0	-	-	-	-	-	-	not-rendered	-
button	size:default;variant:link	-	-	a	-	false	true	0	0	-	-	-	-	-	-	not-rendered	-
button	size:default;variant:link	-	-	a	-	false	true	0	0	-	-	-	-	-	-	not-rendered	-
button	size:xs;variant:default	button	button	button	-	true	true	60.4	24	61	25	true	-	-	-	-	-
button	size:xs;variant:default	-	-	button	-	false	true	0	0	-	-	-	-	-	-	not-rendered	-
button	size:xs;variant:default	-	-	button	-	false	true	0	0	-	-	-	-	-	-	not-rendered	-
button	size:xs;variant:default	-	-	button	-	false	true	0	0	-	-	-	-	-	-	not-rendered	-
button	size:xs;variant:default	-	-	a	-	false	true	0	0	-	-	-	-	-	-	not-rendered	-
button	size:xs;variant:default	-	-	a	-	false	true	0	0	-	-	-	-	-	-	not-rendered	-
button	size:xs;variant:default	-	-	a	-	false	true	0	0	-	-	-	-	-	-	not-rendered	-
button	size:xs;variant:default	-	-	a	-	false	true	0	0	-	-	-	-	-	-	not-rendered	-
button	size:xs;variant:destructive	button	button	button	-	true	true	60.4	24	61	25	true	-	-	-	-	-
button	size:xs;variant:destructive	-	-	button	-	false	true	0	0	-	-	-	-	-	-	not-rendered	-
button	size:xs;variant:destructive	-	-	button	-	false	true	0	0	-	-	-	-	-	-	not-rendered	-
button	size:xs;variant:destructive	-	-	button	-	false	true	0	0	-	-	-	-	-	-	not-rendered	-
button	size:xs;variant:destructive	-	-	a	-	false	true	0	0	-	-	-	-	-	-	not-rendered	-
button	size:xs;variant:destructive	-	-	a	-	false	true	0	0	-	-	-	-	-	-	not-rendered	-
button	size:xs;variant:destructive	-	-	a	-	false	true	0	0	-	-	-	-	-	-	not-rendered	-
button	size:xs;variant:destructive	-	-	a	-	false	true	0	0	-	-	-	-	-	-	not-rendered	-
button	size:xs;variant:outline	button	button	button	-	true	true	62.4	24	63	25	true	-	-	-	-	-
button	size:xs;variant:outline	-	-	button	-	false	true	0	0	-	-	-	-	-	-	not-rendered	-
button	size:xs;variant:outline	-	-	button	-	false	true	0	0	-	-	-	-	-	-	not-rendered	-
button	size:xs;variant:outline	-	-	button	-	false	true	0	0	-	-	-	-	-	-	not-rendered	-
button	size:xs;variant:outline	-	-	a	-	false	true	0	0	-	-	-	-	-	-	not-rendered	-
button	size:xs;variant:outline	-	-	a	-	false	true	0	0	-	-	-	-	-	-	not-rendered	-
button	size:xs;variant:outline	-	-	a	-	false	true	0	0	-	-	-	-	-	-	not-rendered	-
button	size:xs;variant:outline	-	-	a	-	false	true	0	0	-	-	-	-	-	-	not-rendered	-
button	size:xs;variant:secondary	button	button	button	-	true	true	60.4	24	61	25	true	-	-	-	-	-
button	size:xs;variant:secondary	-	-	button	-	false	true	0	0	-	-	-	-	-	-	not-rendered	-
button	size:xs;variant:secondary	-	-	button	-	false	true	0	0	-	-	-	-	-	-	not-rendered	-
button	size:xs;variant:secondary	-	-	button	-	false	true	0	0	-	-	-	-	-	-	not-rendered	-
button	size:xs;variant:secondary	-	-	a	-	false	true	0	0	-	-	-	-	-	-	not-rendered	-
button	size:xs;variant:secondary	-	-	a	-	false	true	0	0	-	-	-	-	-	-	not-rendered	-
button	size:xs;variant:secondary	-	-	a	-	false	true	0	0	-	-	-	-	-	-	not-rendered	-
button	size:xs;variant:secondary	-	-	a	-	false	true	0	0	-	-	-	-	-	-	not-rendered	-
button	size:xs;variant:ghost	button	button	button	-	true	true	60.4	24	61	25	true	-	-	-	-	-
button	size:xs;variant:ghost	-	-	button	-	false	true	0	0	-	-	-	-	-	-	not-rendered	-
button	size:xs;variant:ghost	-	-	button	-	false	true	0	0	-	-	-	-	-	-	not-rendered	-
button	size:xs;variant:ghost	-	-	button	-	false	true	0	0	-	-	-	-	-	-	not-rendered	-
button	size:xs;variant:ghost	-	-	a	-	false	true	0	0	-	-	-	-	-	-	not-rendered	-
button	size:xs;variant:ghost	-	-	a	-	false	true	0	0	-	-	-	-	-	-	not-rendered	-
button	size:xs;variant:ghost	-	-	a	-	false	true	0	0	-	-	-	-	-	-	not-rendered	-
button	size:xs;variant:ghost	-	-	a	-	false	true	0	0	-	-	-	-	-	-	not-rendered	-
button	size:xs;variant:link	button	button	button	-	true	true	60.4	24	61	25	true	-	-	-	-	-
button	size:xs;variant:link	-	-	button	-	false	true	0	0	-	-	-	-	-	-	not-rendered	-
button	size:xs;variant:link	-	-	button	-	false	true	0	0	-	-	-	-	-	-	not-rendered	-
button	size:xs;variant:link	-	-	button	-	false	true	0	0	-	-	-	-	-	-	not-rendered	-
button	size:xs;variant:link	-	-	a	-	false	true	0	0	-	-	-	-	-	-	not-rendered	-
button	size:xs;variant:link	-	-	a	-	false	true	0	0	-	-	-	-	-	-	not-rendered	-
button	size:xs;variant:link	-	-	a	-	false	true	0	0	-	-	-	-	-	-	not-rendered	-
button	size:xs;variant:link	-	-	a	-	false	true	0	0	-	-	-	-	-	-	not-rendered	-
button	size:sm;variant:default	button	button	button	-	true	true	75.8	32	76	33	true	-	-	-	-	-
button	size:sm;variant:default	-	-	button	-	false	true	0	0	-	-	-	-	-	-	not-rendered	-
button	size:sm;variant:default	-	-	button	-	false	true	0	0	-	-	-	-	-	-	not-rendered	-
button	size:sm;variant:default	-	-	button	-	false	true	0	0	-	-	-	-	-	-	not-rendered	-
button	size:sm;variant:default	-	-	a	-	false	true	0	0	-	-	-	-	-	-	not-rendered	-
button	size:sm;variant:default	-	-	a	-	false	true	0	0	-	-	-	-	-	-	not-rendered	-
button	size:sm;variant:default	-	-	a	-	false	true	0	0	-	-	-	-	-	-	not-rendered	-
button	size:sm;variant:default	-	-	a	-	false	true	0	0	-	-	-	-	-	-	not-rendered	-
button	size:sm;variant:destructive	button	button	button	-	true	true	75.8	32	76	33	true	-	-	-	-	-
button	size:sm;variant:destructive	-	-	button	-	false	true	0	0	-	-	-	-	-	-	not-rendered	-
button	size:sm;variant:destructive	-	-	button	-	false	true	0	0	-	-	-	-	-	-	not-rendered	-
button	size:sm;variant:destructive	-	-	button	-	false	true	0	0	-	-	-	-	-	-	not-rendered	-
button	size:sm;variant:destructive	-	-	a	-	false	true	0	0	-	-	-	-	-	-	not-rendered	-
button	size:sm;variant:destructive	-	-	a	-	false	true	0	0	-	-	-	-	-	-	not-rendered	-
button	size:sm;variant:destructive	-	-	a	-	false	true	0	0	-	-	-	-	-	-	not-rendered	-
button	size:sm;variant:destructive	-	-	a	-	false	true	0	0	-	-	-	-	-	-	not-rendered	-
button	size:sm;variant:outline	button	button	button	-	true	true	77.8	32	78	33	true	-	-	-	-	-
button	size:sm;variant:outline	-	-	button	-	false	true	0	0	-	-	-	-	-	-	not-rendered	-
button	size:sm;variant:outline	-	-	button	-	false	true	0	0	-	-	-	-	-	-	not-rendered	-
button	size:sm;variant:outline	-	-	button	-	false	true	0	0	-	-	-	-	-	-	not-rendered	-
button	size:sm;variant:outline	-	-	a	-	false	true	0	0	-	-	-	-	-	-	not-rendered	-
button	size:sm;variant:outline	-	-	a	-	false	true	0	0	-	-	-	-	-	-	not-rendered	-
button	size:sm;variant:outline	-	-	a	-	false	true	0	0	-	-	-	-	-	-	not-rendered	-
button	size:sm;variant:outline	-	-	a	-	false	true	0	0	-	-	-	-	-	-	not-rendered	-
button	size:sm;variant:secondary	button	button	button	-	true	true	75.8	32	76	33	true	-	-	-	-	-
button	size:sm;variant:secondary	-	-	button	-	false	true	0	0	-	-	-	-	-	-	not-rendered	-
button	size:sm;variant:secondary	-	-	button	-	false	true	0	0	-	-	-	-	-	-	not-rendered	-
button	size:sm;variant:secondary	-	-	button	-	false	true	0	0	-	-	-	-	-	-	not-rendered	-
button	size:sm;variant:secondary	-	-	a	-	false	true	0	0	-	-	-	-	-	-	not-rendered	-
button	size:sm;variant:secondary	-	-	a	-	false	true	0	0	-	-	-	-	-	-	not-rendered	-
button	size:sm;variant:secondary	-	-	a	-	false	true	0	0	-	-	-	-	-	-	not-rendered	-
button	size:sm;variant:secondary	-	-	a	-	false	true	0	0	-	-	-	-	-	-	not-rendered	-
button	size:sm;variant:ghost	button	button	button	-	true	true	75.8	32	76	33	true	-	-	-	-	-
button	size:sm;variant:ghost	-	-	button	-	false	true	0	0	-	-	-	-	-	-	not-rendered	-
button	size:sm;variant:ghost	-	-	button	-	false	true	0	0	-	-	-	-	-	-	not-rendered	-
button	size:sm;variant:ghost	-	-	button	-	false	true	0	0	-	-	-	-	-	-	not-rendered	-
button	size:sm;variant:ghost	-	-	a	-	false	true	0	0	-	-	-	-	-	-	not-rendered	-
button	size:sm;variant:ghost	-	-	a	-	false	true	0	0	-	-	-	-	-	-	not-rendered	-
button	size:sm;variant:ghost	-	-	a	-	false	true	0	0	-	-	-	-	-	-	not-rendered	-
button	size:sm;variant:ghost	-	-	a	-	false	true	0	0	-	-	-	-	-	-	not-rendered	-
button	size:sm;variant:link	button	button	button	-	true	true	75.8	32	76	33	true	-	-	-	-	-
button	size:sm;variant:link	-	-	button	-	false	true	0	0	-	-	-	-	-	-	not-rendered	-
button	size:sm;variant:link	-	-	button	-	false	true	0	0	-	-	-	-	-	-	not-rendered	-
button	size:sm;variant:link	-	-	button	-	false	true	0	0	-	-	-	-	-	-	not-rendered	-
button	size:sm;variant:link	-	-	a	-	false	true	0	0	-	-	-	-	-	-	not-rendered	-
button	size:sm;variant:link	-	-	a	-	false	true	0	0	-	-	-	-	-	-	not-rendered	-
button	size:sm;variant:link	-	-	a	-	false	true	0	0	-	-	-	-	-	-	not-rendered	-
button	size:sm;variant:link	-	-	a	-	false	true	0	0	-	-	-	-	-	-	not-rendered	-
button	size:lg;variant:default	button	button	button	-	true	true	99.8	40	100	41	true	-	-	-	-	-
button	size:lg;variant:default	-	-	button	-	false	true	0	0	-	-	-	-	-	-	not-rendered	-
button	size:lg;variant:default	-	-	button	-	false	true	0	0	-	-	-	-	-	-	not-rendered	-
button	size:lg;variant:default	-	-	button	-	false	true	0	0	-	-	-	-	-	-	not-rendered	-
button	size:lg;variant:default	-	-	a	-	false	true	0	0	-	-	-	-	-	-	not-rendered	-
button	size:lg;variant:default	-	-	a	-	false	true	0	0	-	-	-	-	-	-	not-rendered	-
button	size:lg;variant:default	-	-	a	-	false	true	0	0	-	-	-	-	-	-	not-rendered	-
button	size:lg;variant:default	-	-	a	-	false	true	0	0	-	-	-	-	-	-	not-rendered	-
button	size:lg;variant:destructive	button	button	button	-	true	true	99.8	40	100	41	true	-	-	-	-	-
button	size:lg;variant:destructive	-	-	button	-	false	true	0	0	-	-	-	-	-	-	not-rendered	-
button	size:lg;variant:destructive	-	-	button	-	false	true	0	0	-	-	-	-	-	-	not-rendered	-
button	size:lg;variant:destructive	-	-	button	-	false	true	0	0	-	-	-	-	-	-	not-rendered	-
button	size:lg;variant:destructive	-	-	a	-	false	true	0	0	-	-	-	-	-	-	not-rendered	-
button	size:lg;variant:destructive	-	-	a	-	false	true	0	0	-	-	-	-	-	-	not-rendered	-
button	size:lg;variant:destructive	-	-	a	-	false	true	0	0	-	-	-	-	-	-	not-rendered	-
button	size:lg;variant:destructive	-	-	a	-	false	true	0	0	-	-	-	-	-	-	not-rendered	-
button	size:lg;variant:outline	button	button	button	-	true	true	101.8	40	102	41	true	-	-	-	-	-
button	size:lg;variant:outline	-	-	button	-	false	true	0	0	-	-	-	-	-	-	not-rendered	-
button	size:lg;variant:outline	-	-	button	-	false	true	0	0	-	-	-	-	-	-	not-rendered	-
button	size:lg;variant:outline	-	-	button	-	false	true	0	0	-	-	-	-	-	-	not-rendered	-
button	size:lg;variant:outline	-	-	a	-	false	true	0	0	-	-	-	-	-	-	not-rendered	-
button	size:lg;variant:outline	-	-	a	-	false	true	0	0	-	-	-	-	-	-	not-rendered	-
button	size:lg;variant:outline	-	-	a	-	false	true	0	0	-	-	-	-	-	-	not-rendered	-
button	size:lg;variant:outline	-	-	a	-	false	true	0	0	-	-	-	-	-	-	not-rendered	-
button	size:lg;variant:secondary	button	button	button	-	true	true	99.8	40	100	41	true	-	-	-	-	-
button	size:lg;variant:secondary	-	-	button	-	false	true	0	0	-	-	-	-	-	-	not-rendered	-
button	size:lg;variant:secondary	-	-	button	-	false	true	0	0	-	-	-	-	-	-	not-rendered	-
button	size:lg;variant:secondary	-	-	button	-	false	true	0	0	-	-	-	-	-	-	not-rendered	-
button	size:lg;variant:secondary	-	-	a	-	false	true	0	0	-	-	-	-	-	-	not-rendered	-
button	size:lg;variant:secondary	-	-	a	-	false	true	0	0	-	-	-	-	-	-	not-rendered	-
button	size:lg;variant:secondary	-	-	a	-	false	true	0	0	-	-	-	-	-	-	not-rendered	-
button	size:lg;variant:secondary	-	-	a	-	false	true	0	0	-	-	-	-	-	-	not-rendered	-
button	size:lg;variant:ghost	button	button	button	-	true	true	99.8	40	100	41	true	-	-	-	-	-
button	size:lg;variant:ghost	-	-	button	-	false	true	0	0	-	-	-	-	-	-	not-rendered	-
button	size:lg;variant:ghost	-	-	button	-	false	true	0	0	-	-	-	-	-	-	not-rendered	-
button	size:lg;variant:ghost	-	-	button	-	false	true	0	0	-	-	-	-	-	-	not-rendered	-
button	size:lg;variant:ghost	-	-	a	-	false	true	0	0	-	-	-	-	-	-	not-rendered	-
button	size:lg;variant:ghost	-	-	a	-	false	true	0	0	-	-	-	-	-	-	not-rendered	-
button	size:lg;variant:ghost	-	-	a	-	false	true	0	0	-	-	-	-	-	-	not-rendered	-
button	size:lg;variant:ghost	-	-	a	-	false	true	0	0	-	-	-	-	-	-	not-rendered	-
button	size:lg;variant:link	button	button	button	-	true	true	99.8	40	100	41	true	-	-	-	-	-
button	size:lg;variant:link	-	-	button	-	false	true	0	0	-	-	-	-	-	-	not-rendered	-
button	size:lg;variant:link	-	-	button	-	false	true	0	0	-	-	-	-	-	-	not-rendered	-
button	size:lg;variant:link	-	-	button	-	false	true	0	0	-	-	-	-	-	-	not-rendered	-
button	size:lg;variant:link	-	-	a	-	false	true	0	0	-	-	-	-	-	-	not-rendered	-
button	size:lg;variant:link	-	-	a	-	false	true	0	0	-	-	-	-	-	-	not-rendered	-
button	size:lg;variant:link	-	-	a	-	false	true	0	0	-	-	-	-	-	-	not-rendered	-
button	size:lg;variant:link	-	-	a	-	false	true	0	0	-	-	-	-	-	-	not-rendered	-
button	size:icon;variant:default	button	button	button	-	true	true	36	36	52	37	true	-	-	-	-	-
button	size:icon;variant:default	-	-	button	-	false	true	0	0	-	-	-	-	-	-	not-rendered	-
button	size:icon;variant:default	-	-	button	-	false	true	0	0	-	-	-	-	-	-	not-rendered	-
button	size:icon;variant:default	-	-	button	-	false	true	0	0	-	-	-	-	-	-	not-rendered	-
button	size:icon;variant:default	-	-	a	-	false	true	0	0	-	-	-	-	-	-	not-rendered	-
button	size:icon;variant:default	-	-	a	-	false	true	0	0	-	-	-	-	-	-	not-rendered	-
button	size:icon;variant:default	-	-	a	-	false	true	0	0	-	-	-	-	-	-	not-rendered	-
button	size:icon;variant:default	-	-	a	-	false	true	0	0	-	-	-	-	-	-	not-rendered	-
button	size:icon;variant:destructive	button	button	button	-	true	true	36	36	52	37	true	-	-	-	-	-
button	size:icon;variant:destructive	-	-	button	-	false	true	0	0	-	-	-	-	-	-	not-rendered	-
button	size:icon;variant:destructive	-	-	button	-	false	true	0	0	-	-	-	-	-	-	not-rendered	-
button	size:icon;variant:destructive	-	-	button	-	false	true	0	0	-	-	-	-	-	-	not-rendered	-
button	size:icon;variant:destructive	-	-	a	-	false	true	0	0	-	-	-	-	-	-	not-rendered	-
button	size:icon;variant:destructive	-	-	a	-	false	true	0	0	-	-	-	-	-	-	not-rendered	-
button	size:icon;variant:destructive	-	-	a	-	false	true	0	0	-	-	-	-	-	-	not-rendered	-
button	size:icon;variant:destructive	-	-	a	-	false	true	0	0	-	-	-	-	-	-	not-rendered	-
button	size:icon;variant:outline	button	button	button	-	true	true	36	36	52	37	true	-	-	-	-	-
button	size:icon;variant:outline	-	-	button	-	false	true	0	0	-	-	-	-	-	-	not-rendered	-
button	size:icon;variant:outline	-	-	button	-	false	true	0	0	-	-	-	-	-	-	not-rendered	-
button	size:icon;variant:outline	-	-	button	-	false	true	0	0	-	-	-	-	-	-	not-rendered	-
button	size:icon;variant:outline	-	-	a	-	false	true	0	0	-	-	-	-	-	-	not-rendered	-
button	size:icon;variant:outline	-	-	a	-	false	true	0	0	-	-	-	-	-	-	not-rendered	-
button	size:icon;variant:outline	-	-	a	-	false	true	0	0	-	-	-	-	-	-	not-rendered	-
button	size:icon;variant:outline	-	-	a	-	false	true	0	0	-	-	-	-	-	-	not-rendered	-
button	size:icon;variant:secondary	button	button	button	-	true	true	36	36	52	37	true	-	-	-	-	-
button	size:icon;variant:secondary	-	-	button	-	false	true	0	0	-	-	-	-	-	-	not-rendered	-
button	size:icon;variant:secondary	-	-	button	-	false	true	0	0	-	-	-	-	-	-	not-rendered	-
button	size:icon;variant:secondary	-	-	button	-	false	true	0	0	-	-	-	-	-	-	not-rendered	-
button	size:icon;variant:secondary	-	-	a	-	false	true	0	0	-	-	-	-	-	-	not-rendered	-
button	size:icon;variant:secondary	-	-	a	-	false	true	0	0	-	-	-	-	-	-	not-rendered	-
button	size:icon;variant:secondary	-	-	a	-	false	true	0	0	-	-	-	-	-	-	not-rendered	-
button	size:icon;variant:secondary	-	-	a	-	false	true	0	0	-	-	-	-	-	-	not-rendered	-
button	size:icon;variant:ghost	button	button	button	-	true	true	36	36	52	37	true	-	-	-	-	-
button	size:icon;variant:ghost	-	-	button	-	false	true	0	0	-	-	-	-	-	-	not-rendered	-
button	size:icon;variant:ghost	-	-	button	-	false	true	0	0	-	-	-	-	-	-	not-rendered	-
button	size:icon;variant:ghost	-	-	button	-	false	true	0	0	-	-	-	-	-	-	not-rendered	-
button	size:icon;variant:ghost	-	-	a	-	false	true	0	0	-	-	-	-	-	-	not-rendered	-
button	size:icon;variant:ghost	-	-	a	-	false	true	0	0	-	-	-	-	-	-	not-rendered	-
button	size:icon;variant:ghost	-	-	a	-	false	true	0	0	-	-	-	-	-	-	not-rendered	-
button	size:icon;variant:ghost	-	-	a	-	false	true	0	0	-	-	-	-	-	-	not-rendered	-
button	size:icon;variant:link	button	button	button	-	true	true	36	36	52	37	true	-	-	-	-	-
button	size:icon;variant:link	-	-	button	-	false	true	0	0	-	-	-	-	-	-	not-rendered	-
button	size:icon;variant:link	-	-	button	-	false	true	0	0	-	-	-	-	-	-	not-rendered	-
button	size:icon;variant:link	-	-	button	-	false	true	0	0	-	-	-	-	-	-	not-rendered	-
button	size:icon;variant:link	-	-	a	-	false	true	0	0	-	-	-	-	-	-	not-rendered	-
button	size:icon;variant:link	-	-	a	-	false	true	0	0	-	-	-	-	-	-	not-rendered	-
button	size:icon;variant:link	-	-	a	-	false	true	0	0	-	-	-	-	-	-	not-rendered	-
button	size:icon;variant:link	-	-	a	-	false	true	0	0	-	-	-	-	-	-	not-rendered	-
button	size:icon-xs;variant:default	button	button	button	-	true	true	24	24	52	25	true	-	-	-	square24-off-center	-
button	size:icon-xs;variant:default	-	-	button	-	false	true	0	0	-	-	-	-	-	-	not-rendered	-
button	size:icon-xs;variant:default	-	-	button	-	false	true	0	0	-	-	-	-	-	-	not-rendered	-
button	size:icon-xs;variant:default	-	-	button	-	false	true	0	0	-	-	-	-	-	-	not-rendered	-
button	size:icon-xs;variant:default	-	-	a	-	false	true	0	0	-	-	-	-	-	-	not-rendered	-
button	size:icon-xs;variant:default	-	-	a	-	false	true	0	0	-	-	-	-	-	-	not-rendered	-
button	size:icon-xs;variant:default	-	-	a	-	false	true	0	0	-	-	-	-	-	-	not-rendered	-
button	size:icon-xs;variant:default	-	-	a	-	false	true	0	0	-	-	-	-	-	-	not-rendered	-
button	size:icon-xs;variant:destructive	button	button	button	-	true	true	24	24	52	25	true	-	-	-	square24-off-center	-
button	size:icon-xs;variant:destructive	-	-	button	-	false	true	0	0	-	-	-	-	-	-	not-rendered	-
button	size:icon-xs;variant:destructive	-	-	button	-	false	true	0	0	-	-	-	-	-	-	not-rendered	-
button	size:icon-xs;variant:destructive	-	-	button	-	false	true	0	0	-	-	-	-	-	-	not-rendered	-
button	size:icon-xs;variant:destructive	-	-	a	-	false	true	0	0	-	-	-	-	-	-	not-rendered	-
button	size:icon-xs;variant:destructive	-	-	a	-	false	true	0	0	-	-	-	-	-	-	not-rendered	-
button	size:icon-xs;variant:destructive	-	-	a	-	false	true	0	0	-	-	-	-	-	-	not-rendered	-
button	size:icon-xs;variant:destructive	-	-	a	-	false	true	0	0	-	-	-	-	-	-	not-rendered	-
button	size:icon-xs;variant:outline	button	button	button	-	true	true	24	24	52	25	true	-	-	-	square24-off-center	-
button	size:icon-xs;variant:outline	-	-	button	-	false	true	0	0	-	-	-	-	-	-	not-rendered	-
button	size:icon-xs;variant:outline	-	-	button	-	false	true	0	0	-	-	-	-	-	-	not-rendered	-
button	size:icon-xs;variant:outline	-	-	button	-	false	true	0	0	-	-	-	-	-	-	not-rendered	-
button	size:icon-xs;variant:outline	-	-	a	-	false	true	0	0	-	-	-	-	-	-	not-rendered	-
button	size:icon-xs;variant:outline	-	-	a	-	false	true	0	0	-	-	-	-	-	-	not-rendered	-
button	size:icon-xs;variant:outline	-	-	a	-	false	true	0	0	-	-	-	-	-	-	not-rendered	-
button	size:icon-xs;variant:outline	-	-	a	-	false	true	0	0	-	-	-	-	-	-	not-rendered	-
button	size:icon-xs;variant:secondary	button	button	button	-	true	true	24	24	52	25	true	-	-	-	square24-off-center	-
button	size:icon-xs;variant:secondary	-	-	button	-	false	true	0	0	-	-	-	-	-	-	not-rendered	-
button	size:icon-xs;variant:secondary	-	-	button	-	false	true	0	0	-	-	-	-	-	-	not-rendered	-
button	size:icon-xs;variant:secondary	-	-	button	-	false	true	0	0	-	-	-	-	-	-	not-rendered	-
button	size:icon-xs;variant:secondary	-	-	a	-	false	true	0	0	-	-	-	-	-	-	not-rendered	-
button	size:icon-xs;variant:secondary	-	-	a	-	false	true	0	0	-	-	-	-	-	-	not-rendered	-
button	size:icon-xs;variant:secondary	-	-	a	-	false	true	0	0	-	-	-	-	-	-	not-rendered	-
button	size:icon-xs;variant:secondary	-	-	a	-	false	true	0	0	-	-	-	-	-	-	not-rendered	-
button	size:icon-xs;variant:ghost	button	button	button	-	true	true	24	24	52	25	true	-	-	-	square24-off-center	-
button	size:icon-xs;variant:ghost	-	-	button	-	false	true	0	0	-	-	-	-	-	-	not-rendered	-
button	size:icon-xs;variant:ghost	-	-	button	-	false	true	0	0	-	-	-	-	-	-	not-rendered	-
button	size:icon-xs;variant:ghost	-	-	button	-	false	true	0	0	-	-	-	-	-	-	not-rendered	-
button	size:icon-xs;variant:ghost	-	-	a	-	false	true	0	0	-	-	-	-	-	-	not-rendered	-
button	size:icon-xs;variant:ghost	-	-	a	-	false	true	0	0	-	-	-	-	-	-	not-rendered	-
button	size:icon-xs;variant:ghost	-	-	a	-	false	true	0	0	-	-	-	-	-	-	not-rendered	-
button	size:icon-xs;variant:ghost	-	-	a	-	false	true	0	0	-	-	-	-	-	-	not-rendered	-
button	size:icon-xs;variant:link	button	button	button	-	true	true	24	24	52	25	true	-	-	-	square24-off-center	-
button	size:icon-xs;variant:link	-	-	button	-	false	true	0	0	-	-	-	-	-	-	not-rendered	-
button	size:icon-xs;variant:link	-	-	button	-	false	true	0	0	-	-	-	-	-	-	not-rendered	-
button	size:icon-xs;variant:link	-	-	button	-	false	true	0	0	-	-	-	-	-	-	not-rendered	-
button	size:icon-xs;variant:link	-	-	a	-	false	true	0	0	-	-	-	-	-	-	not-rendered	-
button	size:icon-xs;variant:link	-	-	a	-	false	true	0	0	-	-	-	-	-	-	not-rendered	-
button	size:icon-xs;variant:link	-	-	a	-	false	true	0	0	-	-	-	-	-	-	not-rendered	-
button	size:icon-xs;variant:link	-	-	a	-	false	true	0	0	-	-	-	-	-	-	not-rendered	-
button	size:icon-sm;variant:default	button	button	button	-	true	true	32	32	52	33	true	-	-	-	-	-
button	size:icon-sm;variant:default	-	-	button	-	false	true	0	0	-	-	-	-	-	-	not-rendered	-
button	size:icon-sm;variant:default	-	-	button	-	false	true	0	0	-	-	-	-	-	-	not-rendered	-
button	size:icon-sm;variant:default	-	-	button	-	false	true	0	0	-	-	-	-	-	-	not-rendered	-
button	size:icon-sm;variant:default	-	-	a	-	false	true	0	0	-	-	-	-	-	-	not-rendered	-
button	size:icon-sm;variant:default	-	-	a	-	false	true	0	0	-	-	-	-	-	-	not-rendered	-
button	size:icon-sm;variant:default	-	-	a	-	false	true	0	0	-	-	-	-	-	-	not-rendered	-
button	size:icon-sm;variant:default	-	-	a	-	false	true	0	0	-	-	-	-	-	-	not-rendered	-
button	size:icon-sm;variant:destructive	button	button	button	-	true	true	32	32	52	33	true	-	-	-	-	-
button	size:icon-sm;variant:destructive	-	-	button	-	false	true	0	0	-	-	-	-	-	-	not-rendered	-
button	size:icon-sm;variant:destructive	-	-	button	-	false	true	0	0	-	-	-	-	-	-	not-rendered	-
button	size:icon-sm;variant:destructive	-	-	button	-	false	true	0	0	-	-	-	-	-	-	not-rendered	-
button	size:icon-sm;variant:destructive	-	-	a	-	false	true	0	0	-	-	-	-	-	-	not-rendered	-
button	size:icon-sm;variant:destructive	-	-	a	-	false	true	0	0	-	-	-	-	-	-	not-rendered	-
button	size:icon-sm;variant:destructive	-	-	a	-	false	true	0	0	-	-	-	-	-	-	not-rendered	-
button	size:icon-sm;variant:destructive	-	-	a	-	false	true	0	0	-	-	-	-	-	-	not-rendered	-
button	size:icon-sm;variant:outline	button	button	button	-	true	true	32	32	52	33	true	-	-	-	-	-
button	size:icon-sm;variant:outline	-	-	button	-	false	true	0	0	-	-	-	-	-	-	not-rendered	-
button	size:icon-sm;variant:outline	-	-	button	-	false	true	0	0	-	-	-	-	-	-	not-rendered	-
button	size:icon-sm;variant:outline	-	-	button	-	false	true	0	0	-	-	-	-	-	-	not-rendered	-
button	size:icon-sm;variant:outline	-	-	a	-	false	true	0	0	-	-	-	-	-	-	not-rendered	-
button	size:icon-sm;variant:outline	-	-	a	-	false	true	0	0	-	-	-	-	-	-	not-rendered	-
button	size:icon-sm;variant:outline	-	-	a	-	false	true	0	0	-	-	-	-	-	-	not-rendered	-
button	size:icon-sm;variant:outline	-	-	a	-	false	true	0	0	-	-	-	-	-	-	not-rendered	-
button	size:icon-sm;variant:secondary	button	button	button	-	true	true	32	32	52	33	true	-	-	-	-	-
button	size:icon-sm;variant:secondary	-	-	button	-	false	true	0	0	-	-	-	-	-	-	not-rendered	-
button	size:icon-sm;variant:secondary	-	-	button	-	false	true	0	0	-	-	-	-	-	-	not-rendered	-
button	size:icon-sm;variant:secondary	-	-	button	-	false	true	0	0	-	-	-	-	-	-	not-rendered	-
button	size:icon-sm;variant:secondary	-	-	a	-	false	true	0	0	-	-	-	-	-	-	not-rendered	-
button	size:icon-sm;variant:secondary	-	-	a	-	false	true	0	0	-	-	-	-	-	-	not-rendered	-
button	size:icon-sm;variant:secondary	-	-	a	-	false	true	0	0	-	-	-	-	-	-	not-rendered	-
button	size:icon-sm;variant:secondary	-	-	a	-	false	true	0	0	-	-	-	-	-	-	not-rendered	-
button	size:icon-sm;variant:ghost	button	button	button	-	true	true	32	32	52	33	true	-	-	-	-	-
button	size:icon-sm;variant:ghost	-	-	button	-	false	true	0	0	-	-	-	-	-	-	not-rendered	-
button	size:icon-sm;variant:ghost	-	-	button	-	false	true	0	0	-	-	-	-	-	-	not-rendered	-
button	size:icon-sm;variant:ghost	-	-	button	-	false	true	0	0	-	-	-	-	-	-	not-rendered	-
button	size:icon-sm;variant:ghost	-	-	a	-	false	true	0	0	-	-	-	-	-	-	not-rendered	-
button	size:icon-sm;variant:ghost	-	-	a	-	false	true	0	0	-	-	-	-	-	-	not-rendered	-
button	size:icon-sm;variant:ghost	-	-	a	-	false	true	0	0	-	-	-	-	-	-	not-rendered	-
button	size:icon-sm;variant:ghost	-	-	a	-	false	true	0	0	-	-	-	-	-	-	not-rendered	-
button	size:icon-sm;variant:link	button	button	button	-	true	true	32	32	52	33	true	-	-	-	-	-
button	size:icon-sm;variant:link	-	-	button	-	false	true	0	0	-	-	-	-	-	-	not-rendered	-
button	size:icon-sm;variant:link	-	-	button	-	false	true	0	0	-	-	-	-	-	-	not-rendered	-
button	size:icon-sm;variant:link	-	-	button	-	false	true	0	0	-	-	-	-	-	-	not-rendered	-
button	size:icon-sm;variant:link	-	-	a	-	false	true	0	0	-	-	-	-	-	-	not-rendered	-
button	size:icon-sm;variant:link	-	-	a	-	false	true	0	0	-	-	-	-	-	-	not-rendered	-
button	size:icon-sm;variant:link	-	-	a	-	false	true	0	0	-	-	-	-	-	-	not-rendered	-
button	size:icon-sm;variant:link	-	-	a	-	false	true	0	0	-	-	-	-	-	-	not-rendered	-
button	size:icon-lg;variant:default	button	button	button	-	true	true	40	40	52	41	true	-	-	-	-	-
button	size:icon-lg;variant:default	-	-	button	-	false	true	0	0	-	-	-	-	-	-	not-rendered	-
button	size:icon-lg;variant:default	-	-	button	-	false	true	0	0	-	-	-	-	-	-	not-rendered	-
button	size:icon-lg;variant:default	-	-	button	-	false	true	0	0	-	-	-	-	-	-	not-rendered	-
button	size:icon-lg;variant:default	-	-	a	-	false	true	0	0	-	-	-	-	-	-	not-rendered	-
button	size:icon-lg;variant:default	-	-	a	-	false	true	0	0	-	-	-	-	-	-	not-rendered	-
button	size:icon-lg;variant:default	-	-	a	-	false	true	0	0	-	-	-	-	-	-	not-rendered	-
button	size:icon-lg;variant:default	-	-	a	-	false	true	0	0	-	-	-	-	-	-	not-rendered	-
button	size:icon-lg;variant:destructive	button	button	button	-	true	true	40	40	52	41	true	-	-	-	-	-
button	size:icon-lg;variant:destructive	-	-	button	-	false	true	0	0	-	-	-	-	-	-	not-rendered	-
button	size:icon-lg;variant:destructive	-	-	button	-	false	true	0	0	-	-	-	-	-	-	not-rendered	-
button	size:icon-lg;variant:destructive	-	-	button	-	false	true	0	0	-	-	-	-	-	-	not-rendered	-
button	size:icon-lg;variant:destructive	-	-	a	-	false	true	0	0	-	-	-	-	-	-	not-rendered	-
button	size:icon-lg;variant:destructive	-	-	a	-	false	true	0	0	-	-	-	-	-	-	not-rendered	-
button	size:icon-lg;variant:destructive	-	-	a	-	false	true	0	0	-	-	-	-	-	-	not-rendered	-
button	size:icon-lg;variant:destructive	-	-	a	-	false	true	0	0	-	-	-	-	-	-	not-rendered	-
button	size:icon-lg;variant:outline	button	button	button	-	true	true	40	40	52	41	true	-	-	-	-	-
button	size:icon-lg;variant:outline	-	-	button	-	false	true	0	0	-	-	-	-	-	-	not-rendered	-
button	size:icon-lg;variant:outline	-	-	button	-	false	true	0	0	-	-	-	-	-	-	not-rendered	-
button	size:icon-lg;variant:outline	-	-	button	-	false	true	0	0	-	-	-	-	-	-	not-rendered	-
button	size:icon-lg;variant:outline	-	-	a	-	false	true	0	0	-	-	-	-	-	-	not-rendered	-
button	size:icon-lg;variant:outline	-	-	a	-	false	true	0	0	-	-	-	-	-	-	not-rendered	-
button	size:icon-lg;variant:outline	-	-	a	-	false	true	0	0	-	-	-	-	-	-	not-rendered	-
button	size:icon-lg;variant:outline	-	-	a	-	false	true	0	0	-	-	-	-	-	-	not-rendered	-
button	size:icon-lg;variant:secondary	button	button	button	-	true	true	40	40	52	41	true	-	-	-	-	-
button	size:icon-lg;variant:secondary	-	-	button	-	false	true	0	0	-	-	-	-	-	-	not-rendered	-
button	size:icon-lg;variant:secondary	-	-	button	-	false	true	0	0	-	-	-	-	-	-	not-rendered	-
button	size:icon-lg;variant:secondary	-	-	button	-	false	true	0	0	-	-	-	-	-	-	not-rendered	-
button	size:icon-lg;variant:secondary	-	-	a	-	false	true	0	0	-	-	-	-	-	-	not-rendered	-
button	size:icon-lg;variant:secondary	-	-	a	-	false	true	0	0	-	-	-	-	-	-	not-rendered	-
button	size:icon-lg;variant:secondary	-	-	a	-	false	true	0	0	-	-	-	-	-	-	not-rendered	-
button	size:icon-lg;variant:secondary	-	-	a	-	false	true	0	0	-	-	-	-	-	-	not-rendered	-
button	size:icon-lg;variant:ghost	button	button	button	-	true	true	40	40	52	41	true	-	-	-	-	-
button	size:icon-lg;variant:ghost	-	-	button	-	false	true	0	0	-	-	-	-	-	-	not-rendered	-
button	size:icon-lg;variant:ghost	-	-	button	-	false	true	0	0	-	-	-	-	-	-	not-rendered	-
button	size:icon-lg;variant:ghost	-	-	button	-	false	true	0	0	-	-	-	-	-	-	not-rendered	-
button	size:icon-lg;variant:ghost	-	-	a	-	false	true	0	0	-	-	-	-	-	-	not-rendered	-
button	size:icon-lg;variant:ghost	-	-	a	-	false	true	0	0	-	-	-	-	-	-	not-rendered	-
button	size:icon-lg;variant:ghost	-	-	a	-	false	true	0	0	-	-	-	-	-	-	not-rendered	-
button	size:icon-lg;variant:ghost	-	-	a	-	false	true	0	0	-	-	-	-	-	-	not-rendered	-
button	size:icon-lg;variant:link	button	button	button	-	true	true	40	40	52	41	true	-	-	-	-	-
button	size:icon-lg;variant:link	-	-	button	-	false	true	0	0	-	-	-	-	-	-	not-rendered	-
button	size:icon-lg;variant:link	-	-	button	-	false	true	0	0	-	-	-	-	-	-	not-rendered	-
button	size:icon-lg;variant:link	-	-	button	-	false	true	0	0	-	-	-	-	-	-	not-rendered	-
button	size:icon-lg;variant:link	-	-	a	-	false	true	0	0	-	-	-	-	-	-	not-rendered	-
button	size:icon-lg;variant:link	-	-	a	-	false	true	0	0	-	-	-	-	-	-	not-rendered	-
button	size:icon-lg;variant:link	-	-	a	-	false	true	0	0	-	-	-	-	-	-	not-rendered	-
button	size:icon-lg;variant:link	-	-	a	-	false	true	0	0	-	-	-	-	-	-	not-rendered	-
button-group	orientation:horizontal;disabled:enabled	button	button	button	-	true	true	61.8	36	61	37	true	-	-	-	-	button-group
button-group	orientation:horizontal;disabled:enabled	button	button	button	-	true	true	59	36	59	37	true	-	-	-	-	button-group
button-group	orientation:horizontal;disabled:enabled	-	-	button	-	false	true	0	0	-	-	-	-	-	-	not-rendered	-
button-group	orientation:horizontal;disabled:enabled	-	-	button	-	false	true	0	0	-	-	-	-	-	-	not-rendered	-
button-group	orientation:horizontal;disabled:enabled	-	-	button	-	false	true	0	0	-	-	-	-	-	-	not-rendered	-
button-group	orientation:horizontal;disabled:enabled	-	-	a	-	false	true	0	0	-	-	-	-	-	-	not-rendered	-
button-group	orientation:horizontal;disabled:enabled	-	-	a	-	false	true	0	0	-	-	-	-	-	-	not-rendered	-
button-group	orientation:horizontal;disabled:enabled	-	-	a	-	false	true	0	0	-	-	-	-	-	-	not-rendered	-
button-group	orientation:horizontal;disabled:enabled	-	-	a	-	false	true	0	0	-	-	-	-	-	-	not-rendered	-
button-group	orientation:horizontal;disabled:disabled	button	button	button	-	true	true	61.8	36	62	37	true	-	-	-	-	button-group
button-group	orientation:horizontal;disabled:disabled	button	button	button	-	true	true	59	36	0	0	false	-	-	-	pointer-events:none,no-hit-point	button-group
button-group	orientation:horizontal;disabled:disabled	-	-	button	-	false	true	0	0	-	-	-	-	-	-	not-rendered	-
button-group	orientation:horizontal;disabled:disabled	-	-	button	-	false	true	0	0	-	-	-	-	-	-	not-rendered	-
button-group	orientation:horizontal;disabled:disabled	-	-	button	-	false	true	0	0	-	-	-	-	-	-	not-rendered	-
button-group	orientation:horizontal;disabled:disabled	-	-	a	-	false	true	0	0	-	-	-	-	-	-	not-rendered	-
button-group	orientation:horizontal;disabled:disabled	-	-	a	-	false	true	0	0	-	-	-	-	-	-	not-rendered	-
button-group	orientation:horizontal;disabled:disabled	-	-	a	-	false	true	0	0	-	-	-	-	-	-	not-rendered	-
button-group	orientation:horizontal;disabled:disabled	-	-	a	-	false	true	0	0	-	-	-	-	-	-	not-rendered	-
button-group	orientation:vertical;disabled:enabled	button	button	button	-	true	true	61.8	36	62	36	true	-	-	-	-	button-group
button-group	orientation:vertical;disabled:enabled	button	button	button	-	true	true	61.8	36	62	36	true	-	-	-	-	button-group
button-group	orientation:vertical;disabled:enabled	-	-	button	-	false	true	0	0	-	-	-	-	-	-	not-rendered	-
button-group	orientation:vertical;disabled:enabled	-	-	button	-	false	true	0	0	-	-	-	-	-	-	not-rendered	-
button-group	orientation:vertical;disabled:enabled	-	-	button	-	false	true	0	0	-	-	-	-	-	-	not-rendered	-
button-group	orientation:vertical;disabled:enabled	-	-	a	-	false	true	0	0	-	-	-	-	-	-	not-rendered	-
button-group	orientation:vertical;disabled:enabled	-	-	a	-	false	true	0	0	-	-	-	-	-	-	not-rendered	-
button-group	orientation:vertical;disabled:enabled	-	-	a	-	false	true	0	0	-	-	-	-	-	-	not-rendered	-
button-group	orientation:vertical;disabled:enabled	-	-	a	-	false	true	0	0	-	-	-	-	-	-	not-rendered	-
button-group	orientation:vertical;disabled:disabled	button	button	button	-	true	true	61.8	36	62	37	true	-	-	-	-	button-group
button-group	orientation:vertical;disabled:disabled	button	button	button	-	true	true	61.8	36	0	0	false	-	-	-	pointer-events:none,no-hit-point	button-group
button-group	orientation:vertical;disabled:disabled	-	-	button	-	false	true	0	0	-	-	-	-	-	-	not-rendered	-
button-group	orientation:vertical;disabled:disabled	-	-	button	-	false	true	0	0	-	-	-	-	-	-	not-rendered	-
button-group	orientation:vertical;disabled:disabled	-	-	button	-	false	true	0	0	-	-	-	-	-	-	not-rendered	-
button-group	orientation:vertical;disabled:disabled	-	-	a	-	false	true	0	0	-	-	-	-	-	-	not-rendered	-
button-group	orientation:vertical;disabled:disabled	-	-	a	-	false	true	0	0	-	-	-	-	-	-	not-rendered	-
button-group	orientation:vertical;disabled:disabled	-	-	a	-	false	true	0	0	-	-	-	-	-	-	not-rendered	-
button-group	orientation:vertical;disabled:disabled	-	-	a	-	false	true	0	0	-	-	-	-	-	-	not-rendered	-
calendar	selection:single	calendar	calendar-nav	button	-	true	true	32	32	32	33	true	-	-	-	-	calendar-header,calendar
calendar	selection:single	calendar	calendar-nav	button	-	true	true	32	32	32	33	true	-	-	-	-	calendar-header,calendar
calendar	selection:single	calendar	calendar-cell	td	gridcell	true	false	36	36	36	36	true	-	-	-	-	calendar-grid,calendar
calendar	selection:single	calendar	calendar-day	button	-	true	true	36	36	36	36	true	-	-	-	-	calendar-cell,calendar-grid,calendar
calendar	selection:single	calendar	calendar-cell	td	gridcell	true	false	36	36	36	36	true	-	-	-	-	calendar-grid,calendar
calendar	selection:single	calendar	calendar-day	button	-	true	true	36	36	36	36	true	-	-	-	-	calendar-cell,calendar-grid,calendar
calendar	selection:single	calendar	calendar-cell	td	gridcell	true	false	36	36	36	36	true	-	-	-	-	calendar-grid,calendar
calendar	selection:single	calendar	calendar-day	button	-	true	true	36	36	36	36	true	-	-	-	-	calendar-cell,calendar-grid,calendar
calendar	selection:single	calendar	calendar-cell	td	gridcell	true	false	36	36	36	36	true	-	-	-	-	calendar-grid,calendar
calendar	selection:single	calendar	calendar-day	button	-	true	true	36	36	36	36	true	-	-	-	-	calendar-cell,calendar-grid,calendar
calendar	selection:single	calendar	calendar-cell	td	gridcell	true	false	36	36	36	36	true	-	-	-	-	calendar-grid,calendar
calendar	selection:single	calendar	calendar-day	button	-	true	true	36	36	36	36	true	-	-	-	-	calendar-cell,calendar-grid,calendar
calendar	selection:single	calendar	calendar-cell	td	gridcell	true	false	36	36	36	36	true	-	-	-	-	calendar-grid,calendar
calendar	selection:single	calendar	calendar-day	button	-	true	true	36	36	36	36	true	-	-	-	-	calendar-cell,calendar-grid,calendar
calendar	selection:single	calendar	calendar-cell	td	gridcell	true	false	36	36	36	36	true	-	-	-	-	calendar-grid,calendar
calendar	selection:single	calendar	calendar-day	button	-	true	true	36	36	36	36	true	-	-	-	-	calendar-cell,calendar-grid,calendar
calendar	selection:single	calendar	calendar-cell	td	gridcell	true	false	36	36	36	36	true	-	-	-	-	calendar-grid,calendar
calendar	selection:single	calendar	calendar-day	button	-	true	true	36	36	36	36	true	-	-	-	-	calendar-cell,calendar-grid,calendar
calendar	selection:single	calendar	calendar-cell	td	gridcell	true	false	36	36	36	36	true	-	-	-	-	calendar-grid,calendar
calendar	selection:single	calendar	calendar-day	button	-	true	true	36	36	36	36	true	-	-	-	-	calendar-cell,calendar-grid,calendar
calendar	selection:single	calendar	calendar-cell	td	gridcell	true	false	36	36	36	36	true	-	-	-	-	calendar-grid,calendar
calendar	selection:single	calendar	calendar-day	button	-	true	true	36	36	36	36	true	-	-	-	-	calendar-cell,calendar-grid,calendar
calendar	selection:single	calendar	calendar-cell	td	gridcell	true	false	36	36	36	36	true	-	-	-	-	calendar-grid,calendar
calendar	selection:single	calendar	calendar-day	button	-	true	true	36	36	36	36	true	-	-	-	-	calendar-cell,calendar-grid,calendar
calendar	selection:single	calendar	calendar-cell	td	gridcell	true	false	36	36	36	36	true	-	-	-	-	calendar-grid,calendar
calendar	selection:single	calendar	calendar-day	button	-	true	true	36	36	36	36	true	-	-	-	-	calendar-cell,calendar-grid,calendar
calendar	selection:single	calendar	calendar-cell	td	gridcell	true	false	36	36	36	36	true	-	-	-	-	calendar-grid,calendar
calendar	selection:single	calendar	calendar-day	button	-	true	true	36	36	36	36	true	-	-	-	-	calendar-cell,calendar-grid,calendar
calendar	selection:single	calendar	calendar-cell	td	gridcell	true	false	36	36	36	36	true	-	-	-	-	calendar-grid,calendar
calendar	selection:single	calendar	calendar-day	button	-	true	true	36	36	36	36	true	-	-	-	-	calendar-cell,calendar-grid,calendar
calendar	selection:single	calendar	calendar-cell	td	gridcell	true	false	36	36	36	36	true	-	-	-	-	calendar-grid,calendar
calendar	selection:single	calendar	calendar-day	button	-	true	true	36	36	36	36	true	-	-	-	-	calendar-cell,calendar-grid,calendar
calendar	selection:single	calendar	calendar-cell	td	gridcell	true	false	36	36	36	36	true	-	-	-	-	calendar-grid,calendar
calendar	selection:single	calendar	calendar-day	button	-	true	true	36	36	36	36	true	-	-	-	-	calendar-cell,calendar-grid,calendar
calendar	selection:single	calendar	calendar-cell	td	gridcell	true	false	36	36	36	36	true	-	-	-	-	calendar-grid,calendar
calendar	selection:single	calendar	calendar-day	button	-	true	true	36	36	36	36	true	-	-	-	-	calendar-cell,calendar-grid,calendar
calendar	selection:single	calendar	calendar-cell	td	gridcell	true	false	36	36	36	36	true	-	-	-	-	calendar-grid,calendar
calendar	selection:single	calendar	calendar-day	button	-	true	true	36	36	36	36	true	-	-	-	-	calendar-cell,calendar-grid,calendar
calendar	selection:single	calendar	calendar-cell	td	gridcell	true	false	36	36	36	36	true	-	-	-	-	calendar-grid,calendar
calendar	selection:single	calendar	calendar-day	button	-	true	true	36	36	36	36	true	-	-	-	-	calendar-cell,calendar-grid,calendar
calendar	selection:single	calendar	calendar-cell	td	gridcell	true	false	36	36	36	36	true	-	-	-	-	calendar-grid,calendar
calendar	selection:single	calendar	calendar-day	button	-	true	true	36	36	36	36	true	-	-	-	-	calendar-cell,calendar-grid,calendar
calendar	selection:single	calendar	calendar-cell	td	gridcell	true	false	36	36	36	36	true	-	-	-	-	calendar-grid,calendar
calendar	selection:single	calendar	calendar-day	button	-	true	true	36	36	36	36	true	-	-	-	-	calendar-cell,calendar-grid,calendar
calendar	selection:single	calendar	calendar-cell	td	gridcell	true	false	36	36	36	36	true	-	-	-	-	calendar-grid,calendar
calendar	selection:single	calendar	calendar-day	button	-	true	true	36	36	36	36	true	-	-	-	-	calendar-cell,calendar-grid,calendar
calendar	selection:single	calendar	calendar-cell	td	gridcell	true	false	36	36	36	36	true	-	-	-	-	calendar-grid,calendar
calendar	selection:single	calendar	calendar-day	button	-	true	true	36	36	36	36	true	-	-	-	-	calendar-cell,calendar-grid,calendar
calendar	selection:single	calendar	calendar-cell	td	gridcell	true	false	36	36	36	36	true	-	-	-	-	calendar-grid,calendar
calendar	selection:single	calendar	calendar-day	button	-	true	true	36	36	36	36	true	-	-	-	-	calendar-cell,calendar-grid,calendar
calendar	selection:single	calendar	calendar-cell	td	gridcell	true	false	36	36	36	36	true	-	-	-	-	calendar-grid,calendar
calendar	selection:single	calendar	calendar-day	button	-	true	true	36	36	36	36	true	-	-	-	-	calendar-cell,calendar-grid,calendar
calendar	selection:single	calendar	calendar-cell	td	gridcell	true	false	36	36	36	36	true	-	-	-	-	calendar-grid,calendar
calendar	selection:single	calendar	calendar-day	button	-	true	true	36	36	36	36	true	-	-	-	-	calendar-cell,calendar-grid,calendar
calendar	selection:single	calendar	calendar-cell	td	gridcell	true	false	36	36	36	36	true	-	-	-	-	calendar-grid,calendar
calendar	selection:single	calendar	calendar-day	button	-	true	true	36	36	36	36	true	-	-	-	-	calendar-cell,calendar-grid,calendar
calendar	selection:single	calendar	calendar-cell	td	gridcell	true	false	36	36	36	36	true	-	-	-	-	calendar-grid,calendar
calendar	selection:single	calendar	calendar-day	button	-	true	true	36	36	36	36	true	-	-	-	-	calendar-cell,calendar-grid,calendar
calendar	selection:single	calendar	calendar-cell	td	gridcell	true	false	36	36	36	36	true	-	-	-	-	calendar-grid,calendar
calendar	selection:single	calendar	calendar-day	button	-	true	true	36	36	36	36	true	-	-	-	-	calendar-cell,calendar-grid,calendar
calendar	selection:single	calendar	calendar-cell	td	gridcell	true	false	36	36	36	36	true	-	-	-	-	calendar-grid,calendar
calendar	selection:single	calendar	calendar-day	button	-	true	true	36	36	36	36	true	-	-	-	-	calendar-cell,calendar-grid,calendar
calendar	selection:single	calendar	calendar-cell	td	gridcell	true	false	36	36	36	36	true	-	-	-	-	calendar-grid,calendar
calendar	selection:single	calendar	calendar-day	button	-	true	true	36	36	36	36	true	-	-	-	-	calendar-cell,calendar-grid,calendar
calendar	selection:single	calendar	calendar-cell	td	gridcell	true	false	36	36	36	36	true	-	-	-	-	calendar-grid,calendar
calendar	selection:single	calendar	calendar-day	button	-	true	true	36	36	36	36	true	-	-	-	-	calendar-cell,calendar-grid,calendar
calendar	selection:single	calendar	calendar-cell	td	gridcell	true	false	36	36	36	36	true	-	-	-	-	calendar-grid,calendar
calendar	selection:single	calendar	calendar-day	button	-	true	true	36	36	0	0	false	-	-	-	pointer-events:none,no-hit-point	calendar-cell,calendar-grid,calendar
calendar	selection:single	calendar	calendar-cell	td	gridcell	true	false	36	36	36	36	true	-	-	-	-	calendar-grid,calendar
calendar	selection:single	calendar	calendar-day	button	-	true	true	36	36	0	0	false	-	-	-	pointer-events:none,no-hit-point	calendar-cell,calendar-grid,calendar
calendar	selection:single	calendar	calendar-cell	td	gridcell	true	false	36	36	36	36	true	-	-	-	-	calendar-grid,calendar
calendar	selection:single	calendar	calendar-day	button	-	true	true	36	36	0	0	false	-	-	-	pointer-events:none,no-hit-point	calendar-cell,calendar-grid,calendar
calendar	selection:single	calendar	calendar-cell	td	gridcell	true	false	36	36	36	37	true	-	-	-	-	calendar-grid,calendar
calendar	selection:single	calendar	calendar-day	button	-	true	true	36	36	0	0	false	-	-	-	pointer-events:none,no-hit-point	calendar-cell,calendar-grid,calendar
calendar	selection:single	calendar	calendar-cell	td	gridcell	true	false	36	36	36	37	true	-	-	-	-	calendar-grid,calendar
calendar	selection:single	calendar	calendar-day	button	-	true	true	36	36	0	0	false	-	-	-	pointer-events:none,no-hit-point	calendar-cell,calendar-grid,calendar
calendar	selection:single	calendar	calendar-cell	td	gridcell	true	false	36	36	36	37	true	-	-	-	-	calendar-grid,calendar
calendar	selection:single	calendar	calendar-day	button	-	true	true	36	36	0	0	false	-	-	-	pointer-events:none,no-hit-point	calendar-cell,calendar-grid,calendar
calendar	selection:single	calendar	calendar-cell	td	gridcell	true	false	36	36	36	37	true	-	-	-	-	calendar-grid,calendar
calendar	selection:single	calendar	calendar-day	button	-	true	true	36	36	0	0	false	-	-	-	pointer-events:none,no-hit-point	calendar-cell,calendar-grid,calendar
calendar	selection:single	calendar	calendar-cell	td	gridcell	true	false	36	36	36	37	true	-	-	-	-	calendar-grid,calendar
calendar	selection:single	calendar	calendar-day	button	-	true	true	36	36	0	0	false	-	-	-	pointer-events:none,no-hit-point	calendar-cell,calendar-grid,calendar
calendar	selection:single	calendar	calendar-cell	td	gridcell	true	false	36	36	36	37	true	-	-	-	-	calendar-grid,calendar
calendar	selection:single	calendar	calendar-day	button	-	true	true	36	36	0	0	false	-	-	-	pointer-events:none,no-hit-point	calendar-cell,calendar-grid,calendar
calendar	selection:single	calendar	calendar-cell	td	gridcell	true	false	36	36	36	37	true	-	-	-	-	calendar-grid,calendar
calendar	selection:single	calendar	calendar-day	button	-	true	true	36	36	0	0	false	-	-	-	pointer-events:none,no-hit-point	calendar-cell,calendar-grid,calendar
calendar	selection:single	-	-	button	-	false	true	0	0	-	-	-	-	-	-	not-rendered	-
calendar	selection:single	-	-	button	-	false	true	0	0	-	-	-	-	-	-	not-rendered	-
calendar	selection:single	-	-	button	-	false	true	0	0	-	-	-	-	-	-	not-rendered	-
calendar	selection:single	-	-	a	-	false	true	0	0	-	-	-	-	-	-	not-rendered	-
calendar	selection:single	-	-	a	-	false	true	0	0	-	-	-	-	-	-	not-rendered	-
calendar	selection:single	-	-	a	-	false	true	0	0	-	-	-	-	-	-	not-rendered	-
calendar	selection:single	-	-	a	-	false	true	0	0	-	-	-	-	-	-	not-rendered	-
calendar	selection:range	calendar	calendar-nav	button	-	true	true	32	32	32	33	true	-	-	-	-	calendar-header,calendar
calendar	selection:range	calendar	calendar-nav	button	-	true	true	32	32	32	33	true	-	-	-	-	calendar-header,calendar
calendar	selection:range	calendar	calendar-cell	td	gridcell	true	false	36	36	36	36	true	-	-	-	-	calendar-grid,calendar
calendar	selection:range	calendar	calendar-day	button	-	true	true	36	36	36	36	true	-	-	-	-	calendar-cell,calendar-grid,calendar
calendar	selection:range	calendar	calendar-cell	td	gridcell	true	false	36	36	36	36	true	-	-	-	-	calendar-grid,calendar
calendar	selection:range	calendar	calendar-day	button	-	true	true	36	36	36	36	true	-	-	-	-	calendar-cell,calendar-grid,calendar
calendar	selection:range	calendar	calendar-cell	td	gridcell	true	false	36	36	36	36	true	-	-	-	-	calendar-grid,calendar
calendar	selection:range	calendar	calendar-day	button	-	true	true	36	36	36	36	true	-	-	-	-	calendar-cell,calendar-grid,calendar
calendar	selection:range	calendar	calendar-cell	td	gridcell	true	false	36	36	36	36	true	-	-	-	-	calendar-grid,calendar
calendar	selection:range	calendar	calendar-day	button	-	true	true	36	36	36	36	true	-	-	-	-	calendar-cell,calendar-grid,calendar
calendar	selection:range	calendar	calendar-cell	td	gridcell	true	false	36	36	36	36	true	-	-	-	-	calendar-grid,calendar
calendar	selection:range	calendar	calendar-day	button	-	true	true	36	36	36	36	true	-	-	-	-	calendar-cell,calendar-grid,calendar
calendar	selection:range	calendar	calendar-cell	td	gridcell	true	false	36	36	36	36	true	-	-	-	-	calendar-grid,calendar
calendar	selection:range	calendar	calendar-day	button	-	true	true	36	36	36	36	true	-	-	-	-	calendar-cell,calendar-grid,calendar
calendar	selection:range	calendar	calendar-cell	td	gridcell	true	false	36	36	36	36	true	-	-	-	-	calendar-grid,calendar
calendar	selection:range	calendar	calendar-day	button	-	true	true	36	36	36	36	true	-	-	-	-	calendar-cell,calendar-grid,calendar
calendar	selection:range	calendar	calendar-cell	td	gridcell	true	false	36	36	36	36	true	-	-	-	-	calendar-grid,calendar
calendar	selection:range	calendar	calendar-day	button	-	true	true	36	36	36	36	true	-	-	-	-	calendar-cell,calendar-grid,calendar
calendar	selection:range	calendar	calendar-cell	td	gridcell	true	false	36	36	36	36	true	-	-	-	-	calendar-grid,calendar
calendar	selection:range	calendar	calendar-day	button	-	true	true	36	36	36	36	true	-	-	-	-	calendar-cell,calendar-grid,calendar
calendar	selection:range	calendar	calendar-cell	td	gridcell	true	false	36	36	36	36	true	-	-	-	-	calendar-grid,calendar
calendar	selection:range	calendar	calendar-day	button	-	true	true	36	36	36	36	true	-	-	-	-	calendar-cell,calendar-grid,calendar
calendar	selection:range	calendar	calendar-cell	td	gridcell	true	false	36	36	36	36	true	-	-	-	-	calendar-grid,calendar
calendar	selection:range	calendar	calendar-day	button	-	true	true	36	36	36	36	true	-	-	-	-	calendar-cell,calendar-grid,calendar
calendar	selection:range	calendar	calendar-cell	td	gridcell	true	false	36	36	36	36	true	-	-	-	-	calendar-grid,calendar
calendar	selection:range	calendar	calendar-day	button	-	true	true	36	36	36	36	true	-	-	-	-	calendar-cell,calendar-grid,calendar
calendar	selection:range	calendar	calendar-cell	td	gridcell	true	false	36	36	36	36	true	-	-	-	-	calendar-grid,calendar
calendar	selection:range	calendar	calendar-day	button	-	true	true	36	36	36	36	true	-	-	-	-	calendar-cell,calendar-grid,calendar
calendar	selection:range	calendar	calendar-cell	td	gridcell	true	false	36	36	36	36	true	-	-	-	-	calendar-grid,calendar
calendar	selection:range	calendar	calendar-day	button	-	true	true	36	36	36	36	true	-	-	-	-	calendar-cell,calendar-grid,calendar
calendar	selection:range	calendar	calendar-cell	td	gridcell	true	false	36	36	36	36	true	-	-	-	-	calendar-grid,calendar
calendar	selection:range	calendar	calendar-day	button	-	true	true	36	36	36	36	true	-	-	-	-	calendar-cell,calendar-grid,calendar
calendar	selection:range	calendar	calendar-cell	td	gridcell	true	false	36	36	36	36	true	-	-	-	-	calendar-grid,calendar
calendar	selection:range	calendar	calendar-day	button	-	true	true	36	36	36	36	true	-	-	-	-	calendar-cell,calendar-grid,calendar
calendar	selection:range	calendar	calendar-cell	td	gridcell	true	false	36	36	36	36	true	-	-	-	-	calendar-grid,calendar
calendar	selection:range	calendar	calendar-day	button	-	true	true	36	36	36	36	true	-	-	-	-	calendar-cell,calendar-grid,calendar
calendar	selection:range	calendar	calendar-cell	td	gridcell	true	false	36	36	36	36	true	-	-	-	-	calendar-grid,calendar
calendar	selection:range	calendar	calendar-day	button	-	true	true	36	36	36	36	true	-	-	-	-	calendar-cell,calendar-grid,calendar
calendar	selection:range	calendar	calendar-cell	td	gridcell	true	false	36	36	36	36	true	-	-	-	-	calendar-grid,calendar
calendar	selection:range	calendar	calendar-day	button	-	true	true	36	36	36	36	true	-	-	-	-	calendar-cell,calendar-grid,calendar
calendar	selection:range	calendar	calendar-cell	td	gridcell	true	false	36	36	36	36	true	-	-	-	-	calendar-grid,calendar
calendar	selection:range	calendar	calendar-day	button	-	true	true	36	36	36	36	true	-	-	-	-	calendar-cell,calendar-grid,calendar
calendar	selection:range	calendar	calendar-cell	td	gridcell	true	false	36	36	36	36	true	-	-	-	-	calendar-grid,calendar
calendar	selection:range	calendar	calendar-day	button	-	true	true	36	36	36	36	true	-	-	-	-	calendar-cell,calendar-grid,calendar
calendar	selection:range	calendar	calendar-cell	td	gridcell	true	false	36	36	36	36	true	-	-	-	-	calendar-grid,calendar
calendar	selection:range	calendar	calendar-day	button	-	true	true	36	36	36	36	true	-	-	-	-	calendar-cell,calendar-grid,calendar
calendar	selection:range	calendar	calendar-cell	td	gridcell	true	false	36	36	36	36	true	-	-	-	-	calendar-grid,calendar
calendar	selection:range	calendar	calendar-day	button	-	true	true	36	36	36	36	true	-	-	-	-	calendar-cell,calendar-grid,calendar
calendar	selection:range	calendar	calendar-cell	td	gridcell	true	false	36	36	36	36	true	-	-	-	-	calendar-grid,calendar
calendar	selection:range	calendar	calendar-day	button	-	true	true	36	36	36	36	true	-	-	-	-	calendar-cell,calendar-grid,calendar
calendar	selection:range	calendar	calendar-cell	td	gridcell	true	false	36	36	36	36	true	-	-	-	-	calendar-grid,calendar
calendar	selection:range	calendar	calendar-day	button	-	true	true	36	36	36	36	true	-	-	-	-	calendar-cell,calendar-grid,calendar
calendar	selection:range	calendar	calendar-cell	td	gridcell	true	false	36	36	36	36	true	-	-	-	-	calendar-grid,calendar
calendar	selection:range	calendar	calendar-day	button	-	true	true	36	36	36	36	true	-	-	-	-	calendar-cell,calendar-grid,calendar
calendar	selection:range	calendar	calendar-cell	td	gridcell	true	false	36	36	36	36	true	-	-	-	-	calendar-grid,calendar
calendar	selection:range	calendar	calendar-day	button	-	true	true	36	36	36	36	true	-	-	-	-	calendar-cell,calendar-grid,calendar
calendar	selection:range	calendar	calendar-cell	td	gridcell	true	false	36	36	36	36	true	-	-	-	-	calendar-grid,calendar
calendar	selection:range	calendar	calendar-day	button	-	true	true	36	36	36	36	true	-	-	-	-	calendar-cell,calendar-grid,calendar
calendar	selection:range	calendar	calendar-cell	td	gridcell	true	false	36	36	36	36	true	-	-	-	-	calendar-grid,calendar
calendar	selection:range	calendar	calendar-day	button	-	true	true	36	36	36	36	true	-	-	-	-	calendar-cell,calendar-grid,calendar
calendar	selection:range	calendar	calendar-cell	td	gridcell	true	false	36	36	36	36	true	-	-	-	-	calendar-grid,calendar
calendar	selection:range	calendar	calendar-day	button	-	true	true	36	36	36	36	true	-	-	-	-	calendar-cell,calendar-grid,calendar
calendar	selection:range	calendar	calendar-cell	td	gridcell	true	false	36	36	36	36	true	-	-	-	-	calendar-grid,calendar
calendar	selection:range	calendar	calendar-day	button	-	true	true	36	36	36	36	true	-	-	-	-	calendar-cell,calendar-grid,calendar
calendar	selection:range	calendar	calendar-cell	td	gridcell	true	false	36	36	36	36	true	-	-	-	-	calendar-grid,calendar
calendar	selection:range	calendar	calendar-day	button	-	true	true	36	36	36	36	true	-	-	-	-	calendar-cell,calendar-grid,calendar
calendar	selection:range	calendar	calendar-cell	td	gridcell	true	false	36	36	36	36	true	-	-	-	-	calendar-grid,calendar
calendar	selection:range	calendar	calendar-day	button	-	true	true	36	36	0	0	false	-	-	-	pointer-events:none,no-hit-point	calendar-cell,calendar-grid,calendar
calendar	selection:range	calendar	calendar-cell	td	gridcell	true	false	36	36	36	36	true	-	-	-	-	calendar-grid,calendar
calendar	selection:range	calendar	calendar-day	button	-	true	true	36	36	0	0	false	-	-	-	pointer-events:none,no-hit-point	calendar-cell,calendar-grid,calendar
calendar	selection:range	calendar	calendar-cell	td	gridcell	true	false	36	36	36	36	true	-	-	-	-	calendar-grid,calendar
calendar	selection:range	calendar	calendar-day	button	-	true	true	36	36	0	0	false	-	-	-	pointer-events:none,no-hit-point	calendar-cell,calendar-grid,calendar
calendar	selection:range	calendar	calendar-cell	td	gridcell	true	false	36	36	36	37	true	-	-	-	-	calendar-grid,calendar
calendar	selection:range	calendar	calendar-day	button	-	true	true	36	36	0	0	false	-	-	-	pointer-events:none,no-hit-point	calendar-cell,calendar-grid,calendar
calendar	selection:range	calendar	calendar-cell	td	gridcell	true	false	36	36	36	37	true	-	-	-	-	calendar-grid,calendar
calendar	selection:range	calendar	calendar-day	button	-	true	true	36	36	0	0	false	-	-	-	pointer-events:none,no-hit-point	calendar-cell,calendar-grid,calendar
calendar	selection:range	calendar	calendar-cell	td	gridcell	true	false	36	36	36	37	true	-	-	-	-	calendar-grid,calendar
calendar	selection:range	calendar	calendar-day	button	-	true	true	36	36	0	0	false	-	-	-	pointer-events:none,no-hit-point	calendar-cell,calendar-grid,calendar
calendar	selection:range	calendar	calendar-cell	td	gridcell	true	false	36	36	36	37	true	-	-	-	-	calendar-grid,calendar
calendar	selection:range	calendar	calendar-day	button	-	true	true	36	36	0	0	false	-	-	-	pointer-events:none,no-hit-point	calendar-cell,calendar-grid,calendar
calendar	selection:range	calendar	calendar-cell	td	gridcell	true	false	36	36	36	37	true	-	-	-	-	calendar-grid,calendar
calendar	selection:range	calendar	calendar-day	button	-	true	true	36	36	0	0	false	-	-	-	pointer-events:none,no-hit-point	calendar-cell,calendar-grid,calendar
calendar	selection:range	calendar	calendar-cell	td	gridcell	true	false	36	36	36	37	true	-	-	-	-	calendar-grid,calendar
calendar	selection:range	calendar	calendar-day	button	-	true	true	36	36	0	0	false	-	-	-	pointer-events:none,no-hit-point	calendar-cell,calendar-grid,calendar
calendar	selection:range	calendar	calendar-cell	td	gridcell	true	false	36	36	36	37	true	-	-	-	-	calendar-grid,calendar
calendar	selection:range	calendar	calendar-day	button	-	true	true	36	36	0	0	false	-	-	-	pointer-events:none,no-hit-point	calendar-cell,calendar-grid,calendar
calendar	selection:range	-	-	button	-	false	true	0	0	-	-	-	-	-	-	not-rendered	-
calendar	selection:range	-	-	button	-	false	true	0	0	-	-	-	-	-	-	not-rendered	-
calendar	selection:range	-	-	button	-	false	true	0	0	-	-	-	-	-	-	not-rendered	-
calendar	selection:range	-	-	a	-	false	true	0	0	-	-	-	-	-	-	not-rendered	-
calendar	selection:range	-	-	a	-	false	true	0	0	-	-	-	-	-	-	not-rendered	-
calendar	selection:range	-	-	a	-	false	true	0	0	-	-	-	-	-	-	not-rendered	-
calendar	selection:range	-	-	a	-	false	true	0	0	-	-	-	-	-	-	not-rendered	-
card	-	-	-	button	-	false	true	0	0	-	-	-	-	-	-	not-rendered	-
card	-	-	-	button	-	false	true	0	0	-	-	-	-	-	-	not-rendered	-
card	-	-	-	button	-	false	true	0	0	-	-	-	-	-	-	not-rendered	-
card	-	-	-	a	-	false	true	0	0	-	-	-	-	-	-	not-rendered	-
card	-	-	-	a	-	false	true	0	0	-	-	-	-	-	-	not-rendered	-
card	-	-	-	a	-	false	true	0	0	-	-	-	-	-	-	not-rendered	-
card	-	-	-	a	-	false	true	0	0	-	-	-	-	-	-	not-rendered	-
carousel	orientation:horizontal;currentSlide:first	carousel	carousel	div	region	true	false	448	96.4	448	98	true	-	-	-	-	-
carousel	orientation:horizontal;currentSlide:first	carousel	carousel-previous	button	-	true	true	32	32	0	0	false	-	-	-	pointer-events:none,no-hit-point	carousel
carousel	orientation:horizontal;currentSlide:first	carousel	carousel-next	button	-	true	true	32	32	32	33	true	-	-	-	square24-off-center	carousel
carousel	orientation:horizontal;currentSlide:first	-	-	button	-	false	true	0	0	-	-	-	-	-	-	not-rendered	-
carousel	orientation:horizontal;currentSlide:first	-	-	button	-	false	true	0	0	-	-	-	-	-	-	not-rendered	-
carousel	orientation:horizontal;currentSlide:first	-	-	button	-	false	true	0	0	-	-	-	-	-	-	not-rendered	-
carousel	orientation:horizontal;currentSlide:first	-	-	a	-	false	true	0	0	-	-	-	-	-	-	not-rendered	-
carousel	orientation:horizontal;currentSlide:first	-	-	a	-	false	true	0	0	-	-	-	-	-	-	not-rendered	-
carousel	orientation:horizontal;currentSlide:first	-	-	a	-	false	true	0	0	-	-	-	-	-	-	not-rendered	-
carousel	orientation:horizontal;currentSlide:first	-	-	a	-	false	true	0	0	-	-	-	-	-	-	not-rendered	-
carousel	orientation:horizontal;currentSlide:middle	carousel	carousel	div	region	true	false	448	96.4	448	98	true	-	-	-	-	-
carousel	orientation:horizontal;currentSlide:middle	carousel	carousel-previous	button	-	true	true	32	32	32	33	true	-	-	-	square24-off-center	carousel
carousel	orientation:horizontal;currentSlide:middle	carousel	carousel-next	button	-	true	true	32	32	32	33	true	-	-	-	square24-off-center	carousel
carousel	orientation:horizontal;currentSlide:middle	-	-	button	-	false	true	0	0	-	-	-	-	-	-	not-rendered	-
carousel	orientation:horizontal;currentSlide:middle	-	-	button	-	false	true	0	0	-	-	-	-	-	-	not-rendered	-
carousel	orientation:horizontal;currentSlide:middle	-	-	button	-	false	true	0	0	-	-	-	-	-	-	not-rendered	-
carousel	orientation:horizontal;currentSlide:middle	-	-	a	-	false	true	0	0	-	-	-	-	-	-	not-rendered	-
carousel	orientation:horizontal;currentSlide:middle	-	-	a	-	false	true	0	0	-	-	-	-	-	-	not-rendered	-
carousel	orientation:horizontal;currentSlide:middle	-	-	a	-	false	true	0	0	-	-	-	-	-	-	not-rendered	-
carousel	orientation:horizontal;currentSlide:middle	-	-	a	-	false	true	0	0	-	-	-	-	-	-	not-rendered	-
carousel	orientation:horizontal;currentSlide:last	carousel	carousel	div	region	true	false	448	96.4	448	98	true	-	-	-	-	-
carousel	orientation:horizontal;currentSlide:last	carousel	carousel-previous	button	-	true	true	32	32	32	33	true	-	-	-	square24-off-center	carousel
carousel	orientation:horizontal;currentSlide:last	carousel	carousel-next	button	-	true	true	32	32	0	0	false	-	-	-	pointer-events:none,no-hit-point	carousel
carousel	orientation:horizontal;currentSlide:last	-	-	button	-	false	true	0	0	-	-	-	-	-	-	not-rendered	-
carousel	orientation:horizontal;currentSlide:last	-	-	button	-	false	true	0	0	-	-	-	-	-	-	not-rendered	-
carousel	orientation:horizontal;currentSlide:last	-	-	button	-	false	true	0	0	-	-	-	-	-	-	not-rendered	-
carousel	orientation:horizontal;currentSlide:last	-	-	a	-	false	true	0	0	-	-	-	-	-	-	not-rendered	-
carousel	orientation:horizontal;currentSlide:last	-	-	a	-	false	true	0	0	-	-	-	-	-	-	not-rendered	-
carousel	orientation:horizontal;currentSlide:last	-	-	a	-	false	true	0	0	-	-	-	-	-	-	not-rendered	-
carousel	orientation:horizontal;currentSlide:last	-	-	a	-	false	true	0	0	-	-	-	-	-	-	not-rendered	-
carousel	orientation:vertical;currentSlide:first	carousel	carousel	div	region	true	false	256	288	256	289	true	-	-	-	-	-
carousel	orientation:vertical;currentSlide:first	carousel	carousel-previous	button	-	true	true	32	32	0	0	false	-	-	-	pointer-events:none,no-hit-point	carousel
carousel	orientation:vertical;currentSlide:first	carousel	carousel-next	button	-	true	true	32	32	0	0	false	-	-	-	pointer-events:none,no-hit-point	carousel
carousel	orientation:vertical;currentSlide:first	-	-	button	-	false	true	0	0	-	-	-	-	-	-	not-rendered	-
carousel	orientation:vertical;currentSlide:first	-	-	button	-	false	true	0	0	-	-	-	-	-	-	not-rendered	-
carousel	orientation:vertical;currentSlide:first	-	-	button	-	false	true	0	0	-	-	-	-	-	-	not-rendered	-
carousel	orientation:vertical;currentSlide:first	-	-	a	-	false	true	0	0	-	-	-	-	-	-	not-rendered	-
carousel	orientation:vertical;currentSlide:first	-	-	a	-	false	true	0	0	-	-	-	-	-	-	not-rendered	-
carousel	orientation:vertical;currentSlide:first	-	-	a	-	false	true	0	0	-	-	-	-	-	-	not-rendered	-
carousel	orientation:vertical;currentSlide:first	-	-	a	-	false	true	0	0	-	-	-	-	-	-	not-rendered	-
carousel	orientation:vertical;currentSlide:middle	carousel	carousel	div	region	true	false	256	288	256	289	true	-	-	-	-	-
carousel	orientation:vertical;currentSlide:middle	carousel	carousel-previous	button	-	true	true	32	32	0	0	false	-	-	-	pointer-events:none,no-hit-point	carousel
carousel	orientation:vertical;currentSlide:middle	carousel	carousel-next	button	-	true	true	32	32	0	0	false	-	-	-	pointer-events:none,no-hit-point	carousel
carousel	orientation:vertical;currentSlide:middle	-	-	button	-	false	true	0	0	-	-	-	-	-	-	not-rendered	-
carousel	orientation:vertical;currentSlide:middle	-	-	button	-	false	true	0	0	-	-	-	-	-	-	not-rendered	-
carousel	orientation:vertical;currentSlide:middle	-	-	button	-	false	true	0	0	-	-	-	-	-	-	not-rendered	-
carousel	orientation:vertical;currentSlide:middle	-	-	a	-	false	true	0	0	-	-	-	-	-	-	not-rendered	-
carousel	orientation:vertical;currentSlide:middle	-	-	a	-	false	true	0	0	-	-	-	-	-	-	not-rendered	-
carousel	orientation:vertical;currentSlide:middle	-	-	a	-	false	true	0	0	-	-	-	-	-	-	not-rendered	-
carousel	orientation:vertical;currentSlide:middle	-	-	a	-	false	true	0	0	-	-	-	-	-	-	not-rendered	-
carousel	orientation:vertical;currentSlide:last	carousel	carousel	div	region	true	false	256	288	256	289	true	-	-	-	-	-
carousel	orientation:vertical;currentSlide:last	carousel	carousel-previous	button	-	true	true	32	32	0	0	false	-	-	-	pointer-events:none,no-hit-point	carousel
carousel	orientation:vertical;currentSlide:last	carousel	carousel-next	button	-	true	true	32	32	0	0	false	-	-	-	pointer-events:none,no-hit-point	carousel
carousel	orientation:vertical;currentSlide:last	-	-	button	-	false	true	0	0	-	-	-	-	-	-	not-rendered	-
carousel	orientation:vertical;currentSlide:last	-	-	button	-	false	true	0	0	-	-	-	-	-	-	not-rendered	-
carousel	orientation:vertical;currentSlide:last	-	-	button	-	false	true	0	0	-	-	-	-	-	-	not-rendered	-
carousel	orientation:vertical;currentSlide:last	-	-	a	-	false	true	0	0	-	-	-	-	-	-	not-rendered	-
carousel	orientation:vertical;currentSlide:last	-	-	a	-	false	true	0	0	-	-	-	-	-	-	not-rendered	-
carousel	orientation:vertical;currentSlide:last	-	-	a	-	false	true	0	0	-	-	-	-	-	-	not-rendered	-
carousel	orientation:vertical;currentSlide:last	-	-	a	-	false	true	0	0	-	-	-	-	-	-	not-rendered	-
chart	indicator:dot	-	-	button	-	false	true	0	0	-	-	-	-	-	-	not-rendered	-
chart	indicator:dot	-	-	button	-	false	true	0	0	-	-	-	-	-	-	not-rendered	-
chart	indicator:dot	-	-	button	-	false	true	0	0	-	-	-	-	-	-	not-rendered	-
chart	indicator:dot	-	-	a	-	false	true	0	0	-	-	-	-	-	-	not-rendered	-
chart	indicator:dot	-	-	a	-	false	true	0	0	-	-	-	-	-	-	not-rendered	-
chart	indicator:dot	-	-	a	-	false	true	0	0	-	-	-	-	-	-	not-rendered	-
chart	indicator:dot	-	-	a	-	false	true	0	0	-	-	-	-	-	-	not-rendered	-
chart	indicator:dot	-	-	div	-	false	true	0	0	-	-	-	-	-	-	not-rendered	chart
chart	indicator:dot	-	-	svg	application	false	true	950	224	950	188	true	-	-	-	-	chart
chart	indicator:dot	-	-	g	-	false	true	940	152.8	239	1	false	svg[xy]	5	-	-	chart
chart	indicator:dot	-	-	g	-	false	true	0	0	-	-	-	-	-	-	not-rendered	chart
chart	indicator:dot	-	-	g	-	false	true	0	0	-	-	-	-	-	-	not-rendered	chart
chart	indicator:dot	-	-	g	-	false	true	0	0	-	-	-	-	-	-	not-rendered	chart
chart	indicator:dot	-	-	g	-	false	true	893	146.3	90	124	true	svg[xy]	11.5	-	center-miss,reach-limit	chart
chart	indicator:dot	-	-	g	-	false	true	0	0	-	-	-	-	-	-	not-rendered	chart
chart	indicator:dot	-	-	g	-	false	true	0	0	-	-	-	-	-	-	not-rendered	chart
chart	indicator:dot	-	-	g	-	false	true	0	0	-	-	-	-	-	-	not-rendered	chart
chart	indicator:dot	-	-	g	-	false	true	0	0	-	-	-	-	-	-	not-rendered	chart
chart	indicator:dot	-	-	g	-	false	true	0	0	-	-	-	-	-	-	not-rendered	chart
chart	indicator:dot	-	-	g	-	false	true	0	0	-	-	-	-	-	-	not-rendered	chart
chart	indicator:dot	-	-	g	-	false	true	722.6	14	19	15	false	svg[xy]	46.7	-	center-miss	chart
chart	indicator:line	-	-	button	-	false	true	0	0	-	-	-	-	-	-	not-rendered	-
chart	indicator:line	-	-	button	-	false	true	0	0	-	-	-	-	-	-	not-rendered	-
chart	indicator:line	-	-	button	-	false	true	0	0	-	-	-	-	-	-	not-rendered	-
chart	indicator:line	-	-	a	-	false	true	0	0	-	-	-	-	-	-	not-rendered	-
chart	indicator:line	-	-	a	-	false	true	0	0	-	-	-	-	-	-	not-rendered	-
chart	indicator:line	-	-	a	-	false	true	0	0	-	-	-	-	-	-	not-rendered	-
chart	indicator:line	-	-	a	-	false	true	0	0	-	-	-	-	-	-	not-rendered	-
chart	indicator:line	-	-	div	-	false	true	0	0	-	-	-	-	-	-	not-rendered	chart
chart	indicator:line	-	-	svg	application	false	true	950	224	950	188	true	-	-	-	-	chart
chart	indicator:line	-	-	g	-	false	true	940	152.8	239	1	false	svg[xy]	5	-	-	chart
chart	indicator:line	-	-	g	-	false	true	0	0	-	-	-	-	-	-	not-rendered	chart
chart	indicator:line	-	-	g	-	false	true	0	0	-	-	-	-	-	-	not-rendered	chart
chart	indicator:line	-	-	g	-	false	true	0	0	-	-	-	-	-	-	not-rendered	chart
chart	indicator:line	-	-	g	-	false	true	893	146.3	90	124	true	svg[xy]	11.5	-	center-miss,reach-limit	chart
chart	indicator:line	-	-	g	-	false	true	0	0	-	-	-	-	-	-	not-rendered	chart
chart	indicator:line	-	-	g	-	false	true	0	0	-	-	-	-	-	-	not-rendered	chart
chart	indicator:line	-	-	g	-	false	true	0	0	-	-	-	-	-	-	not-rendered	chart
chart	indicator:line	-	-	g	-	false	true	0	0	-	-	-	-	-	-	not-rendered	chart
chart	indicator:line	-	-	g	-	false	true	0	0	-	-	-	-	-	-	not-rendered	chart
chart	indicator:line	-	-	g	-	false	true	0	0	-	-	-	-	-	-	not-rendered	chart
chart	indicator:line	-	-	g	-	false	true	722.6	14	19	15	false	svg[xy]	46.7	-	center-miss	chart
chart	indicator:dashed	-	-	button	-	false	true	0	0	-	-	-	-	-	-	not-rendered	-
chart	indicator:dashed	-	-	button	-	false	true	0	0	-	-	-	-	-	-	not-rendered	-
chart	indicator:dashed	-	-	button	-	false	true	0	0	-	-	-	-	-	-	not-rendered	-
chart	indicator:dashed	-	-	a	-	false	true	0	0	-	-	-	-	-	-	not-rendered	-
chart	indicator:dashed	-	-	a	-	false	true	0	0	-	-	-	-	-	-	not-rendered	-
chart	indicator:dashed	-	-	a	-	false	true	0	0	-	-	-	-	-	-	not-rendered	-
chart	indicator:dashed	-	-	a	-	false	true	0	0	-	-	-	-	-	-	not-rendered	-
chart	indicator:dashed	-	-	div	-	false	true	0	0	-	-	-	-	-	-	not-rendered	chart
chart	indicator:dashed	-	-	svg	application	false	true	950	224	950	188	true	-	-	-	-	chart
chart	indicator:dashed	-	-	g	-	false	true	940	152.8	239	1	false	svg[xy]	5	-	-	chart
chart	indicator:dashed	-	-	g	-	false	true	0	0	-	-	-	-	-	-	not-rendered	chart
chart	indicator:dashed	-	-	g	-	false	true	0	0	-	-	-	-	-	-	not-rendered	chart
chart	indicator:dashed	-	-	g	-	false	true	0	0	-	-	-	-	-	-	not-rendered	chart
chart	indicator:dashed	-	-	g	-	false	true	893	146.3	90	124	true	svg[xy]	11.5	-	center-miss,reach-limit	chart
chart	indicator:dashed	-	-	g	-	false	true	0	0	-	-	-	-	-	-	not-rendered	chart
chart	indicator:dashed	-	-	g	-	false	true	0	0	-	-	-	-	-	-	not-rendered	chart
chart	indicator:dashed	-	-	g	-	false	true	0	0	-	-	-	-	-	-	not-rendered	chart
chart	indicator:dashed	-	-	g	-	false	true	0	0	-	-	-	-	-	-	not-rendered	chart
chart	indicator:dashed	-	-	g	-	false	true	0	0	-	-	-	-	-	-	not-rendered	chart
chart	indicator:dashed	-	-	g	-	false	true	0	0	-	-	-	-	-	-	not-rendered	chart
chart	indicator:dashed	-	-	g	-	false	true	722.6	14	19	15	false	svg[xy]	46.7	-	center-miss	chart
checkbox	checked:unchecked	checkbox	checkbox	button	checkbox	true	true	16	16	24	25	true	-	-	24px×24px	-	-
checkbox	checked:unchecked	label	label	label	-	true	true	115.7	14	116	16	false	-	-	-	-	-
checkbox	checked:unchecked	-	-	button	-	false	true	0	0	-	-	-	-	-	-	not-rendered	-
checkbox	checked:unchecked	-	-	button	-	false	true	0	0	-	-	-	-	-	-	not-rendered	-
checkbox	checked:unchecked	-	-	button	-	false	true	0	0	-	-	-	-	-	-	not-rendered	-
checkbox	checked:unchecked	-	-	a	-	false	true	0	0	-	-	-	-	-	-	not-rendered	-
checkbox	checked:unchecked	-	-	a	-	false	true	0	0	-	-	-	-	-	-	not-rendered	-
checkbox	checked:unchecked	-	-	a	-	false	true	0	0	-	-	-	-	-	-	not-rendered	-
checkbox	checked:unchecked	-	-	a	-	false	true	0	0	-	-	-	-	-	-	not-rendered	-
checkbox	checked:checked	checkbox	checkbox	button	checkbox	true	true	16	16	24	25	true	-	-	24px×24px	-	-
checkbox	checked:checked	label	label	label	-	true	true	115.7	14	116	16	false	-	-	-	-	-
checkbox	checked:checked	-	-	button	-	false	true	0	0	-	-	-	-	-	-	not-rendered	-
checkbox	checked:checked	-	-	button	-	false	true	0	0	-	-	-	-	-	-	not-rendered	-
checkbox	checked:checked	-	-	button	-	false	true	0	0	-	-	-	-	-	-	not-rendered	-
checkbox	checked:checked	-	-	a	-	false	true	0	0	-	-	-	-	-	-	not-rendered	-
checkbox	checked:checked	-	-	a	-	false	true	0	0	-	-	-	-	-	-	not-rendered	-
checkbox	checked:checked	-	-	a	-	false	true	0	0	-	-	-	-	-	-	not-rendered	-
checkbox	checked:checked	-	-	a	-	false	true	0	0	-	-	-	-	-	-	not-rendered	-
checkbox	checked:indeterminate	checkbox	checkbox	button	checkbox	true	true	16	16	24	25	true	-	-	24px×24px	-	-
checkbox	checked:indeterminate	label	label	label	-	true	true	115.7	14	116	16	false	-	-	-	-	-
checkbox	checked:indeterminate	-	-	button	-	false	true	0	0	-	-	-	-	-	-	not-rendered	-
checkbox	checked:indeterminate	-	-	button	-	false	true	0	0	-	-	-	-	-	-	not-rendered	-
checkbox	checked:indeterminate	-	-	button	-	false	true	0	0	-	-	-	-	-	-	not-rendered	-
checkbox	checked:indeterminate	-	-	a	-	false	true	0	0	-	-	-	-	-	-	not-rendered	-
checkbox	checked:indeterminate	-	-	a	-	false	true	0	0	-	-	-	-	-	-	not-rendered	-
checkbox	checked:indeterminate	-	-	a	-	false	true	0	0	-	-	-	-	-	-	not-rendered	-
checkbox	checked:indeterminate	-	-	a	-	false	true	0	0	-	-	-	-	-	-	not-rendered	-
collapsible	open:closed	collapsible	collapsible-trigger	button	-	true	true	75.8	32	76	33	true	-	-	-	-	collapsible
collapsible	open:closed	-	-	button	-	false	true	0	0	-	-	-	-	-	-	not-rendered	-
collapsible	open:closed	-	-	button	-	false	true	0	0	-	-	-	-	-	-	not-rendered	-
collapsible	open:closed	-	-	button	-	false	true	0	0	-	-	-	-	-	-	not-rendered	-
collapsible	open:closed	-	-	a	-	false	true	0	0	-	-	-	-	-	-	not-rendered	-
collapsible	open:closed	-	-	a	-	false	true	0	0	-	-	-	-	-	-	not-rendered	-
collapsible	open:closed	-	-	a	-	false	true	0	0	-	-	-	-	-	-	not-rendered	-
collapsible	open:closed	-	-	a	-	false	true	0	0	-	-	-	-	-	-	not-rendered	-
collapsible	open:open	collapsible	collapsible-trigger	button	-	true	true	75.8	32	76	33	true	-	-	-	-	collapsible
collapsible	open:open	-	-	button	-	false	true	0	0	-	-	-	-	-	-	not-rendered	-
collapsible	open:open	-	-	button	-	false	true	0	0	-	-	-	-	-	-	not-rendered	-
collapsible	open:open	-	-	button	-	false	true	0	0	-	-	-	-	-	-	not-rendered	-
collapsible	open:open	-	-	a	-	false	true	0	0	-	-	-	-	-	-	not-rendered	-
collapsible	open:open	-	-	a	-	false	true	0	0	-	-	-	-	-	-	not-rendered	-
collapsible	open:open	-	-	a	-	false	true	0	0	-	-	-	-	-	-	not-rendered	-
collapsible	open:open	-	-	a	-	false	true	0	0	-	-	-	-	-	-	not-rendered	-
combobox	open:closed;selected:unselected	combobox	combobox-trigger	button	-	true	true	384	36	384	37	true	-	-	-	-	-
combobox	open:closed;selected:unselected	-	-	button	-	false	true	0	0	-	-	-	-	-	-	not-rendered	-
combobox	open:closed;selected:unselected	-	-	button	-	false	true	0	0	-	-	-	-	-	-	not-rendered	-
combobox	open:closed;selected:unselected	-	-	button	-	false	true	0	0	-	-	-	-	-	-	not-rendered	-
combobox	open:closed;selected:unselected	-	-	a	-	false	true	0	0	-	-	-	-	-	-	not-rendered	-
combobox	open:closed;selected:unselected	-	-	a	-	false	true	0	0	-	-	-	-	-	-	not-rendered	-
combobox	open:closed;selected:unselected	-	-	a	-	false	true	0	0	-	-	-	-	-	-	not-rendered	-
combobox	open:closed;selected:unselected	-	-	a	-	false	true	0	0	-	-	-	-	-	-	not-rendered	-
combobox	open:closed;selected:selected	combobox	combobox-trigger	button	-	true	true	384	36	384	37	true	-	-	-	-	-
combobox	open:closed;selected:selected	-	-	button	-	false	true	0	0	-	-	-	-	-	-	not-rendered	-
combobox	open:closed;selected:selected	-	-	button	-	false	true	0	0	-	-	-	-	-	-	not-rendered	-
combobox	open:closed;selected:selected	-	-	button	-	false	true	0	0	-	-	-	-	-	-	not-rendered	-
combobox	open:closed;selected:selected	-	-	a	-	false	true	0	0	-	-	-	-	-	-	not-rendered	-
combobox	open:closed;selected:selected	-	-	a	-	false	true	0	0	-	-	-	-	-	-	not-rendered	-
combobox	open:closed;selected:selected	-	-	a	-	false	true	0	0	-	-	-	-	-	-	not-rendered	-
combobox	open:closed;selected:selected	-	-	a	-	false	true	0	0	-	-	-	-	-	-	not-rendered	-
combobox	open:open;selected:unselected	combobox	combobox-trigger	button	-	true	true	384	36	384	37	true	-	-	-	-	-
combobox	open:open;selected:unselected	command	command-input	input	combobox	true	true	382	36	382	36	true	-	-	-	-	command,combobox-content
combobox	open:open;selected:unselected	command	command-item	div	option	true	true	374	34.4	374	34	true	command-list[xy]	4	-	-	command-list,command,combobox-content
combobox	open:open;selected:unselected	command	command-item	div	option	true	true	374	34.4	374	34	true	command-list[xy]	4	-	-	command-list,command,combobox-content
combobox	open:open;selected:unselected	command	command-item	div	option	true	true	374	34.4	374	36	true	command-list[xy]	4	-	-	command-list,command,combobox-content
combobox	open:open;selected:unselected	-	-	span	-	false	true	0	0	-	-	-	-	-	-	not-rendered	-
combobox	open:open;selected:unselected	-	-	button	-	false	true	0	0	-	-	-	-	-	-	not-rendered	-
combobox	open:open;selected:unselected	-	-	button	-	false	true	0	0	-	-	-	-	-	-	not-rendered	-
combobox	open:open;selected:unselected	-	-	button	-	false	true	0	0	-	-	-	-	-	-	not-rendered	-
combobox	open:open;selected:unselected	-	-	a	-	false	true	0	0	-	-	-	-	-	-	not-rendered	-
combobox	open:open;selected:unselected	-	-	a	-	false	true	0	0	-	-	-	-	-	-	not-rendered	-
combobox	open:open;selected:unselected	-	-	a	-	false	true	0	0	-	-	-	-	-	-	not-rendered	-
combobox	open:open;selected:unselected	-	-	a	-	false	true	0	0	-	-	-	-	-	-	not-rendered	-
combobox	open:open;selected:unselected	-	combobox-content	div	dialog	false	true	384	149.2	384	150	true	-	-	-	-	-
combobox	open:open;selected:unselected	-	-	span	-	false	true	0	0	-	-	-	-	-	-	not-rendered	-
combobox	open:open;selected:selected	combobox	combobox-trigger	button	-	true	true	384	36	384	37	true	-	-	-	-	-
combobox	open:open;selected:selected	command	command-input	input	combobox	true	true	382	36	382	36	true	-	-	-	-	command,combobox-content
combobox	open:open;selected:selected	command	command-item	div	option	true	true	374	34.4	374	34	true	command-list[xy]	4	-	-	command-list,command,combobox-content
combobox	open:open;selected:selected	command	command-item	div	option	true	true	374	34.4	374	34	true	command-list[xy]	4	-	-	command-list,command,combobox-content
combobox	open:open;selected:selected	command	command-item	div	option	true	true	374	34.4	374	36	true	command-list[xy]	4	-	-	command-list,command,combobox-content
combobox	open:open;selected:selected	-	-	span	-	false	true	0	0	-	-	-	-	-	-	not-rendered	-
combobox	open:open;selected:selected	-	-	button	-	false	true	0	0	-	-	-	-	-	-	not-rendered	-
combobox	open:open;selected:selected	-	-	button	-	false	true	0	0	-	-	-	-	-	-	not-rendered	-
combobox	open:open;selected:selected	-	-	button	-	false	true	0	0	-	-	-	-	-	-	not-rendered	-
combobox	open:open;selected:selected	-	-	a	-	false	true	0	0	-	-	-	-	-	-	not-rendered	-
combobox	open:open;selected:selected	-	-	a	-	false	true	0	0	-	-	-	-	-	-	not-rendered	-
combobox	open:open;selected:selected	-	-	a	-	false	true	0	0	-	-	-	-	-	-	not-rendered	-
combobox	open:open;selected:selected	-	-	a	-	false	true	0	0	-	-	-	-	-	-	not-rendered	-
combobox	open:open;selected:selected	-	combobox-content	div	dialog	false	true	384	149.2	384	150	true	-	-	-	-	-
combobox	open:open;selected:selected	-	-	span	-	false	true	0	0	-	-	-	-	-	-	not-rendered	-
command	highlighted:highlighted;results:matches;selected:unselected	command	command-input	input	combobox	true	true	382	36	382	36	true	-	-	-	-	command
command	highlighted:highlighted;results:matches;selected:unselected	command	command-item	div	option	true	true	374	34.4	374	34	true	command-list[xy]	4	-	-	command-group,command-list,command
command	highlighted:highlighted;results:matches;selected:unselected	command	command-item	div	option	true	true	374	34.4	374	35	true	command-list[xy]	4	-	-	command-group,command-list,command
command	highlighted:highlighted;results:matches;selected:unselected	command	command-item	div	option	true	true	374	34.4	374	35	true	command-list[xy]	4	-	-	command-group,command-list,command
command	highlighted:highlighted;results:matches;selected:unselected	command	command-item	div	option	true	true	374	34.4	0	0	false	-	-	-	pointer-events:none,no-hit-point	command-group,command-list,command
command	highlighted:highlighted;results:matches;selected:unselected	-	-	button	-	false	true	0	0	-	-	-	-	-	-	not-rendered	-
command	highlighted:highlighted;results:matches;selected:unselected	-	-	button	-	false	true	0	0	-	-	-	-	-	-	not-rendered	-
command	highlighted:highlighted;results:matches;selected:unselected	-	-	button	-	false	true	0	0	-	-	-	-	-	-	not-rendered	-
command	highlighted:highlighted;results:matches;selected:unselected	-	-	a	-	false	true	0	0	-	-	-	-	-	-	not-rendered	-
command	highlighted:highlighted;results:matches;selected:unselected	-	-	a	-	false	true	0	0	-	-	-	-	-	-	not-rendered	-
command	highlighted:highlighted;results:matches;selected:unselected	-	-	a	-	false	true	0	0	-	-	-	-	-	-	not-rendered	-
command	highlighted:highlighted;results:matches;selected:unselected	-	-	a	-	false	true	0	0	-	-	-	-	-	-	not-rendered	-
command	highlighted:highlighted;results:matches;selected:selected	command	command-input	input	combobox	true	true	382	36	382	36	true	-	-	-	-	command
command	highlighted:highlighted;results:matches;selected:selected	command	command-item	div	option	true	true	374	34.4	374	34	true	command-list[xy]	4	-	-	command-group,command-list,command
command	highlighted:highlighted;results:matches;selected:selected	command	command-item	div	option	true	true	374	34.4	374	35	true	command-list[xy]	4	-	-	command-group,command-list,command
command	highlighted:highlighted;results:matches;selected:selected	command	command-item	div	option	true	true	374	34.4	374	35	true	command-list[xy]	4	-	-	command-group,command-list,command
command	highlighted:highlighted;results:matches;selected:selected	command	command-item	div	option	true	true	374	34.4	0	0	false	-	-	-	pointer-events:none,no-hit-point	command-group,command-list,command
command	highlighted:highlighted;results:matches;selected:selected	-	-	button	-	false	true	0	0	-	-	-	-	-	-	not-rendered	-
command	highlighted:highlighted;results:matches;selected:selected	-	-	button	-	false	true	0	0	-	-	-	-	-	-	not-rendered	-
command	highlighted:highlighted;results:matches;selected:selected	-	-	button	-	false	true	0	0	-	-	-	-	-	-	not-rendered	-
command	highlighted:highlighted;results:matches;selected:selected	-	-	a	-	false	true	0	0	-	-	-	-	-	-	not-rendered	-
command	highlighted:highlighted;results:matches;selected:selected	-	-	a	-	false	true	0	0	-	-	-	-	-	-	not-rendered	-
command	highlighted:highlighted;results:matches;selected:selected	-	-	a	-	false	true	0	0	-	-	-	-	-	-	not-rendered	-
command	highlighted:highlighted;results:matches;selected:selected	-	-	a	-	false	true	0	0	-	-	-	-	-	-	not-rendered	-
command	highlighted:highlighted;results:empty;selected:unselected	command	command-input	input	combobox	true	true	382	36	382	36	true	-	-	-	-	command
command	highlighted:highlighted;results:empty;selected:unselected	-	-	button	-	false	true	0	0	-	-	-	-	-	-	not-rendered	-
command	highlighted:highlighted;results:empty;selected:unselected	-	-	button	-	false	true	0	0	-	-	-	-	-	-	not-rendered	-
command	highlighted:highlighted;results:empty;selected:unselected	-	-	button	-	false	true	0	0	-	-	-	-	-	-	not-rendered	-
command	highlighted:highlighted;results:empty;selected:unselected	-	-	a	-	false	true	0	0	-	-	-	-	-	-	not-rendered	-
command	highlighted:highlighted;results:empty;selected:unselected	-	-	a	-	false	true	0	0	-	-	-	-	-	-	not-rendered	-
command	highlighted:highlighted;results:empty;selected:unselected	-	-	a	-	false	true	0	0	-	-	-	-	-	-	not-rendered	-
command	highlighted:highlighted;results:empty;selected:unselected	-	-	a	-	false	true	0	0	-	-	-	-	-	-	not-rendered	-
command	highlighted:highlighted;results:empty;selected:selected	command	command-input	input	combobox	true	true	382	36	382	36	true	-	-	-	-	command
command	highlighted:highlighted;results:empty;selected:selected	-	-	button	-	false	true	0	0	-	-	-	-	-	-	not-rendered	-
command	highlighted:highlighted;results:empty;selected:selected	-	-	button	-	false	true	0	0	-	-	-	-	-	-	not-rendered	-
command	highlighted:highlighted;results:empty;selected:selected	-	-	button	-	false	true	0	0	-	-	-	-	-	-	not-rendered	-
command	highlighted:highlighted;results:empty;selected:selected	-	-	a	-	false	true	0	0	-	-	-	-	-	-	not-rendered	-
command	highlighted:highlighted;results:empty;selected:selected	-	-	a	-	false	true	0	0	-	-	-	-	-	-	not-rendered	-
command	highlighted:highlighted;results:empty;selected:selected	-	-	a	-	false	true	0	0	-	-	-	-	-	-	not-rendered	-
command	highlighted:highlighted;results:empty;selected:selected	-	-	a	-	false	true	0	0	-	-	-	-	-	-	not-rendered	-
command	highlighted:idle;results:matches;selected:unselected	command	command-input	input	combobox	true	true	382	36	382	36	true	-	-	-	-	command
command	highlighted:idle;results:matches;selected:unselected	command	command-item	div	option	true	true	374	34.4	374	34	true	command-list[xy]	4	-	-	command-group,command-list,command
command	highlighted:idle;results:matches;selected:unselected	command	command-item	div	option	true	true	374	34.4	374	35	true	command-list[xy]	4	-	-	command-group,command-list,command
command	highlighted:idle;results:matches;selected:unselected	command	command-item	div	option	true	true	374	34.4	374	35	true	command-list[xy]	4	-	-	command-group,command-list,command
command	highlighted:idle;results:matches;selected:unselected	command	command-item	div	option	true	true	374	34.4	0	0	false	-	-	-	pointer-events:none,no-hit-point	command-group,command-list,command
command	highlighted:idle;results:matches;selected:unselected	-	-	button	-	false	true	0	0	-	-	-	-	-	-	not-rendered	-
command	highlighted:idle;results:matches;selected:unselected	-	-	button	-	false	true	0	0	-	-	-	-	-	-	not-rendered	-
command	highlighted:idle;results:matches;selected:unselected	-	-	button	-	false	true	0	0	-	-	-	-	-	-	not-rendered	-
command	highlighted:idle;results:matches;selected:unselected	-	-	a	-	false	true	0	0	-	-	-	-	-	-	not-rendered	-
command	highlighted:idle;results:matches;selected:unselected	-	-	a	-	false	true	0	0	-	-	-	-	-	-	not-rendered	-
command	highlighted:idle;results:matches;selected:unselected	-	-	a	-	false	true	0	0	-	-	-	-	-	-	not-rendered	-
command	highlighted:idle;results:matches;selected:unselected	-	-	a	-	false	true	0	0	-	-	-	-	-	-	not-rendered	-
command	highlighted:idle;results:matches;selected:selected	command	command-input	input	combobox	true	true	382	36	382	36	true	-	-	-	-	command
command	highlighted:idle;results:matches;selected:selected	command	command-item	div	option	true	true	374	34.4	374	34	true	command-list[xy]	4	-	-	command-group,command-list,command
command	highlighted:idle;results:matches;selected:selected	command	command-item	div	option	true	true	374	34.4	374	35	true	command-list[xy]	4	-	-	command-group,command-list,command
command	highlighted:idle;results:matches;selected:selected	command	command-item	div	option	true	true	374	34.4	374	35	true	command-list[xy]	4	-	-	command-group,command-list,command
command	highlighted:idle;results:matches;selected:selected	command	command-item	div	option	true	true	374	34.4	0	0	false	-	-	-	pointer-events:none,no-hit-point	command-group,command-list,command
command	highlighted:idle;results:matches;selected:selected	-	-	button	-	false	true	0	0	-	-	-	-	-	-	not-rendered	-
command	highlighted:idle;results:matches;selected:selected	-	-	button	-	false	true	0	0	-	-	-	-	-	-	not-rendered	-
command	highlighted:idle;results:matches;selected:selected	-	-	button	-	false	true	0	0	-	-	-	-	-	-	not-rendered	-
command	highlighted:idle;results:matches;selected:selected	-	-	a	-	false	true	0	0	-	-	-	-	-	-	not-rendered	-
command	highlighted:idle;results:matches;selected:selected	-	-	a	-	false	true	0	0	-	-	-	-	-	-	not-rendered	-
command	highlighted:idle;results:matches;selected:selected	-	-	a	-	false	true	0	0	-	-	-	-	-	-	not-rendered	-
command	highlighted:idle;results:matches;selected:selected	-	-	a	-	false	true	0	0	-	-	-	-	-	-	not-rendered	-
command	highlighted:idle;results:empty;selected:unselected	command	command-input	input	combobox	true	true	382	36	382	36	true	-	-	-	-	command
command	highlighted:idle;results:empty;selected:unselected	-	-	button	-	false	true	0	0	-	-	-	-	-	-	not-rendered	-
command	highlighted:idle;results:empty;selected:unselected	-	-	button	-	false	true	0	0	-	-	-	-	-	-	not-rendered	-
command	highlighted:idle;results:empty;selected:unselected	-	-	button	-	false	true	0	0	-	-	-	-	-	-	not-rendered	-
command	highlighted:idle;results:empty;selected:unselected	-	-	a	-	false	true	0	0	-	-	-	-	-	-	not-rendered	-
command	highlighted:idle;results:empty;selected:unselected	-	-	a	-	false	true	0	0	-	-	-	-	-	-	not-rendered	-
command	highlighted:idle;results:empty;selected:unselected	-	-	a	-	false	true	0	0	-	-	-	-	-	-	not-rendered	-
command	highlighted:idle;results:empty;selected:unselected	-	-	a	-	false	true	0	0	-	-	-	-	-	-	not-rendered	-
command	highlighted:idle;results:empty;selected:selected	command	command-input	input	combobox	true	true	382	36	382	36	true	-	-	-	-	command
command	highlighted:idle;results:empty;selected:selected	-	-	button	-	false	true	0	0	-	-	-	-	-	-	not-rendered	-
command	highlighted:idle;results:empty;selected:selected	-	-	button	-	false	true	0	0	-	-	-	-	-	-	not-rendered	-
command	highlighted:idle;results:empty;selected:selected	-	-	button	-	false	true	0	0	-	-	-	-	-	-	not-rendered	-
command	highlighted:idle;results:empty;selected:selected	-	-	a	-	false	true	0	0	-	-	-	-	-	-	not-rendered	-
command	highlighted:idle;results:empty;selected:selected	-	-	a	-	false	true	0	0	-	-	-	-	-	-	not-rendered	-
command	highlighted:idle;results:empty;selected:selected	-	-	a	-	false	true	0	0	-	-	-	-	-	-	not-rendered	-
command	highlighted:idle;results:empty;selected:selected	-	-	a	-	false	true	0	0	-	-	-	-	-	-	not-rendered	-
dialog	open:closed	dialog	dialog-trigger	button	-	true	true	83.8	36	84	37	true	-	-	-	-	-
dialog	open:closed	-	-	button	-	false	true	0	0	-	-	-	-	-	-	not-rendered	-
dialog	open:closed	-	-	button	-	false	true	0	0	-	-	-	-	-	-	not-rendered	-
dialog	open:closed	-	-	button	-	false	true	0	0	-	-	-	-	-	-	not-rendered	-
dialog	open:closed	-	-	a	-	false	true	0	0	-	-	-	-	-	-	not-rendered	-
dialog	open:closed	-	-	a	-	false	true	0	0	-	-	-	-	-	-	not-rendered	-
dialog	open:closed	-	-	a	-	false	true	0	0	-	-	-	-	-	-	not-rendered	-
dialog	open:closed	-	-	a	-	false	true	0	0	-	-	-	-	-	-	not-rendered	-
dialog	open:open	dialog	dialog-trigger	button	-	true	true	83.8	36	0	0	false	-	-	-	pointer-events:none,no-hit-point	-
dialog	open:open	dialog	dialog-close	button	-	true	true	58.2	36	59	37	true	body[xy]	533.2	-	-	dialog-footer,dialog-content
dialog	open:open	button	button	button	-	true	true	56.2	36	57	37	true	body[xy]	469	-	-	dialog-footer,dialog-content
dialog	open:open	-	-	span	-	false	true	0	0	-	-	-	-	-	-	not-rendered	-
dialog	open:open	-	-	button	-	false	true	0	0	-	-	-	-	-	-	not-rendered	-
dialog	open:open	-	-	button	-	false	true	0	0	-	-	-	-	-	-	not-rendered	-
dialog	open:open	-	-	button	-	false	true	0	0	-	-	-	-	-	-	not-rendered	-
dialog	open:open	-	-	a	-	false	true	0	0	-	-	-	-	-	-	not-rendered	-
dialog	open:open	-	-	a	-	false	true	0	0	-	-	-	-	-	-	not-rendered	-
dialog	open:open	-	-	a	-	false	true	0	0	-	-	-	-	-	-	not-rendered	-
dialog	open:open	-	-	a	-	false	true	0	0	-	-	-	-	-	-	not-rendered	-
dialog	open:open	-	dialog-content	div	dialog	false	true	512	201.2	512	202	true	body[xy]	444	-	-	-
dialog	open:open	-	-	span	-	false	true	0	0	-	-	-	-	-	-	not-rendered	-
dropdown-menu	checked:unchecked;open:closed	dropdown-menu	dropdown-menu-trigger	button	-	true	true	73.7	36	74	37	true	-	-	-	-	-
dropdown-menu	checked:unchecked;open:closed	-	-	button	-	false	true	0	0	-	-	-	-	-	-	not-rendered	-
dropdown-menu	checked:unchecked;open:closed	-	-	button	-	false	true	0	0	-	-	-	-	-	-	not-rendered	-
dropdown-menu	checked:unchecked;open:closed	-	-	button	-	false	true	0	0	-	-	-	-	-	-	not-rendered	-
dropdown-menu	checked:unchecked;open:closed	-	-	a	-	false	true	0	0	-	-	-	-	-	-	not-rendered	-
dropdown-menu	checked:unchecked;open:closed	-	-	a	-	false	true	0	0	-	-	-	-	-	-	not-rendered	-
dropdown-menu	checked:unchecked;open:closed	-	-	a	-	false	true	0	0	-	-	-	-	-	-	not-rendered	-
dropdown-menu	checked:unchecked;open:closed	-	-	a	-	false	true	0	0	-	-	-	-	-	-	not-rendered	-
dropdown-menu	checked:unchecked;open:open	dropdown-menu	dropdown-menu-trigger	button	-	true	true	73.7	36	0	0	false	-	-	-	pointer-events:none,no-hit-point	-
dropdown-menu	checked:unchecked;open:open	dropdown-menu	dropdown-menu-item	div	menuitem	true	true	118	34.4	118	34	true	body[xy]	203	-	-	dropdown-menu
dropdown-menu	checked:unchecked;open:open	dropdown-menu	dropdown-menu-checkbox-item	div	menuitemcheckbox	true	true	118	34.4	118	35	true	body[xy]	203	-	-	dropdown-menu
dropdown-menu	checked:unchecked;open:open	dropdown-menu	dropdown-menu-radio-item	div	menuitemradio	true	true	118	34.4	118	34	true	body[xy]	203	-	-	dropdown-menu-radio-group,dropdown-menu
dropdown-menu	checked:unchecked;open:open	dropdown-menu	dropdown-menu-radio-item	div	menuitemradio	true	true	118	34.4	118	35	true	body[xy]	203	-	-	dropdown-menu-radio-group,dropdown-menu
dropdown-menu	checked:unchecked;open:open	dropdown-menu	dropdown-menu-sub-trigger	div	menuitem	true	true	118	34.4	118	35	true	body[xy]	203	-	-	dropdown-menu
dropdown-menu	checked:unchecked;open:open	dropdown-menu	dropdown-menu-item	div	menuitem	true	true	118	34.4	118	35	true	body[xy]	203	-	-	dropdown-menu
dropdown-menu	checked:unchecked;open:open	-	-	span	-	false	true	0	0	-	-	-	-	-	-	not-rendered	-
dropdown-menu	checked:unchecked;open:open	-	-	button	-	false	true	0	0	-	-	-	-	-	-	not-rendered	-
dropdown-menu	checked:unchecked;open:open	-	-	button	-	false	true	0	0	-	-	-	-	-	-	not-rendered	-
dropdown-menu	checked:unchecked;open:open	-	-	button	-	false	true	0	0	-	-	-	-	-	-	not-rendered	-
dropdown-menu	checked:unchecked;open:open	-	-	a	-	false	true	0	0	-	-	-	-	-	-	not-rendered	-
dropdown-menu	checked:unchecked;open:open	-	-	a	-	false	true	0	0	-	-	-	-	-	-	not-rendered	-
dropdown-menu	checked:unchecked;open:open	-	-	a	-	false	true	0	0	-	-	-	-	-	-	not-rendered	-
dropdown-menu	checked:unchecked;open:open	-	-	a	-	false	true	0	0	-	-	-	-	-	-	not-rendered	-
dropdown-menu	checked:unchecked;open:open	-	dropdown-menu	div	menu	false	true	128	296.7	128	297	true	body[xy]	198	-	-	-
dropdown-menu	checked:unchecked;open:open	-	-	span	-	false	true	0	0	-	-	-	-	-	-	not-rendered	-
dropdown-menu	checked:checked;open:closed	dropdown-menu	dropdown-menu-trigger	button	-	true	true	73.7	36	74	37	true	-	-	-	-	-
dropdown-menu	checked:checked;open:closed	-	-	button	-	false	true	0	0	-	-	-	-	-	-	not-rendered	-
dropdown-menu	checked:checked;open:closed	-	-	button	-	false	true	0	0	-	-	-	-	-	-	not-rendered	-
dropdown-menu	checked:checked;open:closed	-	-	button	-	false	true	0	0	-	-	-	-	-	-	not-rendered	-
dropdown-menu	checked:checked;open:closed	-	-	a	-	false	true	0	0	-	-	-	-	-	-	not-rendered	-
dropdown-menu	checked:checked;open:closed	-	-	a	-	false	true	0	0	-	-	-	-	-	-	not-rendered	-
dropdown-menu	checked:checked;open:closed	-	-	a	-	false	true	0	0	-	-	-	-	-	-	not-rendered	-
dropdown-menu	checked:checked;open:closed	-	-	a	-	false	true	0	0	-	-	-	-	-	-	not-rendered	-
dropdown-menu	checked:checked;open:open	dropdown-menu	dropdown-menu-trigger	button	-	true	true	73.7	36	0	0	false	-	-	-	pointer-events:none,no-hit-point	-
dropdown-menu	checked:checked;open:open	dropdown-menu	dropdown-menu-item	div	menuitem	true	true	118	34.4	118	34	true	body[xy]	203	-	-	dropdown-menu
dropdown-menu	checked:checked;open:open	dropdown-menu	dropdown-menu-checkbox-item	div	menuitemcheckbox	true	true	118	34.4	118	35	true	body[xy]	203	-	-	dropdown-menu
dropdown-menu	checked:checked;open:open	dropdown-menu	dropdown-menu-radio-item	div	menuitemradio	true	true	118	34.4	118	34	true	body[xy]	203	-	-	dropdown-menu-radio-group,dropdown-menu
dropdown-menu	checked:checked;open:open	dropdown-menu	dropdown-menu-radio-item	div	menuitemradio	true	true	118	34.4	118	35	true	body[xy]	203	-	-	dropdown-menu-radio-group,dropdown-menu
dropdown-menu	checked:checked;open:open	dropdown-menu	dropdown-menu-sub-trigger	div	menuitem	true	true	118	34.4	118	35	true	body[xy]	203	-	-	dropdown-menu
dropdown-menu	checked:checked;open:open	dropdown-menu	dropdown-menu-item	div	menuitem	true	true	118	34.4	118	35	true	body[xy]	203	-	-	dropdown-menu
dropdown-menu	checked:checked;open:open	-	-	span	-	false	true	0	0	-	-	-	-	-	-	not-rendered	-
dropdown-menu	checked:checked;open:open	-	-	button	-	false	true	0	0	-	-	-	-	-	-	not-rendered	-
dropdown-menu	checked:checked;open:open	-	-	button	-	false	true	0	0	-	-	-	-	-	-	not-rendered	-
dropdown-menu	checked:checked;open:open	-	-	button	-	false	true	0	0	-	-	-	-	-	-	not-rendered	-
dropdown-menu	checked:checked;open:open	-	-	a	-	false	true	0	0	-	-	-	-	-	-	not-rendered	-
dropdown-menu	checked:checked;open:open	-	-	a	-	false	true	0	0	-	-	-	-	-	-	not-rendered	-
dropdown-menu	checked:checked;open:open	-	-	a	-	false	true	0	0	-	-	-	-	-	-	not-rendered	-
dropdown-menu	checked:checked;open:open	-	-	a	-	false	true	0	0	-	-	-	-	-	-	not-rendered	-
dropdown-menu	checked:checked;open:open	-	dropdown-menu	div	menu	false	true	128	296.7	128	297	true	body[xy]	198	-	-	-
dropdown-menu	checked:checked;open:open	-	-	span	-	false	true	0	0	-	-	-	-	-	-	not-rendered	-
empty	variant:default	button	button	button	-	true	true	97.9	36	98	37	true	-	-	-	-	empty-content,empty
empty	variant:default	button	button	button	-	true	true	97.9	36	98	37	true	-	-	-	-	empty-content,empty
empty	variant:default	-	-	button	-	false	true	0	0	-	-	-	-	-	-	not-rendered	-
empty	variant:default	-	-	button	-	false	true	0	0	-	-	-	-	-	-	not-rendered	-
empty	variant:default	-	-	button	-	false	true	0	0	-	-	-	-	-	-	not-rendered	-
empty	variant:default	-	-	a	-	false	true	0	0	-	-	-	-	-	-	not-rendered	-
empty	variant:default	-	-	a	-	false	true	0	0	-	-	-	-	-	-	not-rendered	-
empty	variant:default	-	-	a	-	false	true	0	0	-	-	-	-	-	-	not-rendered	-
empty	variant:default	-	-	a	-	false	true	0	0	-	-	-	-	-	-	not-rendered	-
empty	variant:outline	button	button	button	-	true	true	97.9	36	98	37	true	-	-	-	-	empty-content,empty
empty	variant:outline	button	button	button	-	true	true	97.9	36	98	37	true	-	-	-	-	empty-content,empty
empty	variant:outline	-	-	button	-	false	true	0	0	-	-	-	-	-	-	not-rendered	-
empty	variant:outline	-	-	button	-	false	true	0	0	-	-	-	-	-	-	not-rendered	-
empty	variant:outline	-	-	button	-	false	true	0	0	-	-	-	-	-	-	not-rendered	-
empty	variant:outline	-	-	a	-	false	true	0	0	-	-	-	-	-	-	not-rendered	-
empty	variant:outline	-	-	a	-	false	true	0	0	-	-	-	-	-	-	not-rendered	-
empty	variant:outline	-	-	a	-	false	true	0	0	-	-	-	-	-	-	not-rendered	-
empty	variant:outline	-	-	a	-	false	true	0	0	-	-	-	-	-	-	not-rendered	-
field	orientation:vertical;validity:valid	field	field-label	label	-	true	true	36.3	14	37	16	false	-	-	-	-	field,field-set,field-group
field	orientation:vertical;validity:valid	input	input	input	-	true	true	384	36	384	37	true	-	-	-	-	field,field-set,field-group
field	orientation:vertical;validity:valid	field	field-label	label	-	true	true	24.2	14	25	16	false	-	-	-	-	field,field-set,field-group
field	orientation:vertical;validity:valid	input	input	input	-	true	true	384	36	384	37	true	-	-	-	-	field,field-set,field-group
field	orientation:vertical;validity:valid	-	-	button	-	false	true	0	0	-	-	-	-	-	-	not-rendered	-
field	orientation:vertical;validity:valid	-	-	button	-	false	true	0	0	-	-	-	-	-	-	not-rendered	-
field	orientation:vertical;validity:valid	-	-	button	-	false	true	0	0	-	-	-	-	-	-	not-rendered	-
field	orientation:vertical;validity:valid	-	-	a	-	false	true	0	0	-	-	-	-	-	-	not-rendered	-
field	orientation:vertical;validity:valid	-	-	a	-	false	true	0	0	-	-	-	-	-	-	not-rendered	-
field	orientation:vertical;validity:valid	-	-	a	-	false	true	0	0	-	-	-	-	-	-	not-rendered	-
field	orientation:vertical;validity:valid	-	-	a	-	false	true	0	0	-	-	-	-	-	-	not-rendered	-
field	orientation:vertical;validity:invalid	field	field-label	label	-	true	true	36.3	14	37	16	false	-	-	-	-	field,field-set,field-group
field	orientation:vertical;validity:invalid	input	input	input	-	true	true	384	36	384	37	true	-	-	-	-	field,field-set,field-group
field	orientation:vertical;validity:invalid	field	field-label	label	-	true	true	24.2	14	25	16	false	-	-	-	-	field,field-set,field-group
field	orientation:vertical;validity:invalid	input	input	input	-	true	true	384	36	384	37	true	-	-	-	-	field,field-set,field-group
field	orientation:vertical;validity:invalid	-	-	button	-	false	true	0	0	-	-	-	-	-	-	not-rendered	-
field	orientation:vertical;validity:invalid	-	-	button	-	false	true	0	0	-	-	-	-	-	-	not-rendered	-
field	orientation:vertical;validity:invalid	-	-	button	-	false	true	0	0	-	-	-	-	-	-	not-rendered	-
field	orientation:vertical;validity:invalid	-	-	a	-	false	true	0	0	-	-	-	-	-	-	not-rendered	-
field	orientation:vertical;validity:invalid	-	-	a	-	false	true	0	0	-	-	-	-	-	-	not-rendered	-
field	orientation:vertical;validity:invalid	-	-	a	-	false	true	0	0	-	-	-	-	-	-	not-rendered	-
field	orientation:vertical;validity:invalid	-	-	a	-	false	true	0	0	-	-	-	-	-	-	not-rendered	-
field	orientation:horizontal;validity:valid	field	field-label	label	-	true	true	20	42	21	44	false	-	-	-	-	field,field-set,field-group
field	orientation:horizontal;validity:valid	input	input	input	-	true	true	223.5	36	224	37	true	-	-	-	-	field,field-set,field-group
field	orientation:horizontal;validity:valid	field	field-label	label	-	true	true	12.7	28	13	30	false	-	-	-	-	field,field-set,field-group
field	orientation:horizontal;validity:valid	input	input	input	-	true	true	213.8	36	215	37	true	-	-	-	-	field,field-set,field-group
field	orientation:horizontal;validity:valid	-	-	button	-	false	true	0	0	-	-	-	-	-	-	not-rendered	-
field	orientation:horizontal;validity:valid	-	-	button	-	false	true	0	0	-	-	-	-	-	-	not-rendered	-
field	orientation:horizontal;validity:valid	-	-	button	-	false	true	0	0	-	-	-	-	-	-	not-rendered	-
field	orientation:horizontal;validity:valid	-	-	a	-	false	true	0	0	-	-	-	-	-	-	not-rendered	-
field	orientation:horizontal;validity:valid	-	-	a	-	false	true	0	0	-	-	-	-	-	-	not-rendered	-
field	orientation:horizontal;validity:valid	-	-	a	-	false	true	0	0	-	-	-	-	-	-	not-rendered	-
field	orientation:horizontal;validity:valid	-	-	a	-	false	true	0	0	-	-	-	-	-	-	not-rendered	-
field	orientation:horizontal;validity:invalid	field	field-label	label	-	true	true	16.2	42	17	44	false	-	-	-	-	field,field-set,field-group
field	orientation:horizontal;validity:invalid	input	input	input	-	true	true	185.8	36	186	37	true	-	-	-	-	field,field-set,field-group
field	orientation:horizontal;validity:invalid	field	field-label	label	-	true	true	12.1	28	13	30	false	-	-	-	-	field,field-set,field-group
field	orientation:horizontal;validity:invalid	input	input	input	-	true	true	180.9	36	181	37	true	-	-	-	-	field,field-set,field-group
field	orientation:horizontal;validity:invalid	-	-	button	-	false	true	0	0	-	-	-	-	-	-	not-rendered	-
field	orientation:horizontal;validity:invalid	-	-	button	-	false	true	0	0	-	-	-	-	-	-	not-rendered	-
field	orientation:horizontal;validity:invalid	-	-	button	-	false	true	0	0	-	-	-	-	-	-	not-rendered	-
field	orientation:horizontal;validity:invalid	-	-	a	-	false	true	0	0	-	-	-	-	-	-	not-rendered	-
field	orientation:horizontal;validity:invalid	-	-	a	-	false	true	0	0	-	-	-	-	-	-	not-rendered	-
field	orientation:horizontal;validity:invalid	-	-	a	-	false	true	0	0	-	-	-	-	-	-	not-rendered	-
field	orientation:horizontal;validity:invalid	-	-	a	-	false	true	0	0	-	-	-	-	-	-	not-rendered	-
field	orientation:responsive;validity:valid	field	field-label	label	-	true	true	36.3	14	37	16	false	-	-	-	-	field,field-set,field-group
field	orientation:responsive;validity:valid	input	input	input	-	true	true	384	36	384	37	true	-	-	-	-	field,field-set,field-group
field	orientation:responsive;validity:valid	field	field-label	label	-	true	true	24.2	14	25	16	false	-	-	-	-	field,field-set,field-group
field	orientation:responsive;validity:valid	input	input	input	-	true	true	384	36	384	37	true	-	-	-	-	field,field-set,field-group
field	orientation:responsive;validity:valid	-	-	button	-	false	true	0	0	-	-	-	-	-	-	not-rendered	-
field	orientation:responsive;validity:valid	-	-	button	-	false	true	0	0	-	-	-	-	-	-	not-rendered	-
field	orientation:responsive;validity:valid	-	-	button	-	false	true	0	0	-	-	-	-	-	-	not-rendered	-
field	orientation:responsive;validity:valid	-	-	a	-	false	true	0	0	-	-	-	-	-	-	not-rendered	-
field	orientation:responsive;validity:valid	-	-	a	-	false	true	0	0	-	-	-	-	-	-	not-rendered	-
field	orientation:responsive;validity:valid	-	-	a	-	false	true	0	0	-	-	-	-	-	-	not-rendered	-
field	orientation:responsive;validity:valid	-	-	a	-	false	true	0	0	-	-	-	-	-	-	not-rendered	-
field	orientation:responsive;validity:invalid	field	field-label	label	-	true	true	36.3	14	37	16	false	-	-	-	-	field,field-set,field-group
field	orientation:responsive;validity:invalid	input	input	input	-	true	true	384	36	384	37	true	-	-	-	-	field,field-set,field-group
field	orientation:responsive;validity:invalid	field	field-label	label	-	true	true	24.2	14	25	16	false	-	-	-	-	field,field-set,field-group
field	orientation:responsive;validity:invalid	input	input	input	-	true	true	384	36	384	37	true	-	-	-	-	field,field-set,field-group
field	orientation:responsive;validity:invalid	-	-	button	-	false	true	0	0	-	-	-	-	-	-	not-rendered	-
field	orientation:responsive;validity:invalid	-	-	button	-	false	true	0	0	-	-	-	-	-	-	not-rendered	-
field	orientation:responsive;validity:invalid	-	-	button	-	false	true	0	0	-	-	-	-	-	-	not-rendered	-
field	orientation:responsive;validity:invalid	-	-	a	-	false	true	0	0	-	-	-	-	-	-	not-rendered	-
field	orientation:responsive;validity:invalid	-	-	a	-	false	true	0	0	-	-	-	-	-	-	not-rendered	-
field	orientation:responsive;validity:invalid	-	-	a	-	false	true	0	0	-	-	-	-	-	-	not-rendered	-
field	orientation:responsive;validity:invalid	-	-	a	-	false	true	0	0	-	-	-	-	-	-	not-rendered	-
input	-	label	label	label	-	true	true	384	14	384	14	false	-	-	-	-	-
input	-	input	input	input	-	true	true	384	36	384	37	true	-	-	-	-	-
input	-	-	-	button	-	false	true	0	0	-	-	-	-	-	-	not-rendered	-
input	-	-	-	button	-	false	true	0	0	-	-	-	-	-	-	not-rendered	-
input	-	-	-	button	-	false	true	0	0	-	-	-	-	-	-	not-rendered	-
input	-	-	-	a	-	false	true	0	0	-	-	-	-	-	-	not-rendered	-
input	-	-	-	a	-	false	true	0	0	-	-	-	-	-	-	not-rendered	-
input	-	-	-	a	-	false	true	0	0	-	-	-	-	-	-	not-rendered	-
input	-	-	-	a	-	false	true	0	0	-	-	-	-	-	-	not-rendered	-
input-group	disabled:enabled;validity:valid	field	field-label	label	-	true	true	79.4	14	80	16	false	-	-	-	-	field
input-group	disabled:enabled;validity:valid	input-group	input-group-input	input	-	true	true	275.8	36	277	37	true	-	-	-	-	input-group,field
input-group	disabled:enabled;validity:valid	input-group	input-group-button	button	-	true	true	24	24	25	25	false	-	-	-	-	input-group,field
input-group	disabled:enabled;validity:valid	field	field-label	label	-	true	true	51.8	14	52	16	false	-	-	-	-	field
input-group	disabled:enabled;validity:valid	input-group	input-group-textarea	textarea	-	true	true	317.5	96	318	97	true	-	-	-	-	input-group,field
input-group	disabled:enabled;validity:valid	-	-	button	-	false	true	0	0	-	-	-	-	-	-	not-rendered	-
input-group	disabled:enabled;validity:valid	-	-	button	-	false	true	0	0	-	-	-	-	-	-	not-rendered	-
input-group	disabled:enabled;validity:valid	-	-	button	-	false	true	0	0	-	-	-	-	-	-	not-rendered	-
input-group	disabled:enabled;validity:valid	-	-	a	-	false	true	0	0	-	-	-	-	-	-	not-rendered	-
input-group	disabled:enabled;validity:valid	-	-	a	-	false	true	0	0	-	-	-	-	-	-	not-rendered	-
input-group	disabled:enabled;validity:valid	-	-	a	-	false	true	0	0	-	-	-	-	-	-	not-rendered	-
input-group	disabled:enabled;validity:valid	-	-	a	-	false	true	0	0	-	-	-	-	-	-	not-rendered	-
input-group	disabled:enabled;validity:invalid	field	field-label	label	-	true	true	79.4	14	80	16	false	-	-	-	-	field
input-group	disabled:enabled;validity:invalid	input-group	input-group-input	input	-	true	true	275.8	36	277	37	true	-	-	-	-	input-group,field
input-group	disabled:enabled;validity:invalid	input-group	input-group-button	button	-	true	true	24	24	25	25	false	-	-	-	-	input-group,field
input-group	disabled:enabled;validity:invalid	field	field-label	label	-	true	true	51.8	14	52	16	false	-	-	-	-	field
input-group	disabled:enabled;validity:invalid	input-group	input-group-textarea	textarea	-	true	true	317.5	96	318	97	true	-	-	-	-	input-group,field
input-group	disabled:enabled;validity:invalid	-	-	button	-	false	true	0	0	-	-	-	-	-	-	not-rendered	-
input-group	disabled:enabled;validity:invalid	-	-	button	-	false	true	0	0	-	-	-	-	-	-	not-rendered	-
input-group	disabled:enabled;validity:invalid	-	-	button	-	false	true	0	0	-	-	-	-	-	-	not-rendered	-
input-group	disabled:enabled;validity:invalid	-	-	a	-	false	true	0	0	-	-	-	-	-	-	not-rendered	-
input-group	disabled:enabled;validity:invalid	-	-	a	-	false	true	0	0	-	-	-	-	-	-	not-rendered	-
input-group	disabled:enabled;validity:invalid	-	-	a	-	false	true	0	0	-	-	-	-	-	-	not-rendered	-
input-group	disabled:enabled;validity:invalid	-	-	a	-	false	true	0	0	-	-	-	-	-	-	not-rendered	-
input-group	disabled:disabled;validity:valid	field	field-label	label	-	true	true	79.4	14	80	16	false	-	-	-	-	field
input-group	disabled:disabled;validity:valid	input-group	input-group-input	input	-	true	true	275.8	36	0	0	false	-	-	-	pointer-events:none,no-hit-point	input-group,field
input-group	disabled:disabled;validity:valid	input-group	input-group-button	button	-	true	true	24	24	0	0	false	-	-	-	pointer-events:none,no-hit-point	input-group,field
input-group	disabled:disabled;validity:valid	field	field-label	label	-	true	true	51.8	14	52	16	false	-	-	-	-	field
input-group	disabled:disabled;validity:valid	input-group	input-group-textarea	textarea	-	true	true	317.5	96	0	0	false	-	-	-	pointer-events:none,no-hit-point	input-group,field
input-group	disabled:disabled;validity:valid	-	-	button	-	false	true	0	0	-	-	-	-	-	-	not-rendered	-
input-group	disabled:disabled;validity:valid	-	-	button	-	false	true	0	0	-	-	-	-	-	-	not-rendered	-
input-group	disabled:disabled;validity:valid	-	-	button	-	false	true	0	0	-	-	-	-	-	-	not-rendered	-
input-group	disabled:disabled;validity:valid	-	-	a	-	false	true	0	0	-	-	-	-	-	-	not-rendered	-
input-group	disabled:disabled;validity:valid	-	-	a	-	false	true	0	0	-	-	-	-	-	-	not-rendered	-
input-group	disabled:disabled;validity:valid	-	-	a	-	false	true	0	0	-	-	-	-	-	-	not-rendered	-
input-group	disabled:disabled;validity:valid	-	-	a	-	false	true	0	0	-	-	-	-	-	-	not-rendered	-
input-group	disabled:disabled;validity:invalid	field	field-label	label	-	true	true	79.4	14	80	16	false	-	-	-	-	field
input-group	disabled:disabled;validity:invalid	input-group	input-group-input	input	-	true	true	275.8	36	0	0	false	-	-	-	pointer-events:none,no-hit-point	input-group,field
input-group	disabled:disabled;validity:invalid	input-group	input-group-button	button	-	true	true	24	24	0	0	false	-	-	-	pointer-events:none,no-hit-point	input-group,field
input-group	disabled:disabled;validity:invalid	field	field-label	label	-	true	true	51.8	14	52	16	false	-	-	-	-	field
input-group	disabled:disabled;validity:invalid	input-group	input-group-textarea	textarea	-	true	true	317.5	96	0	0	false	-	-	-	pointer-events:none,no-hit-point	input-group,field
input-group	disabled:disabled;validity:invalid	-	-	button	-	false	true	0	0	-	-	-	-	-	-	not-rendered	-
input-group	disabled:disabled;validity:invalid	-	-	button	-	false	true	0	0	-	-	-	-	-	-	not-rendered	-
input-group	disabled:disabled;validity:invalid	-	-	button	-	false	true	0	0	-	-	-	-	-	-	not-rendered	-
input-group	disabled:disabled;validity:invalid	-	-	a	-	false	true	0	0	-	-	-	-	-	-	not-rendered	-
input-group	disabled:disabled;validity:invalid	-	-	a	-	false	true	0	0	-	-	-	-	-	-	not-rendered	-
input-group	disabled:disabled;validity:invalid	-	-	a	-	false	true	0	0	-	-	-	-	-	-	not-rendered	-
input-group	disabled:disabled;validity:invalid	-	-	a	-	false	true	0	0	-	-	-	-	-	-	not-rendered	-
input-otp	cursor:idle;validity:valid;value:empty	field	field-label	label	-	true	true	48.4	14	49	16	false	-	-	-	-	field
input-otp	cursor:idle;validity:valid;value:empty	input-otp	input-otp-control	input	-	true	true	384	36	384	37	true	-	-	-	-	field
input-otp	cursor:idle;validity:valid;value:empty	-	-	button	-	false	true	0	0	-	-	-	-	-	-	not-rendered	-
input-otp	cursor:idle;validity:valid;value:empty	-	-	button	-	false	true	0	0	-	-	-	-	-	-	not-rendered	-
input-otp	cursor:idle;validity:valid;value:empty	-	-	button	-	false	true	0	0	-	-	-	-	-	-	not-rendered	-
input-otp	cursor:idle;validity:valid;value:empty	-	-	a	-	false	true	0	0	-	-	-	-	-	-	not-rendered	-
input-otp	cursor:idle;validity:valid;value:empty	-	-	a	-	false	true	0	0	-	-	-	-	-	-	not-rendered	-
input-otp	cursor:idle;validity:valid;value:empty	-	-	a	-	false	true	0	0	-	-	-	-	-	-	not-rendered	-
input-otp	cursor:idle;validity:valid;value:empty	-	-	a	-	false	true	0	0	-	-	-	-	-	-	not-rendered	-
input-otp	cursor:idle;validity:valid;value:filled	field	field-label	label	-	true	true	48.4	14	49	16	false	-	-	-	-	field
input-otp	cursor:idle;validity:valid;value:filled	input-otp	input-otp-control	input	-	true	true	384	36	384	37	true	-	-	-	-	field
input-otp	cursor:idle;validity:valid;value:filled	-	-	button	-	false	true	0	0	-	-	-	-	-	-	not-rendered	-
input-otp	cursor:idle;validity:valid;value:filled	-	-	button	-	false	true	0	0	-	-	-	-	-	-	not-rendered	-
input-otp	cursor:idle;validity:valid;value:filled	-	-	button	-	false	true	0	0	-	-	-	-	-	-	not-rendered	-
input-otp	cursor:idle;validity:valid;value:filled	-	-	a	-	false	true	0	0	-	-	-	-	-	-	not-rendered	-
input-otp	cursor:idle;validity:valid;value:filled	-	-	a	-	false	true	0	0	-	-	-	-	-	-	not-rendered	-
input-otp	cursor:idle;validity:valid;value:filled	-	-	a	-	false	true	0	0	-	-	-	-	-	-	not-rendered	-
input-otp	cursor:idle;validity:valid;value:filled	-	-	a	-	false	true	0	0	-	-	-	-	-	-	not-rendered	-
input-otp	cursor:idle;validity:invalid;value:empty	field	field-label	label	-	true	true	48.4	14	49	16	false	-	-	-	-	field
input-otp	cursor:idle;validity:invalid;value:empty	input-otp	input-otp-control	input	-	true	true	384	36	384	37	true	-	-	-	-	field
input-otp	cursor:idle;validity:invalid;value:empty	-	-	button	-	false	true	0	0	-	-	-	-	-	-	not-rendered	-
input-otp	cursor:idle;validity:invalid;value:empty	-	-	button	-	false	true	0	0	-	-	-	-	-	-	not-rendered	-
input-otp	cursor:idle;validity:invalid;value:empty	-	-	button	-	false	true	0	0	-	-	-	-	-	-	not-rendered	-
input-otp	cursor:idle;validity:invalid;value:empty	-	-	a	-	false	true	0	0	-	-	-	-	-	-	not-rendered	-
input-otp	cursor:idle;validity:invalid;value:empty	-	-	a	-	false	true	0	0	-	-	-	-	-	-	not-rendered	-
input-otp	cursor:idle;validity:invalid;value:empty	-	-	a	-	false	true	0	0	-	-	-	-	-	-	not-rendered	-
input-otp	cursor:idle;validity:invalid;value:empty	-	-	a	-	false	true	0	0	-	-	-	-	-	-	not-rendered	-
input-otp	cursor:idle;validity:invalid;value:filled	field	field-label	label	-	true	true	48.4	14	49	16	false	-	-	-	-	field
input-otp	cursor:idle;validity:invalid;value:filled	input-otp	input-otp-control	input	-	true	true	384	36	384	37	true	-	-	-	-	field
input-otp	cursor:idle;validity:invalid;value:filled	-	-	button	-	false	true	0	0	-	-	-	-	-	-	not-rendered	-
input-otp	cursor:idle;validity:invalid;value:filled	-	-	button	-	false	true	0	0	-	-	-	-	-	-	not-rendered	-
input-otp	cursor:idle;validity:invalid;value:filled	-	-	button	-	false	true	0	0	-	-	-	-	-	-	not-rendered	-
input-otp	cursor:idle;validity:invalid;value:filled	-	-	a	-	false	true	0	0	-	-	-	-	-	-	not-rendered	-
input-otp	cursor:idle;validity:invalid;value:filled	-	-	a	-	false	true	0	0	-	-	-	-	-	-	not-rendered	-
input-otp	cursor:idle;validity:invalid;value:filled	-	-	a	-	false	true	0	0	-	-	-	-	-	-	not-rendered	-
input-otp	cursor:idle;validity:invalid;value:filled	-	-	a	-	false	true	0	0	-	-	-	-	-	-	not-rendered	-
input-otp	cursor:active;validity:valid;value:empty	field	field-label	label	-	true	true	48.4	14	49	16	false	-	-	-	-	field
input-otp	cursor:active;validity:valid;value:empty	input-otp	input-otp-control	input	-	true	true	384	36	384	37	true	-	-	-	-	field
input-otp	cursor:active;validity:valid;value:empty	-	-	button	-	false	true	0	0	-	-	-	-	-	-	not-rendered	-
input-otp	cursor:active;validity:valid;value:empty	-	-	button	-	false	true	0	0	-	-	-	-	-	-	not-rendered	-
input-otp	cursor:active;validity:valid;value:empty	-	-	button	-	false	true	0	0	-	-	-	-	-	-	not-rendered	-
input-otp	cursor:active;validity:valid;value:empty	-	-	a	-	false	true	0	0	-	-	-	-	-	-	not-rendered	-
input-otp	cursor:active;validity:valid;value:empty	-	-	a	-	false	true	0	0	-	-	-	-	-	-	not-rendered	-
input-otp	cursor:active;validity:valid;value:empty	-	-	a	-	false	true	0	0	-	-	-	-	-	-	not-rendered	-
input-otp	cursor:active;validity:valid;value:empty	-	-	a	-	false	true	0	0	-	-	-	-	-	-	not-rendered	-
input-otp	cursor:active;validity:valid;value:filled	field	field-label	label	-	true	true	48.4	14	49	16	false	-	-	-	-	field
input-otp	cursor:active;validity:valid;value:filled	input-otp	input-otp-control	input	-	true	true	384	36	384	37	true	-	-	-	-	field
input-otp	cursor:active;validity:valid;value:filled	-	-	button	-	false	true	0	0	-	-	-	-	-	-	not-rendered	-
input-otp	cursor:active;validity:valid;value:filled	-	-	button	-	false	true	0	0	-	-	-	-	-	-	not-rendered	-
input-otp	cursor:active;validity:valid;value:filled	-	-	button	-	false	true	0	0	-	-	-	-	-	-	not-rendered	-
input-otp	cursor:active;validity:valid;value:filled	-	-	a	-	false	true	0	0	-	-	-	-	-	-	not-rendered	-
input-otp	cursor:active;validity:valid;value:filled	-	-	a	-	false	true	0	0	-	-	-	-	-	-	not-rendered	-
input-otp	cursor:active;validity:valid;value:filled	-	-	a	-	false	true	0	0	-	-	-	-	-	-	not-rendered	-
input-otp	cursor:active;validity:valid;value:filled	-	-	a	-	false	true	0	0	-	-	-	-	-	-	not-rendered	-
input-otp	cursor:active;validity:invalid;value:empty	field	field-label	label	-	true	true	48.4	14	49	16	false	-	-	-	-	field
input-otp	cursor:active;validity:invalid;value:empty	input-otp	input-otp-control	input	-	true	true	384	36	384	37	true	-	-	-	-	field
input-otp	cursor:active;validity:invalid;value:empty	-	-	button	-	false	true	0	0	-	-	-	-	-	-	not-rendered	-
input-otp	cursor:active;validity:invalid;value:empty	-	-	button	-	false	true	0	0	-	-	-	-	-	-	not-rendered	-
input-otp	cursor:active;validity:invalid;value:empty	-	-	button	-	false	true	0	0	-	-	-	-	-	-	not-rendered	-
input-otp	cursor:active;validity:invalid;value:empty	-	-	a	-	false	true	0	0	-	-	-	-	-	-	not-rendered	-
input-otp	cursor:active;validity:invalid;value:empty	-	-	a	-	false	true	0	0	-	-	-	-	-	-	not-rendered	-
input-otp	cursor:active;validity:invalid;value:empty	-	-	a	-	false	true	0	0	-	-	-	-	-	-	not-rendered	-
input-otp	cursor:active;validity:invalid;value:empty	-	-	a	-	false	true	0	0	-	-	-	-	-	-	not-rendered	-
input-otp	cursor:active;validity:invalid;value:filled	field	field-label	label	-	true	true	48.4	14	49	16	false	-	-	-	-	field
input-otp	cursor:active;validity:invalid;value:filled	input-otp	input-otp-control	input	-	true	true	384	36	384	37	true	-	-	-	-	field
input-otp	cursor:active;validity:invalid;value:filled	-	-	button	-	false	true	0	0	-	-	-	-	-	-	not-rendered	-
input-otp	cursor:active;validity:invalid;value:filled	-	-	button	-	false	true	0	0	-	-	-	-	-	-	not-rendered	-
input-otp	cursor:active;validity:invalid;value:filled	-	-	button	-	false	true	0	0	-	-	-	-	-	-	not-rendered	-
input-otp	cursor:active;validity:invalid;value:filled	-	-	a	-	false	true	0	0	-	-	-	-	-	-	not-rendered	-
input-otp	cursor:active;validity:invalid;value:filled	-	-	a	-	false	true	0	0	-	-	-	-	-	-	not-rendered	-
input-otp	cursor:active;validity:invalid;value:filled	-	-	a	-	false	true	0	0	-	-	-	-	-	-	not-rendered	-
input-otp	cursor:active;validity:invalid;value:filled	-	-	a	-	false	true	0	0	-	-	-	-	-	-	not-rendered	-
item	size:default;variant:default;item:default	button	button	button	-	true	true	50.2	32	51	33	true	-	-	-	-	item-actions,item
item	size:default;variant:default;item:default	button	button	button	-	true	true	50.2	32	51	33	true	-	-	-	-	item-actions,item
item	size:default;variant:default;item:default	button	button	button	-	true	true	50.2	32	51	33	true	-	-	-	-	item-actions,item
item	size:default;variant:default;item:default	button	button	button	-	true	true	50.2	32	51	33	true	-	-	-	-	item-actions,item
item	size:default;variant:default;item:default	-	-	button	-	false	true	0	0	-	-	-	-	-	-	not-rendered	-
item	size:default;variant:default;item:default	-	-	button	-	false	true	0	0	-	-	-	-	-	-	not-rendered	-
item	size:default;variant:default;item:default	-	-	button	-	false	true	0	0	-	-	-	-	-	-	not-rendered	-
item	size:default;variant:default;item:default	-	-	a	-	false	true	0	0	-	-	-	-	-	-	not-rendered	-
item	size:default;variant:default;item:default	-	-	a	-	false	true	0	0	-	-	-	-	-	-	not-rendered	-
item	size:default;variant:default;item:default	-	-	a	-	false	true	0	0	-	-	-	-	-	-	not-rendered	-
item	size:default;variant:default;item:default	-	-	a	-	false	true	0	0	-	-	-	-	-	-	not-rendered	-
item	size:default;variant:default;item:selected	button	button	button	-	true	true	50.2	32	51	33	true	-	-	-	-	item-actions,item
item	size:default;variant:default;item:selected	button	button	button	-	true	true	50.2	32	51	33	true	-	-	-	-	item-actions,item
item	size:default;variant:default;item:selected	button	button	button	-	true	true	50.2	32	51	33	true	-	-	-	-	item-actions,item
item	size:default;variant:default;item:selected	button	button	button	-	true	true	50.2	32	51	33	true	-	-	-	-	item-actions,item
item	size:default;variant:default;item:selected	-	-	button	-	false	true	0	0	-	-	-	-	-	-	not-rendered	-
item	size:default;variant:default;item:selected	-	-	button	-	false	true	0	0	-	-	-	-	-	-	not-rendered	-
item	size:default;variant:default;item:selected	-	-	button	-	false	true	0	0	-	-	-	-	-	-	not-rendered	-
item	size:default;variant:default;item:selected	-	-	a	-	false	true	0	0	-	-	-	-	-	-	not-rendered	-
item	size:default;variant:default;item:selected	-	-	a	-	false	true	0	0	-	-	-	-	-	-	not-rendered	-
item	size:default;variant:default;item:selected	-	-	a	-	false	true	0	0	-	-	-	-	-	-	not-rendered	-
item	size:default;variant:default;item:selected	-	-	a	-	false	true	0	0	-	-	-	-	-	-	not-rendered	-
item	size:default;variant:outline;item:default	button	button	button	-	true	true	50.2	32	51	33	true	-	-	-	-	item-actions,item
item	size:default;variant:outline;item:default	button	button	button	-	true	true	50.2	32	51	33	true	-	-	-	-	item-actions,item
item	size:default;variant:outline;item:default	button	button	button	-	true	true	50.2	32	51	33	true	-	-	-	-	item-actions,item
item	size:default;variant:outline;item:default	button	button	button	-	true	true	50.2	32	51	33	true	-	-	-	-	item-actions,item
item	size:default;variant:outline;item:default	-	-	button	-	false	true	0	0	-	-	-	-	-	-	not-rendered	-
item	size:default;variant:outline;item:default	-	-	button	-	false	true	0	0	-	-	-	-	-	-	not-rendered	-
item	size:default;variant:outline;item:default	-	-	button	-	false	true	0	0	-	-	-	-	-	-	not-rendered	-
item	size:default;variant:outline;item:default	-	-	a	-	false	true	0	0	-	-	-	-	-	-	not-rendered	-
item	size:default;variant:outline;item:default	-	-	a	-	false	true	0	0	-	-	-	-	-	-	not-rendered	-
item	size:default;variant:outline;item:default	-	-	a	-	false	true	0	0	-	-	-	-	-	-	not-rendered	-
item	size:default;variant:outline;item:default	-	-	a	-	false	true	0	0	-	-	-	-	-	-	not-rendered	-
item	size:default;variant:outline;item:selected	button	button	button	-	true	true	50.2	32	51	33	true	-	-	-	-	item-actions,item
item	size:default;variant:outline;item:selected	button	button	button	-	true	true	50.2	32	51	33	true	-	-	-	-	item-actions,item
item	size:default;variant:outline;item:selected	button	button	button	-	true	true	50.2	32	51	33	true	-	-	-	-	item-actions,item
item	size:default;variant:outline;item:selected	button	button	button	-	true	true	50.2	32	51	33	true	-	-	-	-	item-actions,item
item	size:default;variant:outline;item:selected	-	-	button	-	false	true	0	0	-	-	-	-	-	-	not-rendered	-
item	size:default;variant:outline;item:selected	-	-	button	-	false	true	0	0	-	-	-	-	-	-	not-rendered	-
item	size:default;variant:outline;item:selected	-	-	button	-	false	true	0	0	-	-	-	-	-	-	not-rendered	-
item	size:default;variant:outline;item:selected	-	-	a	-	false	true	0	0	-	-	-	-	-	-	not-rendered	-
item	size:default;variant:outline;item:selected	-	-	a	-	false	true	0	0	-	-	-	-	-	-	not-rendered	-
item	size:default;variant:outline;item:selected	-	-	a	-	false	true	0	0	-	-	-	-	-	-	not-rendered	-
item	size:default;variant:outline;item:selected	-	-	a	-	false	true	0	0	-	-	-	-	-	-	not-rendered	-
item	size:default;variant:muted;item:default	button	button	button	-	true	true	50.2	32	51	33	true	-	-	-	-	item-actions,item
item	size:default;variant:muted;item:default	button	button	button	-	true	true	50.2	32	51	33	true	-	-	-	-	item-actions,item
item	size:default;variant:muted;item:default	button	button	button	-	true	true	50.2	32	51	33	true	-	-	-	-	item-actions,item
item	size:default;variant:muted;item:default	button	button	button	-	true	true	50.2	32	51	33	true	-	-	-	-	item-actions,item
item	size:default;variant:muted;item:default	-	-	button	-	false	true	0	0	-	-	-	-	-	-	not-rendered	-
item	size:default;variant:muted;item:default	-	-	button	-	false	true	0	0	-	-	-	-	-	-	not-rendered	-
item	size:default;variant:muted;item:default	-	-	button	-	false	true	0	0	-	-	-	-	-	-	not-rendered	-
item	size:default;variant:muted;item:default	-	-	a	-	false	true	0	0	-	-	-	-	-	-	not-rendered	-
item	size:default;variant:muted;item:default	-	-	a	-	false	true	0	0	-	-	-	-	-	-	not-rendered	-
item	size:default;variant:muted;item:default	-	-	a	-	false	true	0	0	-	-	-	-	-	-	not-rendered	-
item	size:default;variant:muted;item:default	-	-	a	-	false	true	0	0	-	-	-	-	-	-	not-rendered	-
item	size:default;variant:muted;item:selected	button	button	button	-	true	true	50.2	32	51	33	true	-	-	-	-	item-actions,item
item	size:default;variant:muted;item:selected	button	button	button	-	true	true	50.2	32	51	33	true	-	-	-	-	item-actions,item
item	size:default;variant:muted;item:selected	button	button	button	-	true	true	50.2	32	51	33	true	-	-	-	-	item-actions,item
item	size:default;variant:muted;item:selected	button	button	button	-	true	true	50.2	32	51	33	true	-	-	-	-	item-actions,item
item	size:default;variant:muted;item:selected	-	-	button	-	false	true	0	0	-	-	-	-	-	-	not-rendered	-
item	size:default;variant:muted;item:selected	-	-	button	-	false	true	0	0	-	-	-	-	-	-	not-rendered	-
item	size:default;variant:muted;item:selected	-	-	button	-	false	true	0	0	-	-	-	-	-	-	not-rendered	-
item	size:default;variant:muted;item:selected	-	-	a	-	false	true	0	0	-	-	-	-	-	-	not-rendered	-
item	size:default;variant:muted;item:selected	-	-	a	-	false	true	0	0	-	-	-	-	-	-	not-rendered	-
item	size:default;variant:muted;item:selected	-	-	a	-	false	true	0	0	-	-	-	-	-	-	not-rendered	-
item	size:default;variant:muted;item:selected	-	-	a	-	false	true	0	0	-	-	-	-	-	-	not-rendered	-
item	size:sm;variant:default;item:default	button	button	button	-	true	true	50.2	32	51	33	true	-	-	-	-	item-actions,item
item	size:sm;variant:default;item:default	button	button	button	-	true	true	50.2	32	51	33	true	-	-	-	-	item-actions,item
item	size:sm;variant:default;item:default	button	button	button	-	true	true	50.2	32	51	33	true	-	-	-	-	item-actions,item
item	size:sm;variant:default;item:default	button	button	button	-	true	true	50.2	32	51	33	true	-	-	-	-	item-actions,item
item	size:sm;variant:default;item:default	-	-	button	-	false	true	0	0	-	-	-	-	-	-	not-rendered	-
item	size:sm;variant:default;item:default	-	-	button	-	false	true	0	0	-	-	-	-	-	-	not-rendered	-
item	size:sm;variant:default;item:default	-	-	button	-	false	true	0	0	-	-	-	-	-	-	not-rendered	-
item	size:sm;variant:default;item:default	-	-	a	-	false	true	0	0	-	-	-	-	-	-	not-rendered	-
item	size:sm;variant:default;item:default	-	-	a	-	false	true	0	0	-	-	-	-	-	-	not-rendered	-
item	size:sm;variant:default;item:default	-	-	a	-	false	true	0	0	-	-	-	-	-	-	not-rendered	-
item	size:sm;variant:default;item:default	-	-	a	-	false	true	0	0	-	-	-	-	-	-	not-rendered	-
item	size:sm;variant:default;item:selected	button	button	button	-	true	true	50.2	32	51	33	true	-	-	-	-	item-actions,item
item	size:sm;variant:default;item:selected	button	button	button	-	true	true	50.2	32	51	33	true	-	-	-	-	item-actions,item
item	size:sm;variant:default;item:selected	button	button	button	-	true	true	50.2	32	51	33	true	-	-	-	-	item-actions,item
item	size:sm;variant:default;item:selected	button	button	button	-	true	true	50.2	32	51	33	true	-	-	-	-	item-actions,item
item	size:sm;variant:default;item:selected	-	-	button	-	false	true	0	0	-	-	-	-	-	-	not-rendered	-
item	size:sm;variant:default;item:selected	-	-	button	-	false	true	0	0	-	-	-	-	-	-	not-rendered	-
item	size:sm;variant:default;item:selected	-	-	button	-	false	true	0	0	-	-	-	-	-	-	not-rendered	-
item	size:sm;variant:default;item:selected	-	-	a	-	false	true	0	0	-	-	-	-	-	-	not-rendered	-
item	size:sm;variant:default;item:selected	-	-	a	-	false	true	0	0	-	-	-	-	-	-	not-rendered	-
item	size:sm;variant:default;item:selected	-	-	a	-	false	true	0	0	-	-	-	-	-	-	not-rendered	-
item	size:sm;variant:default;item:selected	-	-	a	-	false	true	0	0	-	-	-	-	-	-	not-rendered	-
item	size:sm;variant:outline;item:default	button	button	button	-	true	true	50.2	32	51	33	true	-	-	-	-	item-actions,item
item	size:sm;variant:outline;item:default	button	button	button	-	true	true	50.2	32	51	33	true	-	-	-	-	item-actions,item
item	size:sm;variant:outline;item:default	button	button	button	-	true	true	50.2	32	51	33	true	-	-	-	-	item-actions,item
item	size:sm;variant:outline;item:default	button	button	button	-	true	true	50.2	32	51	33	true	-	-	-	-	item-actions,item
item	size:sm;variant:outline;item:default	-	-	button	-	false	true	0	0	-	-	-	-	-	-	not-rendered	-
item	size:sm;variant:outline;item:default	-	-	button	-	false	true	0	0	-	-	-	-	-	-	not-rendered	-
item	size:sm;variant:outline;item:default	-	-	button	-	false	true	0	0	-	-	-	-	-	-	not-rendered	-
item	size:sm;variant:outline;item:default	-	-	a	-	false	true	0	0	-	-	-	-	-	-	not-rendered	-
item	size:sm;variant:outline;item:default	-	-	a	-	false	true	0	0	-	-	-	-	-	-	not-rendered	-
item	size:sm;variant:outline;item:default	-	-	a	-	false	true	0	0	-	-	-	-	-	-	not-rendered	-
item	size:sm;variant:outline;item:default	-	-	a	-	false	true	0	0	-	-	-	-	-	-	not-rendered	-
item	size:sm;variant:outline;item:selected	button	button	button	-	true	true	50.2	32	51	33	true	-	-	-	-	item-actions,item
item	size:sm;variant:outline;item:selected	button	button	button	-	true	true	50.2	32	51	33	true	-	-	-	-	item-actions,item
item	size:sm;variant:outline;item:selected	button	button	button	-	true	true	50.2	32	51	33	true	-	-	-	-	item-actions,item
item	size:sm;variant:outline;item:selected	button	button	button	-	true	true	50.2	32	51	33	true	-	-	-	-	item-actions,item
item	size:sm;variant:outline;item:selected	-	-	button	-	false	true	0	0	-	-	-	-	-	-	not-rendered	-
item	size:sm;variant:outline;item:selected	-	-	button	-	false	true	0	0	-	-	-	-	-	-	not-rendered	-
item	size:sm;variant:outline;item:selected	-	-	button	-	false	true	0	0	-	-	-	-	-	-	not-rendered	-
item	size:sm;variant:outline;item:selected	-	-	a	-	false	true	0	0	-	-	-	-	-	-	not-rendered	-
item	size:sm;variant:outline;item:selected	-	-	a	-	false	true	0	0	-	-	-	-	-	-	not-rendered	-
item	size:sm;variant:outline;item:selected	-	-	a	-	false	true	0	0	-	-	-	-	-	-	not-rendered	-
item	size:sm;variant:outline;item:selected	-	-	a	-	false	true	0	0	-	-	-	-	-	-	not-rendered	-
item	size:sm;variant:muted;item:default	button	button	button	-	true	true	50.2	32	51	33	true	-	-	-	-	item-actions,item
item	size:sm;variant:muted;item:default	button	button	button	-	true	true	50.2	32	51	33	true	-	-	-	-	item-actions,item
item	size:sm;variant:muted;item:default	button	button	button	-	true	true	50.2	32	51	33	true	-	-	-	-	item-actions,item
item	size:sm;variant:muted;item:default	button	button	button	-	true	true	50.2	32	51	33	true	-	-	-	-	item-actions,item
item	size:sm;variant:muted;item:default	-	-	button	-	false	true	0	0	-	-	-	-	-	-	not-rendered	-
item	size:sm;variant:muted;item:default	-	-	button	-	false	true	0	0	-	-	-	-	-	-	not-rendered	-
item	size:sm;variant:muted;item:default	-	-	button	-	false	true	0	0	-	-	-	-	-	-	not-rendered	-
item	size:sm;variant:muted;item:default	-	-	a	-	false	true	0	0	-	-	-	-	-	-	not-rendered	-
item	size:sm;variant:muted;item:default	-	-	a	-	false	true	0	0	-	-	-	-	-	-	not-rendered	-
item	size:sm;variant:muted;item:default	-	-	a	-	false	true	0	0	-	-	-	-	-	-	not-rendered	-
item	size:sm;variant:muted;item:default	-	-	a	-	false	true	0	0	-	-	-	-	-	-	not-rendered	-
item	size:sm;variant:muted;item:selected	button	button	button	-	true	true	50.2	32	51	33	true	-	-	-	-	item-actions,item
item	size:sm;variant:muted;item:selected	button	button	button	-	true	true	50.2	32	51	33	true	-	-	-	-	item-actions,item
item	size:sm;variant:muted;item:selected	button	button	button	-	true	true	50.2	32	51	33	true	-	-	-	-	item-actions,item
item	size:sm;variant:muted;item:selected	button	button	button	-	true	true	50.2	32	51	33	true	-	-	-	-	item-actions,item
item	size:sm;variant:muted;item:selected	-	-	button	-	false	true	0	0	-	-	-	-	-	-	not-rendered	-
item	size:sm;variant:muted;item:selected	-	-	button	-	false	true	0	0	-	-	-	-	-	-	not-rendered	-
item	size:sm;variant:muted;item:selected	-	-	button	-	false	true	0	0	-	-	-	-	-	-	not-rendered	-
item	size:sm;variant:muted;item:selected	-	-	a	-	false	true	0	0	-	-	-	-	-	-	not-rendered	-
item	size:sm;variant:muted;item:selected	-	-	a	-	false	true	0	0	-	-	-	-	-	-	not-rendered	-
item	size:sm;variant:muted;item:selected	-	-	a	-	false	true	0	0	-	-	-	-	-	-	not-rendered	-
item	size:sm;variant:muted;item:selected	-	-	a	-	false	true	0	0	-	-	-	-	-	-	not-rendered	-
kbd	-	button	button	button	-	true	true	113.8	36	114	21	false	-	-	-	-	-
kbd	-	tooltip	tooltip-trigger	button	-	true	true	85.8	36	86	37	true	-	-	-	-	-
kbd	-	-	-	button	-	false	true	0	0	-	-	-	-	-	-	not-rendered	-
kbd	-	-	-	button	-	false	true	0	0	-	-	-	-	-	-	not-rendered	-
kbd	-	-	-	button	-	false	true	0	0	-	-	-	-	-	-	not-rendered	-
kbd	-	-	-	a	-	false	true	0	0	-	-	-	-	-	-	not-rendered	-
kbd	-	-	-	a	-	false	true	0	0	-	-	-	-	-	-	not-rendered	-
kbd	-	-	-	a	-	false	true	0	0	-	-	-	-	-	-	not-rendered	-
kbd	-	-	-	a	-	false	true	0	0	-	-	-	-	-	-	not-rendered	-
label	-	label	label	label	-	true	true	950	14	950	15	false	-	-	-	-	-
label	-	-	-	button	-	false	true	0	0	-	-	-	-	-	-	not-rendered	-
label	-	-	-	button	-	false	true	0	0	-	-	-	-	-	-	not-rendered	-
label	-	-	-	button	-	false	true	0	0	-	-	-	-	-	-	not-rendered	-
label	-	-	-	a	-	false	true	0	0	-	-	-	-	-	-	not-rendered	-
label	-	-	-	a	-	false	true	0	0	-	-	-	-	-	-	not-rendered	-
label	-	-	-	a	-	false	true	0	0	-	-	-	-	-	-	not-rendered	-
label	-	-	-	a	-	false	true	0	0	-	-	-	-	-	-	not-rendered	-
list-row	row:default	-	-	button	-	false	true	0	0	-	-	-	-	-	-	not-rendered	-
list-row	row:default	-	-	button	-	false	true	0	0	-	-	-	-	-	-	not-rendered	-
list-row	row:default	-	-	button	-	false	true	0	0	-	-	-	-	-	-	not-rendered	-
list-row	row:default	-	-	a	-	false	true	0	0	-	-	-	-	-	-	not-rendered	-
list-row	row:default	-	-	a	-	false	true	0	0	-	-	-	-	-	-	not-rendered	-
list-row	row:default	-	-	a	-	false	true	0	0	-	-	-	-	-	-	not-rendered	-
list-row	row:default	-	-	a	-	false	true	0	0	-	-	-	-	-	-	not-rendered	-
list-row	row:selected	-	-	button	-	false	true	0	0	-	-	-	-	-	-	not-rendered	-
list-row	row:selected	-	-	button	-	false	true	0	0	-	-	-	-	-	-	not-rendered	-
list-row	row:selected	-	-	button	-	false	true	0	0	-	-	-	-	-	-	not-rendered	-
list-row	row:selected	-	-	a	-	false	true	0	0	-	-	-	-	-	-	not-rendered	-
list-row	row:selected	-	-	a	-	false	true	0	0	-	-	-	-	-	-	not-rendered	-
list-row	row:selected	-	-	a	-	false	true	0	0	-	-	-	-	-	-	not-rendered	-
list-row	row:selected	-	-	a	-	false	true	0	0	-	-	-	-	-	-	not-rendered	-
menubar	checked:unchecked;open:closed	menubar	menubar-trigger	button	menuitem	true	true	40.2	30.4	41	32	true	-	-	-	-	menubar
menubar	checked:unchecked;open:closed	menubar	menubar-trigger	button	menuitem	true	true	40.2	30.4	41	32	true	-	-	-	-	menubar
menubar	checked:unchecked;open:closed	-	-	button	-	false	true	0	0	-	-	-	-	-	-	not-rendered	-
menubar	checked:unchecked;open:closed	-	-	button	-	false	true	0	0	-	-	-	-	-	-	not-rendered	-
menubar	checked:unchecked;open:closed	-	-	button	-	false	true	0	0	-	-	-	-	-	-	not-rendered	-
menubar	checked:unchecked;open:closed	-	-	a	-	false	true	0	0	-	-	-	-	-	-	not-rendered	-
menubar	checked:unchecked;open:closed	-	-	a	-	false	true	0	0	-	-	-	-	-	-	not-rendered	-
menubar	checked:unchecked;open:closed	-	-	a	-	false	true	0	0	-	-	-	-	-	-	not-rendered	-
menubar	checked:unchecked;open:closed	-	-	a	-	false	true	0	0	-	-	-	-	-	-	not-rendered	-
menubar	checked:unchecked;open:closed	-	menubar	div	menubar	false	true	94.4	36	95	37	true	-	-	-	-	-
menubar	checked:unchecked;open:open	menubar	menubar-trigger	button	menuitem	true	true	40.2	30.4	41	32	true	-	-	-	-	menubar
menubar	checked:unchecked;open:open	menubar	menubar-trigger	button	menuitem	true	true	40.2	30.4	41	32	true	-	-	-	-	menubar
menubar	checked:unchecked;open:open	menubar	menubar-checkbox-item	div	menuitemcheckbox	true	true	182	34.4	182	35	true	-	-	-	-	menubar-content
menubar	checked:unchecked;open:open	menubar	menubar-radio-item	div	menuitemradio	true	true	182	34.4	182	34	true	-	-	-	-	menubar-radio-group,menubar-content
menubar	checked:unchecked;open:open	menubar	menubar-radio-item	div	menuitemradio	true	true	182	34.4	182	36	true	-	-	-	-	menubar-radio-group,menubar-content
menubar	checked:unchecked;open:open	-	-	span	-	false	true	0	0	-	-	-	-	-	-	not-rendered	-
menubar	checked:unchecked;open:open	-	-	button	-	false	true	0	0	-	-	-	-	-	-	not-rendered	-
menubar	checked:unchecked;open:open	-	-	button	-	false	true	0	0	-	-	-	-	-	-	not-rendered	-
menubar	checked:unchecked;open:open	-	-	button	-	false	true	0	0	-	-	-	-	-	-	not-rendered	-
menubar	checked:unchecked;open:open	-	-	a	-	false	true	0	0	-	-	-	-	-	-	not-rendered	-
menubar	checked:unchecked;open:open	-	-	a	-	false	true	0	0	-	-	-	-	-	-	not-rendered	-
menubar	checked:unchecked;open:open	-	-	a	-	false	true	0	0	-	-	-	-	-	-	not-rendered	-
menubar	checked:unchecked;open:open	-	-	a	-	false	true	0	0	-	-	-	-	-	-	not-rendered	-
menubar	checked:unchecked;open:open	-	menubar	div	menubar	false	true	94.4	36	95	37	true	-	-	-	-	-
menubar	checked:unchecked;open:open	-	menubar-content	div	menu	false	true	192	153.4	192	154	true	-	-	-	-	-
menubar	checked:unchecked;open:open	-	-	span	-	false	true	0	0	-	-	-	-	-	-	not-rendered	-
menubar	checked:checked;open:closed	menubar	menubar-trigger	button	menuitem	true	true	40.2	30.4	41	32	true	-	-	-	-	menubar
menubar	checked:checked;open:closed	menubar	menubar-trigger	button	menuitem	true	true	40.2	30.4	41	32	true	-	-	-	-	menubar
menubar	checked:checked;open:closed	-	-	button	-	false	true	0	0	-	-	-	-	-	-	not-rendered	-
menubar	checked:checked;open:closed	-	-	button	-	false	true	0	0	-	-	-	-	-	-	not-rendered	-
menubar	checked:checked;open:closed	-	-	button	-	false	true	0	0	-	-	-	-	-	-	not-rendered	-
menubar	checked:checked;open:closed	-	-	a	-	false	true	0	0	-	-	-	-	-	-	not-rendered	-
menubar	checked:checked;open:closed	-	-	a	-	false	true	0	0	-	-	-	-	-	-	not-rendered	-
menubar	checked:checked;open:closed	-	-	a	-	false	true	0	0	-	-	-	-	-	-	not-rendered	-
menubar	checked:checked;open:closed	-	-	a	-	false	true	0	0	-	-	-	-	-	-	not-rendered	-
menubar	checked:checked;open:closed	-	menubar	div	menubar	false	true	94.4	36	95	37	true	-	-	-	-	-
menubar	checked:checked;open:open	menubar	menubar-trigger	button	menuitem	true	true	40.2	30.4	41	32	true	-	-	-	-	menubar
menubar	checked:checked;open:open	menubar	menubar-trigger	button	menuitem	true	true	40.2	30.4	41	32	true	-	-	-	-	menubar
menubar	checked:checked;open:open	menubar	menubar-checkbox-item	div	menuitemcheckbox	true	true	182	34.4	182	35	true	-	-	-	-	menubar-content
menubar	checked:checked;open:open	menubar	menubar-radio-item	div	menuitemradio	true	true	182	34.4	182	34	true	-	-	-	-	menubar-radio-group,menubar-content
menubar	checked:checked;open:open	menubar	menubar-radio-item	div	menuitemradio	true	true	182	34.4	182	36	true	-	-	-	-	menubar-radio-group,menubar-content
menubar	checked:checked;open:open	-	-	span	-	false	true	0	0	-	-	-	-	-	-	not-rendered	-
menubar	checked:checked;open:open	-	-	button	-	false	true	0	0	-	-	-	-	-	-	not-rendered	-
menubar	checked:checked;open:open	-	-	button	-	false	true	0	0	-	-	-	-	-	-	not-rendered	-
menubar	checked:checked;open:open	-	-	button	-	false	true	0	0	-	-	-	-	-	-	not-rendered	-
menubar	checked:checked;open:open	-	-	a	-	false	true	0	0	-	-	-	-	-	-	not-rendered	-
menubar	checked:checked;open:open	-	-	a	-	false	true	0	0	-	-	-	-	-	-	not-rendered	-
menubar	checked:checked;open:open	-	-	a	-	false	true	0	0	-	-	-	-	-	-	not-rendered	-
menubar	checked:checked;open:open	-	-	a	-	false	true	0	0	-	-	-	-	-	-	not-rendered	-
menubar	checked:checked;open:open	-	menubar	div	menubar	false	true	94.4	36	95	37	true	-	-	-	-	-
menubar	checked:checked;open:open	-	menubar-content	div	menu	false	true	192	153.4	192	154	true	-	-	-	-	-
menubar	checked:checked;open:open	-	-	span	-	false	true	0	0	-	-	-	-	-	-	not-rendered	-
native-select	size:sm;disabled:enabled;validity:valid	field	field-label	label	-	true	true	24.2	14	25	16	false	-	-	-	-	field
native-select	size:sm;disabled:enabled;validity:valid	native-select	native-select	select	-	true	true	384	32	384	33	true	-	-	-	-	native-select-root,field
native-select	size:sm;disabled:enabled;validity:valid	-	-	button	-	false	true	0	0	-	-	-	-	-	-	not-rendered	-
native-select	size:sm;disabled:enabled;validity:valid	-	-	button	-	false	true	0	0	-	-	-	-	-	-	not-rendered	-
native-select	size:sm;disabled:enabled;validity:valid	-	-	button	-	false	true	0	0	-	-	-	-	-	-	not-rendered	-
native-select	size:sm;disabled:enabled;validity:valid	-	-	a	-	false	true	0	0	-	-	-	-	-	-	not-rendered	-
native-select	size:sm;disabled:enabled;validity:valid	-	-	a	-	false	true	0	0	-	-	-	-	-	-	not-rendered	-
native-select	size:sm;disabled:enabled;validity:valid	-	-	a	-	false	true	0	0	-	-	-	-	-	-	not-rendered	-
native-select	size:sm;disabled:enabled;validity:valid	-	-	a	-	false	true	0	0	-	-	-	-	-	-	not-rendered	-
native-select	size:sm;disabled:enabled;validity:invalid	field	field-label	label	-	true	true	24.2	14	25	16	false	-	-	-	-	field
native-select	size:sm;disabled:enabled;validity:invalid	native-select	native-select	select	-	true	true	384	32	384	33	true	-	-	-	-	native-select-root,field
native-select	size:sm;disabled:enabled;validity:invalid	-	-	button	-	false	true	0	0	-	-	-	-	-	-	not-rendered	-
native-select	size:sm;disabled:enabled;validity:invalid	-	-	button	-	false	true	0	0	-	-	-	-	-	-	not-rendered	-
native-select	size:sm;disabled:enabled;validity:invalid	-	-	button	-	false	true	0	0	-	-	-	-	-	-	not-rendered	-
native-select	size:sm;disabled:enabled;validity:invalid	-	-	a	-	false	true	0	0	-	-	-	-	-	-	not-rendered	-
native-select	size:sm;disabled:enabled;validity:invalid	-	-	a	-	false	true	0	0	-	-	-	-	-	-	not-rendered	-
native-select	size:sm;disabled:enabled;validity:invalid	-	-	a	-	false	true	0	0	-	-	-	-	-	-	not-rendered	-
native-select	size:sm;disabled:enabled;validity:invalid	-	-	a	-	false	true	0	0	-	-	-	-	-	-	not-rendered	-
native-select	size:sm;disabled:disabled;validity:valid	field	field-label	label	-	true	true	24.2	14	25	16	false	-	-	-	-	field
native-select	size:sm;disabled:disabled;validity:valid	native-select	native-select	select	-	true	true	384	32	0	0	false	-	-	-	pointer-events:none,no-hit-point	native-select-root,field
native-select	size:sm;disabled:disabled;validity:valid	-	-	button	-	false	true	0	0	-	-	-	-	-	-	not-rendered	-
native-select	size:sm;disabled:disabled;validity:valid	-	-	button	-	false	true	0	0	-	-	-	-	-	-	not-rendered	-
native-select	size:sm;disabled:disabled;validity:valid	-	-	button	-	false	true	0	0	-	-	-	-	-	-	not-rendered	-
native-select	size:sm;disabled:disabled;validity:valid	-	-	a	-	false	true	0	0	-	-	-	-	-	-	not-rendered	-
native-select	size:sm;disabled:disabled;validity:valid	-	-	a	-	false	true	0	0	-	-	-	-	-	-	not-rendered	-
native-select	size:sm;disabled:disabled;validity:valid	-	-	a	-	false	true	0	0	-	-	-	-	-	-	not-rendered	-
native-select	size:sm;disabled:disabled;validity:valid	-	-	a	-	false	true	0	0	-	-	-	-	-	-	not-rendered	-
native-select	size:sm;disabled:disabled;validity:invalid	field	field-label	label	-	true	true	24.2	14	25	16	false	-	-	-	-	field
native-select	size:sm;disabled:disabled;validity:invalid	native-select	native-select	select	-	true	true	384	32	0	0	false	-	-	-	pointer-events:none,no-hit-point	native-select-root,field
native-select	size:sm;disabled:disabled;validity:invalid	-	-	button	-	false	true	0	0	-	-	-	-	-	-	not-rendered	-
native-select	size:sm;disabled:disabled;validity:invalid	-	-	button	-	false	true	0	0	-	-	-	-	-	-	not-rendered	-
native-select	size:sm;disabled:disabled;validity:invalid	-	-	button	-	false	true	0	0	-	-	-	-	-	-	not-rendered	-
native-select	size:sm;disabled:disabled;validity:invalid	-	-	a	-	false	true	0	0	-	-	-	-	-	-	not-rendered	-
native-select	size:sm;disabled:disabled;validity:invalid	-	-	a	-	false	true	0	0	-	-	-	-	-	-	not-rendered	-
native-select	size:sm;disabled:disabled;validity:invalid	-	-	a	-	false	true	0	0	-	-	-	-	-	-	not-rendered	-
native-select	size:sm;disabled:disabled;validity:invalid	-	-	a	-	false	true	0	0	-	-	-	-	-	-	not-rendered	-
native-select	size:default;disabled:enabled;validity:valid	field	field-label	label	-	true	true	24.2	14	25	16	false	-	-	-	-	field
native-select	size:default;disabled:enabled;validity:valid	native-select	native-select	select	-	true	true	384	36	384	37	true	-	-	-	-	native-select-root,field
native-select	size:default;disabled:enabled;validity:valid	-	-	button	-	false	true	0	0	-	-	-	-	-	-	not-rendered	-
native-select	size:default;disabled:enabled;validity:valid	-	-	button	-	false	true	0	0	-	-	-	-	-	-	not-rendered	-
native-select	size:default;disabled:enabled;validity:valid	-	-	button	-	false	true	0	0	-	-	-	-	-	-	not-rendered	-
native-select	size:default;disabled:enabled;validity:valid	-	-	a	-	false	true	0	0	-	-	-	-	-	-	not-rendered	-
native-select	size:default;disabled:enabled;validity:valid	-	-	a	-	false	true	0	0	-	-	-	-	-	-	not-rendered	-
native-select	size:default;disabled:enabled;validity:valid	-	-	a	-	false	true	0	0	-	-	-	-	-	-	not-rendered	-
native-select	size:default;disabled:enabled;validity:valid	-	-	a	-	false	true	0	0	-	-	-	-	-	-	not-rendered	-
native-select	size:default;disabled:enabled;validity:invalid	field	field-label	label	-	true	true	24.2	14	25	16	false	-	-	-	-	field
native-select	size:default;disabled:enabled;validity:invalid	native-select	native-select	select	-	true	true	384	36	384	37	true	-	-	-	-	native-select-root,field
native-select	size:default;disabled:enabled;validity:invalid	-	-	button	-	false	true	0	0	-	-	-	-	-	-	not-rendered	-
native-select	size:default;disabled:enabled;validity:invalid	-	-	button	-	false	true	0	0	-	-	-	-	-	-	not-rendered	-
native-select	size:default;disabled:enabled;validity:invalid	-	-	button	-	false	true	0	0	-	-	-	-	-	-	not-rendered	-
native-select	size:default;disabled:enabled;validity:invalid	-	-	a	-	false	true	0	0	-	-	-	-	-	-	not-rendered	-
native-select	size:default;disabled:enabled;validity:invalid	-	-	a	-	false	true	0	0	-	-	-	-	-	-	not-rendered	-
native-select	size:default;disabled:enabled;validity:invalid	-	-	a	-	false	true	0	0	-	-	-	-	-	-	not-rendered	-
native-select	size:default;disabled:enabled;validity:invalid	-	-	a	-	false	true	0	0	-	-	-	-	-	-	not-rendered	-
native-select	size:default;disabled:disabled;validity:valid	field	field-label	label	-	true	true	24.2	14	25	16	false	-	-	-	-	field
native-select	size:default;disabled:disabled;validity:valid	native-select	native-select	select	-	true	true	384	36	0	0	false	-	-	-	pointer-events:none,no-hit-point	native-select-root,field
native-select	size:default;disabled:disabled;validity:valid	-	-	button	-	false	true	0	0	-	-	-	-	-	-	not-rendered	-
native-select	size:default;disabled:disabled;validity:valid	-	-	button	-	false	true	0	0	-	-	-	-	-	-	not-rendered	-
native-select	size:default;disabled:disabled;validity:valid	-	-	button	-	false	true	0	0	-	-	-	-	-	-	not-rendered	-
native-select	size:default;disabled:disabled;validity:valid	-	-	a	-	false	true	0	0	-	-	-	-	-	-	not-rendered	-
native-select	size:default;disabled:disabled;validity:valid	-	-	a	-	false	true	0	0	-	-	-	-	-	-	not-rendered	-
native-select	size:default;disabled:disabled;validity:valid	-	-	a	-	false	true	0	0	-	-	-	-	-	-	not-rendered	-
native-select	size:default;disabled:disabled;validity:valid	-	-	a	-	false	true	0	0	-	-	-	-	-	-	not-rendered	-
native-select	size:default;disabled:disabled;validity:invalid	field	field-label	label	-	true	true	24.2	14	25	16	false	-	-	-	-	field
native-select	size:default;disabled:disabled;validity:invalid	native-select	native-select	select	-	true	true	384	36	0	0	false	-	-	-	pointer-events:none,no-hit-point	native-select-root,field
native-select	size:default;disabled:disabled;validity:invalid	-	-	button	-	false	true	0	0	-	-	-	-	-	-	not-rendered	-
native-select	size:default;disabled:disabled;validity:invalid	-	-	button	-	false	true	0	0	-	-	-	-	-	-	not-rendered	-
native-select	size:default;disabled:disabled;validity:invalid	-	-	button	-	false	true	0	0	-	-	-	-	-	-	not-rendered	-
native-select	size:default;disabled:disabled;validity:invalid	-	-	a	-	false	true	0	0	-	-	-	-	-	-	not-rendered	-
native-select	size:default;disabled:disabled;validity:invalid	-	-	a	-	false	true	0	0	-	-	-	-	-	-	not-rendered	-
native-select	size:default;disabled:disabled;validity:invalid	-	-	a	-	false	true	0	0	-	-	-	-	-	-	not-rendered	-
native-select	size:default;disabled:disabled;validity:invalid	-	-	a	-	false	true	0	0	-	-	-	-	-	-	not-rendered	-
native-select	size:lg;disabled:enabled;validity:valid	field	field-label	label	-	true	true	24.2	14	25	16	false	-	-	-	-	field
native-select	size:lg;disabled:enabled;validity:valid	native-select	native-select	select	-	true	true	384	40	384	41	true	-	-	-	-	native-select-root,field
native-select	size:lg;disabled:enabled;validity:valid	-	-	button	-	false	true	0	0	-	-	-	-	-	-	not-rendered	-
native-select	size:lg;disabled:enabled;validity:valid	-	-	button	-	false	true	0	0	-	-	-	-	-	-	not-rendered	-
native-select	size:lg;disabled:enabled;validity:valid	-	-	button	-	false	true	0	0	-	-	-	-	-	-	not-rendered	-
native-select	size:lg;disabled:enabled;validity:valid	-	-	a	-	false	true	0	0	-	-	-	-	-	-	not-rendered	-
native-select	size:lg;disabled:enabled;validity:valid	-	-	a	-	false	true	0	0	-	-	-	-	-	-	not-rendered	-
native-select	size:lg;disabled:enabled;validity:valid	-	-	a	-	false	true	0	0	-	-	-	-	-	-	not-rendered	-
native-select	size:lg;disabled:enabled;validity:valid	-	-	a	-	false	true	0	0	-	-	-	-	-	-	not-rendered	-
native-select	size:lg;disabled:enabled;validity:invalid	field	field-label	label	-	true	true	24.2	14	25	16	false	-	-	-	-	field
native-select	size:lg;disabled:enabled;validity:invalid	native-select	native-select	select	-	true	true	384	40	384	41	true	-	-	-	-	native-select-root,field
native-select	size:lg;disabled:enabled;validity:invalid	-	-	button	-	false	true	0	0	-	-	-	-	-	-	not-rendered	-
native-select	size:lg;disabled:enabled;validity:invalid	-	-	button	-	false	true	0	0	-	-	-	-	-	-	not-rendered	-
native-select	size:lg;disabled:enabled;validity:invalid	-	-	button	-	false	true	0	0	-	-	-	-	-	-	not-rendered	-
native-select	size:lg;disabled:enabled;validity:invalid	-	-	a	-	false	true	0	0	-	-	-	-	-	-	not-rendered	-
native-select	size:lg;disabled:enabled;validity:invalid	-	-	a	-	false	true	0	0	-	-	-	-	-	-	not-rendered	-
native-select	size:lg;disabled:enabled;validity:invalid	-	-	a	-	false	true	0	0	-	-	-	-	-	-	not-rendered	-
native-select	size:lg;disabled:enabled;validity:invalid	-	-	a	-	false	true	0	0	-	-	-	-	-	-	not-rendered	-
native-select	size:lg;disabled:disabled;validity:valid	field	field-label	label	-	true	true	24.2	14	25	16	false	-	-	-	-	field
native-select	size:lg;disabled:disabled;validity:valid	native-select	native-select	select	-	true	true	384	40	0	0	false	-	-	-	pointer-events:none,no-hit-point	native-select-root,field
native-select	size:lg;disabled:disabled;validity:valid	-	-	button	-	false	true	0	0	-	-	-	-	-	-	not-rendered	-
native-select	size:lg;disabled:disabled;validity:valid	-	-	button	-	false	true	0	0	-	-	-	-	-	-	not-rendered	-
native-select	size:lg;disabled:disabled;validity:valid	-	-	button	-	false	true	0	0	-	-	-	-	-	-	not-rendered	-
native-select	size:lg;disabled:disabled;validity:valid	-	-	a	-	false	true	0	0	-	-	-	-	-	-	not-rendered	-
native-select	size:lg;disabled:disabled;validity:valid	-	-	a	-	false	true	0	0	-	-	-	-	-	-	not-rendered	-
native-select	size:lg;disabled:disabled;validity:valid	-	-	a	-	false	true	0	0	-	-	-	-	-	-	not-rendered	-
native-select	size:lg;disabled:disabled;validity:valid	-	-	a	-	false	true	0	0	-	-	-	-	-	-	not-rendered	-
native-select	size:lg;disabled:disabled;validity:invalid	field	field-label	label	-	true	true	24.2	14	25	16	false	-	-	-	-	field
native-select	size:lg;disabled:disabled;validity:invalid	native-select	native-select	select	-	true	true	384	40	0	0	false	-	-	-	pointer-events:none,no-hit-point	native-select-root,field
native-select	size:lg;disabled:disabled;validity:invalid	-	-	button	-	false	true	0	0	-	-	-	-	-	-	not-rendered	-
native-select	size:lg;disabled:disabled;validity:invalid	-	-	button	-	false	true	0	0	-	-	-	-	-	-	not-rendered	-
native-select	size:lg;disabled:disabled;validity:invalid	-	-	button	-	false	true	0	0	-	-	-	-	-	-	not-rendered	-
native-select	size:lg;disabled:disabled;validity:invalid	-	-	a	-	false	true	0	0	-	-	-	-	-	-	not-rendered	-
native-select	size:lg;disabled:disabled;validity:invalid	-	-	a	-	false	true	0	0	-	-	-	-	-	-	not-rendered	-
native-select	size:lg;disabled:disabled;validity:invalid	-	-	a	-	false	true	0	0	-	-	-	-	-	-	not-rendered	-
native-select	size:lg;disabled:disabled;validity:invalid	-	-	a	-	false	true	0	0	-	-	-	-	-	-	not-rendered	-
navigation-menu	currentLocation:other;open:closed	navigation-menu	navigation-menu-trigger	button	-	true	true	104.5	36	105	37	true	-	-	-	-	navigation-menu-item,navigation-menu-list,navigation-menu
navigation-menu	currentLocation:other;open:closed	navigation-menu	navigation-menu-link	a	-	true	true	48.2	36	49	37	true	-	-	-	-	navigation-menu-item,navigation-menu-list,navigation-menu
navigation-menu	currentLocation:other;open:closed	navigation-menu	navigation-menu-link	a	-	true	true	48.2	36	49	37	true	-	-	-	-	navigation-menu-item,navigation-menu-list,navigation-menu
navigation-menu	currentLocation:other;open:closed	-	-	button	-	false	true	0	0	-	-	-	-	-	-	not-rendered	-
navigation-menu	currentLocation:other;open:closed	-	-	button	-	false	true	0	0	-	-	-	-	-	-	not-rendered	-
navigation-menu	currentLocation:other;open:closed	-	-	button	-	false	true	0	0	-	-	-	-	-	-	not-rendered	-
navigation-menu	currentLocation:other;open:closed	-	-	a	-	false	true	0	0	-	-	-	-	-	-	not-rendered	-
navigation-menu	currentLocation:other;open:closed	-	-	a	-	false	true	0	0	-	-	-	-	-	-	not-rendered	-
navigation-menu	currentLocation:other;open:closed	-	-	a	-	false	true	0	0	-	-	-	-	-	-	not-rendered	-
navigation-menu	currentLocation:other;open:closed	-	-	a	-	false	true	0	0	-	-	-	-	-	-	not-rendered	-
navigation-menu	currentLocation:other;open:open	navigation-menu	navigation-menu-trigger	button	-	true	true	104.5	36	105	37	true	-	-	-	-	navigation-menu-item,navigation-menu-list,navigation-menu
navigation-menu	currentLocation:other;open:open	navigation-menu	navigation-menu-link	a	-	true	true	256	64.8	256	66	true	-	-	-	-	navigation-menu-content,navigation-menu-item,navigation-menu-list,navigation-menu
navigation-menu	currentLocation:other;open:open	navigation-menu	navigation-menu-link	a	-	true	true	256	64.8	256	66	true	-	-	-	-	navigation-menu-content,navigation-menu-item,navigation-menu-list,navigation-menu
navigation-menu	currentLocation:other;open:open	navigation-menu	navigation-menu-link	a	-	true	true	48.2	36	49	37	true	-	-	-	-	navigation-menu-item,navigation-menu-list,navigation-menu
navigation-menu	currentLocation:other;open:open	navigation-menu	navigation-menu-link	a	-	true	true	48.2	36	49	37	true	-	-	-	-	navigation-menu-item,navigation-menu-list,navigation-menu
navigation-menu	currentLocation:other;open:open	-	-	button	-	false	true	0	0	-	-	-	-	-	-	not-rendered	-
navigation-menu	currentLocation:other;open:open	-	-	button	-	false	true	0	0	-	-	-	-	-	-	not-rendered	-
navigation-menu	currentLocation:other;open:open	-	-	button	-	false	true	0	0	-	-	-	-	-	-	not-rendered	-
navigation-menu	currentLocation:other;open:open	-	-	a	-	false	true	0	0	-	-	-	-	-	-	not-rendered	-
navigation-menu	currentLocation:other;open:open	-	-	a	-	false	true	0	0	-	-	-	-	-	-	not-rendered	-
navigation-menu	currentLocation:other;open:open	-	-	a	-	false	true	0	0	-	-	-	-	-	-	not-rendered	-
navigation-menu	currentLocation:other;open:open	-	-	a	-	false	true	0	0	-	-	-	-	-	-	not-rendered	-
navigation-menu	currentLocation:other;open:open	-	-	span	-	false	true	1	1	0	0	false	-	-	-	no-hit-point	navigation-menu-item,navigation-menu-list,navigation-menu
navigation-menu	currentLocation:current;open:closed	navigation-menu	navigation-menu-trigger	button	-	true	true	104.5	36	105	37	true	-	-	-	-	navigation-menu-item,navigation-menu-list,navigation-menu
navigation-menu	currentLocation:current;open:closed	navigation-menu	navigation-menu-link	a	-	true	true	48.2	36	49	37	true	-	-	-	-	navigation-menu-item,navigation-menu-list,navigation-menu
navigation-menu	currentLocation:current;open:closed	navigation-menu	navigation-menu-link	a	-	true	true	48.2	36	49	37	true	-	-	-	-	navigation-menu-item,navigation-menu-list,navigation-menu
navigation-menu	currentLocation:current;open:closed	-	-	button	-	false	true	0	0	-	-	-	-	-	-	not-rendered	-
navigation-menu	currentLocation:current;open:closed	-	-	button	-	false	true	0	0	-	-	-	-	-	-	not-rendered	-
navigation-menu	currentLocation:current;open:closed	-	-	button	-	false	true	0	0	-	-	-	-	-	-	not-rendered	-
navigation-menu	currentLocation:current;open:closed	-	-	a	-	false	true	0	0	-	-	-	-	-	-	not-rendered	-
navigation-menu	currentLocation:current;open:closed	-	-	a	-	false	true	0	0	-	-	-	-	-	-	not-rendered	-
navigation-menu	currentLocation:current;open:closed	-	-	a	-	false	true	0	0	-	-	-	-	-	-	not-rendered	-
navigation-menu	currentLocation:current;open:closed	-	-	a	-	false	true	0	0	-	-	-	-	-	-	not-rendered	-
navigation-menu	currentLocation:current;open:open	navigation-menu	navigation-menu-trigger	button	-	true	true	104.5	36	105	37	true	-	-	-	-	navigation-menu-item,navigation-menu-list,navigation-menu
navigation-menu	currentLocation:current;open:open	navigation-menu	navigation-menu-link	a	-	true	true	256	64.8	256	66	true	-	-	-	-	navigation-menu-content,navigation-menu-item,navigation-menu-list,navigation-menu
navigation-menu	currentLocation:current;open:open	navigation-menu	navigation-menu-link	a	-	true	true	256	64.8	256	66	true	-	-	-	-	navigation-menu-content,navigation-menu-item,navigation-menu-list,navigation-menu
navigation-menu	currentLocation:current;open:open	navigation-menu	navigation-menu-link	a	-	true	true	48.2	36	49	37	true	-	-	-	-	navigation-menu-item,navigation-menu-list,navigation-menu
navigation-menu	currentLocation:current;open:open	navigation-menu	navigation-menu-link	a	-	true	true	48.2	36	49	37	true	-	-	-	-	navigation-menu-item,navigation-menu-list,navigation-menu
navigation-menu	currentLocation:current;open:open	-	-	button	-	false	true	0	0	-	-	-	-	-	-	not-rendered	-
navigation-menu	currentLocation:current;open:open	-	-	button	-	false	true	0	0	-	-	-	-	-	-	not-rendered	-
navigation-menu	currentLocation:current;open:open	-	-	button	-	false	true	0	0	-	-	-	-	-	-	not-rendered	-
navigation-menu	currentLocation:current;open:open	-	-	a	-	false	true	0	0	-	-	-	-	-	-	not-rendered	-
navigation-menu	currentLocation:current;open:open	-	-	a	-	false	true	0	0	-	-	-	-	-	-	not-rendered	-
navigation-menu	currentLocation:current;open:open	-	-	a	-	false	true	0	0	-	-	-	-	-	-	not-rendered	-
navigation-menu	currentLocation:current;open:open	-	-	a	-	false	true	0	0	-	-	-	-	-	-	not-rendered	-
navigation-menu	currentLocation:current;open:open	-	-	span	-	false	true	1	1	0	0	false	-	-	-	no-hit-point	navigation-menu-item,navigation-menu-list,navigation-menu
pagination	currentPage:other	pagination	pagination-link	a	-	true	true	99	36	100	37	true	-	-	-	-	pagination-item,pagination-content,pagination
pagination	currentPage:other	pagination	pagination-link	a	-	true	true	36	36	37	37	true	-	-	-	-	pagination-item,pagination-content,pagination
pagination	currentPage:other	pagination	pagination-link	a	-	true	true	36	36	37	37	true	-	-	-	-	pagination-item,pagination-content,pagination
pagination	currentPage:other	pagination	pagination-link	a	-	true	true	36	36	37	37	true	-	-	-	-	pagination-item,pagination-content,pagination
pagination	currentPage:other	pagination	pagination-link	a	-	true	true	73.9	36	75	37	true	-	-	-	-	pagination-item,pagination-content,pagination
pagination	currentPage:other	-	-	button	-	false	true	0	0	-	-	-	-	-	-	not-rendered	-
pagination	currentPage:other	-	-	button	-	false	true	0	0	-	-	-	-	-	-	not-rendered	-
pagination	currentPage:other	-	-	button	-	false	true	0	0	-	-	-	-	-	-	not-rendered	-
pagination	currentPage:other	-	-	a	-	false	true	0	0	-	-	-	-	-	-	not-rendered	-
pagination	currentPage:other	-	-	a	-	false	true	0	0	-	-	-	-	-	-	not-rendered	-
pagination	currentPage:other	-	-	a	-	false	true	0	0	-	-	-	-	-	-	not-rendered	-
pagination	currentPage:other	-	-	a	-	false	true	0	0	-	-	-	-	-	-	not-rendered	-
pagination	currentPage:current	pagination	pagination-link	a	-	true	true	99	36	100	37	true	-	-	-	-	pagination-item,pagination-content,pagination
pagination	currentPage:current	pagination	pagination-link	a	-	true	true	36	36	37	37	true	-	-	-	-	pagination-item,pagination-content,pagination
pagination	currentPage:current	pagination	pagination-link	a	-	true	true	36	36	37	37	true	-	-	-	-	pagination-item,pagination-content,pagination
pagination	currentPage:current	pagination	pagination-link	a	-	true	true	36	36	37	37	true	-	-	-	-	pagination-item,pagination-content,pagination
pagination	currentPage:current	pagination	pagination-link	a	-	true	true	73.9	36	75	37	true	-	-	-	-	pagination-item,pagination-content,pagination
pagination	currentPage:current	-	-	button	-	false	true	0	0	-	-	-	-	-	-	not-rendered	-
pagination	currentPage:current	-	-	button	-	false	true	0	0	-	-	-	-	-	-	not-rendered	-
pagination	currentPage:current	-	-	button	-	false	true	0	0	-	-	-	-	-	-	not-rendered	-
pagination	currentPage:current	-	-	a	-	false	true	0	0	-	-	-	-	-	-	not-rendered	-
pagination	currentPage:current	-	-	a	-	false	true	0	0	-	-	-	-	-	-	not-rendered	-
pagination	currentPage:current	-	-	a	-	false	true	0	0	-	-	-	-	-	-	not-rendered	-
pagination	currentPage:current	-	-	a	-	false	true	0	0	-	-	-	-	-	-	not-rendered	-
popover	open:closed	popover	popover-trigger	button	-	true	true	97.9	36	98	37	true	-	-	-	-	-
popover	open:closed	-	-	button	-	false	true	0	0	-	-	-	-	-	-	not-rendered	-
popover	open:closed	-	-	button	-	false	true	0	0	-	-	-	-	-	-	not-rendered	-
popover	open:closed	-	-	button	-	false	true	0	0	-	-	-	-	-	-	not-rendered	-
popover	open:closed	-	-	a	-	false	true	0	0	-	-	-	-	-	-	not-rendered	-
popover	open:closed	-	-	a	-	false	true	0	0	-	-	-	-	-	-	not-rendered	-
popover	open:closed	-	-	a	-	false	true	0	0	-	-	-	-	-	-	not-rendered	-
popover	open:closed	-	-	a	-	false	true	0	0	-	-	-	-	-	-	not-rendered	-
popover	open:open	popover	popover-trigger	button	-	true	true	97.9	36	98	37	true	-	-	-	-	-
popover	open:open	-	-	span	-	false	true	0	0	-	-	-	-	-	-	not-rendered	-
popover	open:open	-	-	button	-	false	true	0	0	-	-	-	-	-	-	not-rendered	-
popover	open:open	-	-	button	-	false	true	0	0	-	-	-	-	-	-	not-rendered	-
popover	open:open	-	-	button	-	false	true	0	0	-	-	-	-	-	-	not-rendered	-
popover	open:open	-	-	a	-	false	true	0	0	-	-	-	-	-	-	not-rendered	-
popover	open:open	-	-	a	-	false	true	0	0	-	-	-	-	-	-	not-rendered	-
popover	open:open	-	-	a	-	false	true	0	0	-	-	-	-	-	-	not-rendered	-
popover	open:open	-	-	a	-	false	true	0	0	-	-	-	-	-	-	not-rendered	-
popover	open:open	-	popover-content	div	dialog	false	true	288	82.8	288	83	true	-	-	-	-	-
popover	open:open	-	-	span	-	false	true	0	0	-	-	-	-	-	-	not-rendered	-
progress	value:empty	-	-	button	-	false	true	0	0	-	-	-	-	-	-	not-rendered	-
progress	value:empty	-	-	button	-	false	true	0	0	-	-	-	-	-	-	not-rendered	-
progress	value:empty	-	-	button	-	false	true	0	0	-	-	-	-	-	-	not-rendered	-
progress	value:empty	-	-	a	-	false	true	0	0	-	-	-	-	-	-	not-rendered	-
progress	value:empty	-	-	a	-	false	true	0	0	-	-	-	-	-	-	not-rendered	-
progress	value:empty	-	-	a	-	false	true	0	0	-	-	-	-	-	-	not-rendered	-
progress	value:empty	-	-	a	-	false	true	0	0	-	-	-	-	-	-	not-rendered	-
progress	value:partial	-	-	button	-	false	true	0	0	-	-	-	-	-	-	not-rendered	-
progress	value:partial	-	-	button	-	false	true	0	0	-	-	-	-	-	-	not-rendered	-
progress	value:partial	-	-	button	-	false	true	0	0	-	-	-	-	-	-	not-rendered	-
progress	value:partial	-	-	a	-	false	true	0	0	-	-	-	-	-	-	not-rendered	-
progress	value:partial	-	-	a	-	false	true	0	0	-	-	-	-	-	-	not-rendered	-
progress	value:partial	-	-	a	-	false	true	0	0	-	-	-	-	-	-	not-rendered	-
progress	value:partial	-	-	a	-	false	true	0	0	-	-	-	-	-	-	not-rendered	-
progress	value:complete	-	-	button	-	false	true	0	0	-	-	-	-	-	-	not-rendered	-
progress	value:complete	-	-	button	-	false	true	0	0	-	-	-	-	-	-	not-rendered	-
progress	value:complete	-	-	button	-	false	true	0	0	-	-	-	-	-	-	not-rendered	-
progress	value:complete	-	-	a	-	false	true	0	0	-	-	-	-	-	-	not-rendered	-
progress	value:complete	-	-	a	-	false	true	0	0	-	-	-	-	-	-	not-rendered	-
progress	value:complete	-	-	a	-	false	true	0	0	-	-	-	-	-	-	not-rendered	-
progress	value:complete	-	-	a	-	false	true	0	0	-	-	-	-	-	-	not-rendered	-
radio-group	orientation:vertical;checked:unchecked	radio-group	radio-group-item	button	radio	true	true	16	16	24	25	true	-	-	24px×24px	-	radio-group
radio-group	orientation:vertical;checked:unchecked	label	label	label	-	true	true	24.2	14	25	16	false	-	-	-	-	radio-group
radio-group	orientation:vertical;checked:unchecked	radio-group	radio-group-item	button	radio	true	true	16	16	24	25	true	-	-	24px×24px	-	radio-group
radio-group	orientation:vertical;checked:unchecked	label	label	label	-	true	true	24.2	14	25	16	false	-	-	-	-	radio-group
radio-group	orientation:vertical;checked:unchecked	-	-	button	-	false	true	0	0	-	-	-	-	-	-	not-rendered	-
radio-group	orientation:vertical;checked:unchecked	-	-	button	-	false	true	0	0	-	-	-	-	-	-	not-rendered	-
radio-group	orientation:vertical;checked:unchecked	-	-	button	-	false	true	0	0	-	-	-	-	-	-	not-rendered	-
radio-group	orientation:vertical;checked:unchecked	-	-	a	-	false	true	0	0	-	-	-	-	-	-	not-rendered	-
radio-group	orientation:vertical;checked:unchecked	-	-	a	-	false	true	0	0	-	-	-	-	-	-	not-rendered	-
radio-group	orientation:vertical;checked:unchecked	-	-	a	-	false	true	0	0	-	-	-	-	-	-	not-rendered	-
radio-group	orientation:vertical;checked:unchecked	-	-	a	-	false	true	0	0	-	-	-	-	-	-	not-rendered	-
radio-group	orientation:vertical;checked:unchecked	-	radio-group	div	radiogroup	false	true	950	44	950	45	true	-	-	-	-	-
radio-group	orientation:vertical;checked:checked	radio-group	radio-group-item	button	radio	true	true	16	16	24	25	true	-	-	24px×24px	-	radio-group
radio-group	orientation:vertical;checked:checked	label	label	label	-	true	true	24.2	14	25	16	false	-	-	-	-	radio-group
radio-group	orientation:vertical;checked:checked	radio-group	radio-group-item	button	radio	true	true	16	16	24	25	true	-	-	24px×24px	-	radio-group
radio-group	orientation:vertical;checked:checked	label	label	label	-	true	true	24.2	14	25	16	false	-	-	-	-	radio-group
radio-group	orientation:vertical;checked:checked	-	-	button	-	false	true	0	0	-	-	-	-	-	-	not-rendered	-
radio-group	orientation:vertical;checked:checked	-	-	button	-	false	true	0	0	-	-	-	-	-	-	not-rendered	-
radio-group	orientation:vertical;checked:checked	-	-	button	-	false	true	0	0	-	-	-	-	-	-	not-rendered	-
radio-group	orientation:vertical;checked:checked	-	-	a	-	false	true	0	0	-	-	-	-	-	-	not-rendered	-
radio-group	orientation:vertical;checked:checked	-	-	a	-	false	true	0	0	-	-	-	-	-	-	not-rendered	-
radio-group	orientation:vertical;checked:checked	-	-	a	-	false	true	0	0	-	-	-	-	-	-	not-rendered	-
radio-group	orientation:vertical;checked:checked	-	-	a	-	false	true	0	0	-	-	-	-	-	-	not-rendered	-
radio-group	orientation:vertical;checked:checked	-	radio-group	div	radiogroup	false	true	950	44	950	45	true	-	-	-	-	-
radio-group	orientation:horizontal;checked:unchecked	radio-group	radio-group-item	button	radio	true	true	16	16	24	25	true	-	-	24px×24px	-	radio-group
radio-group	orientation:horizontal;checked:unchecked	label	label	label	-	true	true	24.2	14	25	16	false	-	-	-	-	radio-group
radio-group	orientation:horizontal;checked:unchecked	radio-group	radio-group-item	button	radio	true	true	16	16	25	25	true	-	-	24px×24px	-	radio-group
radio-group	orientation:horizontal;checked:unchecked	label	label	label	-	true	true	24.2	14	25	16	false	-	-	-	-	radio-group
radio-group	orientation:horizontal;checked:unchecked	-	-	button	-	false	true	0	0	-	-	-	-	-	-	not-rendered	-
radio-group	orientation:horizontal;checked:unchecked	-	-	button	-	false	true	0	0	-	-	-	-	-	-	not-rendered	-
radio-group	orientation:horizontal;checked:unchecked	-	-	button	-	false	true	0	0	-	-	-	-	-	-	not-rendered	-
radio-group	orientation:horizontal;checked:unchecked	-	-	a	-	false	true	0	0	-	-	-	-	-	-	not-rendered	-
radio-group	orientation:horizontal;checked:unchecked	-	-	a	-	false	true	0	0	-	-	-	-	-	-	not-rendered	-
radio-group	orientation:horizontal;checked:unchecked	-	-	a	-	false	true	0	0	-	-	-	-	-	-	not-rendered	-
radio-group	orientation:horizontal;checked:unchecked	-	-	a	-	false	true	0	0	-	-	-	-	-	-	not-rendered	-
radio-group	orientation:horizontal;checked:unchecked	-	radio-group	div	radiogroup	false	true	950	16	954	17	true	-	-	-	square24-off-center	-
radio-group	orientation:horizontal;checked:checked	radio-group	radio-group-item	button	radio	true	true	16	16	24	25	true	-	-	24px×24px	-	radio-group
radio-group	orientation:horizontal;checked:checked	label	label	label	-	true	true	24.2	14	25	16	false	-	-	-	-	radio-group
radio-group	orientation:horizontal;checked:checked	radio-group	radio-group-item	button	radio	true	true	16	16	25	25	true	-	-	24px×24px	-	radio-group
radio-group	orientation:horizontal;checked:checked	label	label	label	-	true	true	24.2	14	25	16	false	-	-	-	-	radio-group
radio-group	orientation:horizontal;checked:checked	-	-	button	-	false	true	0	0	-	-	-	-	-	-	not-rendered	-
radio-group	orientation:horizontal;checked:checked	-	-	button	-	false	true	0	0	-	-	-	-	-	-	not-rendered	-
radio-group	orientation:horizontal;checked:checked	-	-	button	-	false	true	0	0	-	-	-	-	-	-	not-rendered	-
radio-group	orientation:horizontal;checked:checked	-	-	a	-	false	true	0	0	-	-	-	-	-	-	not-rendered	-
radio-group	orientation:horizontal;checked:checked	-	-	a	-	false	true	0	0	-	-	-	-	-	-	not-rendered	-
radio-group	orientation:horizontal;checked:checked	-	-	a	-	false	true	0	0	-	-	-	-	-	-	not-rendered	-
radio-group	orientation:horizontal;checked:checked	-	-	a	-	false	true	0	0	-	-	-	-	-	-	not-rendered	-
radio-group	orientation:horizontal;checked:checked	-	radio-group	div	radiogroup	false	true	950	16	954	17	true	-	-	-	square24-off-center	-
resizable	orientation:horizontal;panel:expanded	resizable	resizable-handle	div	separator	true	true	1	90.4	5	92	false	resizable-panel-group[xy]	0	4px×90.3906px	-	resizable-panel-group
resizable	orientation:horizontal;panel:expanded	-	-	button	-	false	true	0	0	-	-	-	-	-	-	not-rendered	-
resizable	orientation:horizontal;panel:expanded	-	-	button	-	false	true	0	0	-	-	-	-	-	-	not-rendered	-
resizable	orientation:horizontal;panel:expanded	-	-	button	-	false	true	0	0	-	-	-	-	-	-	not-rendered	-
resizable	orientation:horizontal;panel:expanded	-	-	a	-	false	true	0	0	-	-	-	-	-	-	not-rendered	-
resizable	orientation:horizontal;panel:expanded	-	-	a	-	false	true	0	0	-	-	-	-	-	-	not-rendered	-
resizable	orientation:horizontal;panel:expanded	-	-	a	-	false	true	0	0	-	-	-	-	-	-	not-rendered	-
resizable	orientation:horizontal;panel:expanded	-	-	a	-	false	true	0	0	-	-	-	-	-	-	not-rendered	-
resizable	orientation:horizontal;panel:collapsed	resizable	resizable-handle	div	separator	true	true	1	157.6	3	149	false	resizable-panel-group[xy]	0	4px×157.562px	-	resizable-panel-group
resizable	orientation:horizontal;panel:collapsed	-	-	button	-	false	true	0	0	-	-	-	-	-	-	not-rendered	-
resizable	orientation:horizontal;panel:collapsed	-	-	button	-	false	true	0	0	-	-	-	-	-	-	not-rendered	-
resizable	orientation:horizontal;panel:collapsed	-	-	button	-	false	true	0	0	-	-	-	-	-	-	not-rendered	-
resizable	orientation:horizontal;panel:collapsed	-	-	a	-	false	true	0	0	-	-	-	-	-	-	not-rendered	-
resizable	orientation:horizontal;panel:collapsed	-	-	a	-	false	true	0	0	-	-	-	-	-	-	not-rendered	-
resizable	orientation:horizontal;panel:collapsed	-	-	a	-	false	true	0	0	-	-	-	-	-	-	not-rendered	-
resizable	orientation:horizontal;panel:collapsed	-	-	a	-	false	true	0	0	-	-	-	-	-	-	not-rendered	-
resizable	orientation:vertical;panel:expanded	resizable	resizable-handle	div	separator	true	true	510	1	510	13	false	resizable-panel-group[xy]	0	510px×4px	-	resizable-panel-group
resizable	orientation:vertical;panel:expanded	-	-	button	-	false	true	0	0	-	-	-	-	-	-	not-rendered	-
resizable	orientation:vertical;panel:expanded	-	-	button	-	false	true	0	0	-	-	-	-	-	-	not-rendered	-
resizable	orientation:vertical;panel:expanded	-	-	button	-	false	true	0	0	-	-	-	-	-	-	not-rendered	-
resizable	orientation:vertical;panel:expanded	-	-	a	-	false	true	0	0	-	-	-	-	-	-	not-rendered	-
resizable	orientation:vertical;panel:expanded	-	-	a	-	false	true	0	0	-	-	-	-	-	-	not-rendered	-
resizable	orientation:vertical;panel:expanded	-	-	a	-	false	true	0	0	-	-	-	-	-	-	not-rendered	-
resizable	orientation:vertical;panel:expanded	-	-	a	-	false	true	0	0	-	-	-	-	-	-	not-rendered	-
resizable	orientation:vertical;panel:collapsed	resizable	resizable-handle	div	separator	true	true	510	1	502	8	false	resizable-panel-group[xy]	0	510px×4px	-	resizable-panel-group
resizable	orientation:vertical;panel:collapsed	-	-	button	-	false	true	0	0	-	-	-	-	-	-	not-rendered	-
resizable	orientation:vertical;panel:collapsed	-	-	button	-	false	true	0	0	-	-	-	-	-	-	not-rendered	-
resizable	orientation:vertical;panel:collapsed	-	-	button	-	false	true	0	0	-	-	-	-	-	-	not-rendered	-
resizable	orientation:vertical;panel:collapsed	-	-	a	-	false	true	0	0	-	-	-	-	-	-	not-rendered	-
resizable	orientation:vertical;panel:collapsed	-	-	a	-	false	true	0	0	-	-	-	-	-	-	not-rendered	-
resizable	orientation:vertical;panel:collapsed	-	-	a	-	false	true	0	0	-	-	-	-	-	-	not-rendered	-
resizable	orientation:vertical;panel:collapsed	-	-	a	-	false	true	0	0	-	-	-	-	-	-	not-rendered	-
scroll-area	orientation:vertical;overflow:fits	scroll-area	scroll-area-viewport	div	group	true	true	286	190	276	191	true	scroll-area[xy]	0	-	-	scroll-area
scroll-area	orientation:vertical;overflow:fits	scroll-area	scroll-area-scrollbar	div	-	true	false	10	190	10	190	false	scroll-area[xy]	0	-	-	scroll-area
scroll-area	orientation:vertical;overflow:fits	-	-	button	-	false	true	0	0	-	-	-	-	-	-	not-rendered	-
scroll-area	orientation:vertical;overflow:fits	-	-	button	-	false	true	0	0	-	-	-	-	-	-	not-rendered	-
scroll-area	orientation:vertical;overflow:fits	-	-	button	-	false	true	0	0	-	-	-	-	-	-	not-rendered	-
scroll-area	orientation:vertical;overflow:fits	-	-	a	-	false	true	0	0	-	-	-	-	-	-	not-rendered	-
scroll-area	orientation:vertical;overflow:fits	-	-	a	-	false	true	0	0	-	-	-	-	-	-	not-rendered	-
scroll-area	orientation:vertical;overflow:fits	-	-	a	-	false	true	0	0	-	-	-	-	-	-	not-rendered	-
scroll-area	orientation:vertical;overflow:fits	-	-	a	-	false	true	0	0	-	-	-	-	-	-	not-rendered	-
scroll-area	orientation:vertical;overflow:overflowing	scroll-area	scroll-area-viewport	div	group	true	true	286	190	276	191	true	scroll-area[xy]	0	-	-	scroll-area
scroll-area	orientation:vertical;overflow:overflowing	scroll-area	scroll-area-scrollbar	div	-	true	false	10	190	10	190	false	scroll-area[xy]	0	-	-	scroll-area
scroll-area	orientation:vertical;overflow:overflowing	scroll-area	scroll-area-thumb	div	-	true	false	8	163.8	8	165	false	scroll-area[xy]	1	-	-	scroll-area-scrollbar,scroll-area
scroll-area	orientation:vertical;overflow:overflowing	-	-	button	-	false	true	0	0	-	-	-	-	-	-	not-rendered	-
scroll-area	orientation:vertical;overflow:overflowing	-	-	button	-	false	true	0	0	-	-	-	-	-	-	not-rendered	-
scroll-area	orientation:vertical;overflow:overflowing	-	-	button	-	false	true	0	0	-	-	-	-	-	-	not-rendered	-
scroll-area	orientation:vertical;overflow:overflowing	-	-	a	-	false	true	0	0	-	-	-	-	-	-	not-rendered	-
scroll-area	orientation:vertical;overflow:overflowing	-	-	a	-	false	true	0	0	-	-	-	-	-	-	not-rendered	-
scroll-area	orientation:vertical;overflow:overflowing	-	-	a	-	false	true	0	0	-	-	-	-	-	-	not-rendered	-
scroll-area	orientation:vertical;overflow:overflowing	-	-	a	-	false	true	0	0	-	-	-	-	-	-	not-rendered	-
scroll-area	orientation:horizontal;overflow:fits	scroll-area	scroll-area-viewport	div	group	true	true	286	46.4	286	37	true	scroll-area[xy]	0	-	-	scroll-area
scroll-area	orientation:horizontal;overflow:fits	scroll-area	scroll-area-scrollbar	div	-	true	false	286	10	286	11	false	scroll-area[xy]	0	-	-	scroll-area
scroll-area	orientation:horizontal;overflow:fits	-	-	button	-	false	true	0	0	-	-	-	-	-	-	not-rendered	-
scroll-area	orientation:horizontal;overflow:fits	-	-	button	-	false	true	0	0	-	-	-	-	-	-	not-rendered	-
scroll-area	orientation:horizontal;overflow:fits	-	-	button	-	false	true	0	0	-	-	-	-	-	-	not-rendered	-
scroll-area	orientation:horizontal;overflow:fits	-	-	a	-	false	true	0	0	-	-	-	-	-	-	not-rendered	-
scroll-area	orientation:horizontal;overflow:fits	-	-	a	-	false	true	0	0	-	-	-	-	-	-	not-rendered	-
scroll-area	orientation:horizontal;overflow:fits	-	-	a	-	false	true	0	0	-	-	-	-	-	-	not-rendered	-
scroll-area	orientation:horizontal;overflow:fits	-	-	a	-	false	true	0	0	-	-	-	-	-	-	not-rendered	-
scroll-area	orientation:horizontal;overflow:overflowing	scroll-area	scroll-area-viewport	div	group	true	true	286	46.4	286	37	true	scroll-area[xy]	0	-	-	scroll-area
scroll-area	orientation:horizontal;overflow:overflowing	scroll-area	scroll-area-scrollbar	div	-	true	false	286	10	286	11	false	scroll-area[xy]	0	-	-	scroll-area
scroll-area	orientation:horizontal;overflow:overflowing	scroll-area	scroll-area-thumb	div	-	true	false	171	8	171	9	false	scroll-area[xy]	1	-	-	scroll-area-scrollbar,scroll-area
scroll-area	orientation:horizontal;overflow:overflowing	-	-	button	-	false	true	0	0	-	-	-	-	-	-	not-rendered	-
scroll-area	orientation:horizontal;overflow:overflowing	-	-	button	-	false	true	0	0	-	-	-	-	-	-	not-rendered	-
scroll-area	orientation:horizontal;overflow:overflowing	-	-	button	-	false	true	0	0	-	-	-	-	-	-	not-rendered	-
scroll-area	orientation:horizontal;overflow:overflowing	-	-	a	-	false	true	0	0	-	-	-	-	-	-	not-rendered	-
scroll-area	orientation:horizontal;overflow:overflowing	-	-	a	-	false	true	0	0	-	-	-	-	-	-	not-rendered	-
scroll-area	orientation:horizontal;overflow:overflowing	-	-	a	-	false	true	0	0	-	-	-	-	-	-	not-rendered	-
scroll-area	orientation:horizontal;overflow:overflowing	-	-	a	-	false	true	0	0	-	-	-	-	-	-	not-rendered	-
select	size:default;open:closed	select	select	button	combobox	true	true	320	36	320	37	true	-	-	-	-	-
select	size:default;open:closed	-	-	button	-	false	true	0	0	-	-	-	-	-	-	not-rendered	-
select	size:default;open:closed	-	-	button	-	false	true	0	0	-	-	-	-	-	-	not-rendered	-
select	size:default;open:closed	-	-	button	-	false	true	0	0	-	-	-	-	-	-	not-rendered	-
select	size:default;open:closed	-	-	a	-	false	true	0	0	-	-	-	-	-	-	not-rendered	-
select	size:default;open:closed	-	-	a	-	false	true	0	0	-	-	-	-	-	-	not-rendered	-
select	size:default;open:closed	-	-	a	-	false	true	0	0	-	-	-	-	-	-	not-rendered	-
select	size:default;open:closed	-	-	a	-	false	true	0	0	-	-	-	-	-	-	not-rendered	-
select	size:default;open:open	select	select	button	combobox	true	true	320	36	0	0	false	-	-	-	pointer-events:none,no-hit-point	-
select	size:default;open:open	select	select-item	div	option	true	true	118	34.4	118	34	true	div[xy]	0	-	-	select-content
select	size:default;open:open	select	select-item	div	option	true	true	118	34.4	118	35	true	div[xy]	0	-	-	select-content
select	size:default;open:open	-	-	span	-	false	true	0	0	-	-	-	-	-	-	not-rendered	-
select	size:default;open:open	-	-	button	-	false	true	0	0	-	-	-	-	-	-	not-rendered	-
select	size:default;open:open	-	-	button	-	false	true	0	0	-	-	-	-	-	-	not-rendered	-
select	size:default;open:open	-	-	button	-	false	true	0	0	-	-	-	-	-	-	not-rendered	-
select	size:default;open:open	-	-	a	-	false	true	0	0	-	-	-	-	-	-	not-rendered	-
select	size:default;open:open	-	-	a	-	false	true	0	0	-	-	-	-	-	-	not-rendered	-
select	size:default;open:open	-	-	a	-	false	true	0	0	-	-	-	-	-	-	not-rendered	-
select	size:default;open:open	-	-	a	-	false	true	0	0	-	-	-	-	-	-	not-rendered	-
select	size:default;open:open	-	select-content	div	listbox	false	true	128	78.8	128	79	true	body[xy]	225	-	-	-
select	size:default;open:open	-	-	span	-	false	true	0	0	-	-	-	-	-	-	not-rendered	-
select	size:sm;open:closed	select	select	button	combobox	true	true	320	32	320	33	true	-	-	-	-	-
select	size:sm;open:closed	-	-	button	-	false	true	0	0	-	-	-	-	-	-	not-rendered	-
select	size:sm;open:closed	-	-	button	-	false	true	0	0	-	-	-	-	-	-	not-rendered	-
select	size:sm;open:closed	-	-	button	-	false	true	0	0	-	-	-	-	-	-	not-rendered	-
select	size:sm;open:closed	-	-	a	-	false	true	0	0	-	-	-	-	-	-	not-rendered	-
select	size:sm;open:closed	-	-	a	-	false	true	0	0	-	-	-	-	-	-	not-rendered	-
select	size:sm;open:closed	-	-	a	-	false	true	0	0	-	-	-	-	-	-	not-rendered	-
select	size:sm;open:closed	-	-	a	-	false	true	0	0	-	-	-	-	-	-	not-rendered	-
select	size:sm;open:open	select	select	button	combobox	true	true	320	32	0	0	false	-	-	-	pointer-events:none,no-hit-point	-
select	size:sm;open:open	select	select-item	div	option	true	true	118	34.4	118	34	true	div[xy]	0	-	-	select-content
select	size:sm;open:open	select	select-item	div	option	true	true	118	34.4	118	35	true	div[xy]	0	-	-	select-content
select	size:sm;open:open	-	-	span	-	false	true	0	0	-	-	-	-	-	-	not-rendered	-
select	size:sm;open:open	-	-	button	-	false	true	0	0	-	-	-	-	-	-	not-rendered	-
select	size:sm;open:open	-	-	button	-	false	true	0	0	-	-	-	-	-	-	not-rendered	-
select	size:sm;open:open	-	-	button	-	false	true	0	0	-	-	-	-	-	-	not-rendered	-
select	size:sm;open:open	-	-	a	-	false	true	0	0	-	-	-	-	-	-	not-rendered	-
select	size:sm;open:open	-	-	a	-	false	true	0	0	-	-	-	-	-	-	not-rendered	-
select	size:sm;open:open	-	-	a	-	false	true	0	0	-	-	-	-	-	-	not-rendered	-
select	size:sm;open:open	-	-	a	-	false	true	0	0	-	-	-	-	-	-	not-rendered	-
select	size:sm;open:open	-	select-content	div	listbox	false	true	128	78.8	128	79	true	body[xy]	225	-	-	-
select	size:sm;open:open	-	-	span	-	false	true	0	0	-	-	-	-	-	-	not-rendered	-
separator	orientation:horizontal	-	-	button	-	false	true	0	0	-	-	-	-	-	-	not-rendered	-
separator	orientation:horizontal	-	-	button	-	false	true	0	0	-	-	-	-	-	-	not-rendered	-
separator	orientation:horizontal	-	-	button	-	false	true	0	0	-	-	-	-	-	-	not-rendered	-
separator	orientation:horizontal	-	-	a	-	false	true	0	0	-	-	-	-	-	-	not-rendered	-
separator	orientation:horizontal	-	-	a	-	false	true	0	0	-	-	-	-	-	-	not-rendered	-
separator	orientation:horizontal	-	-	a	-	false	true	0	0	-	-	-	-	-	-	not-rendered	-
separator	orientation:horizontal	-	-	a	-	false	true	0	0	-	-	-	-	-	-	not-rendered	-
separator	orientation:vertical	-	-	button	-	false	true	0	0	-	-	-	-	-	-	not-rendered	-
separator	orientation:vertical	-	-	button	-	false	true	0	0	-	-	-	-	-	-	not-rendered	-
separator	orientation:vertical	-	-	button	-	false	true	0	0	-	-	-	-	-	-	not-rendered	-
separator	orientation:vertical	-	-	a	-	false	true	0	0	-	-	-	-	-	-	not-rendered	-
separator	orientation:vertical	-	-	a	-	false	true	0	0	-	-	-	-	-	-	not-rendered	-
separator	orientation:vertical	-	-	a	-	false	true	0	0	-	-	-	-	-	-	not-rendered	-
separator	orientation:vertical	-	-	a	-	false	true	0	0	-	-	-	-	-	-	not-rendered	-
sheet	side:top;open:closed	sheet	sheet-trigger	button	-	true	true	85.8	36	86	37	true	-	-	-	-	-
sheet	side:top;open:closed	-	-	button	-	false	true	0	0	-	-	-	-	-	-	not-rendered	-
sheet	side:top;open:closed	-	-	button	-	false	true	0	0	-	-	-	-	-	-	not-rendered	-
sheet	side:top;open:closed	-	-	button	-	false	true	0	0	-	-	-	-	-	-	not-rendered	-
sheet	side:top;open:closed	-	-	a	-	false	true	0	0	-	-	-	-	-	-	not-rendered	-
sheet	side:top;open:closed	-	-	a	-	false	true	0	0	-	-	-	-	-	-	not-rendered	-
sheet	side:top;open:closed	-	-	a	-	false	true	0	0	-	-	-	-	-	-	not-rendered	-
sheet	side:top;open:closed	-	-	a	-	false	true	0	0	-	-	-	-	-	-	not-rendered	-
sheet	side:top;open:open	sheet	sheet-trigger	button	-	true	true	85.8	36	0	0	false	-	-	-	pointer-events:none,no-hit-point	-
sheet	side:top;open:open	sheet	sheet-close	button	-	true	true	58.2	36	59	37	true	sheet-content[xy]	24	-	-	sheet-footer,sheet-content
sheet	side:top;open:open	button	button	button	-	true	true	56.2	36	57	37	true	sheet-content[xy]	24	-	-	sheet-footer,sheet-content
sheet	side:top;open:open	-	-	span	-	false	true	0	0	-	-	-	-	-	-	not-rendered	-
sheet	side:top;open:open	-	-	button	-	false	true	0	0	-	-	-	-	-	-	not-rendered	-
sheet	side:top;open:open	-	-	button	-	false	true	0	0	-	-	-	-	-	-	not-rendered	-
sheet	side:top;open:open	-	-	button	-	false	true	0	0	-	-	-	-	-	-	not-rendered	-
sheet	side:top;open:open	-	-	a	-	false	true	0	0	-	-	-	-	-	-	not-rendered	-
sheet	side:top;open:open	-	-	a	-	false	true	0	0	-	-	-	-	-	-	not-rendered	-
sheet	side:top;open:open	-	-	a	-	false	true	0	0	-	-	-	-	-	-	not-rendered	-
sheet	side:top;open:open	-	-	a	-	false	true	0	0	-	-	-	-	-	-	not-rendered	-
sheet	side:top;open:open	-	sheet-content	div	dialog	false	true	1400	200.2	1400	201	true	body[xy]	0	-	-	-
sheet	side:top;open:open	-	-	span	-	false	true	0	0	-	-	-	-	-	-	not-rendered	-
sheet	side:right;open:closed	sheet	sheet-trigger	button	-	true	true	85.8	36	86	37	true	-	-	-	-	-
sheet	side:right;open:closed	-	-	button	-	false	true	0	0	-	-	-	-	-	-	not-rendered	-
sheet	side:right;open:closed	-	-	button	-	false	true	0	0	-	-	-	-	-	-	not-rendered	-
sheet	side:right;open:closed	-	-	button	-	false	true	0	0	-	-	-	-	-	-	not-rendered	-
sheet	side:right;open:closed	-	-	a	-	false	true	0	0	-	-	-	-	-	-	not-rendered	-
sheet	side:right;open:closed	-	-	a	-	false	true	0	0	-	-	-	-	-	-	not-rendered	-
sheet	side:right;open:closed	-	-	a	-	false	true	0	0	-	-	-	-	-	-	not-rendered	-
sheet	side:right;open:closed	-	-	a	-	false	true	0	0	-	-	-	-	-	-	not-rendered	-
sheet	side:right;open:open	sheet	sheet-trigger	button	-	true	true	85.8	36	0	0	false	-	-	-	pointer-events:none,no-hit-point	-
sheet	side:right;open:open	sheet	sheet-close	button	-	true	true	58.2	36	59	36	true	sheet-content[xy]	24	-	-	sheet-footer,sheet-content
sheet	side:right;open:open	button	button	button	-	true	true	56.2	36	57	36	true	sheet-content[xy]	24	-	-	sheet-footer,sheet-content
sheet	side:right;open:open	-	-	span	-	false	true	0	0	-	-	-	-	-	-	not-rendered	-
sheet	side:right;open:open	-	-	button	-	false	true	0	0	-	-	-	-	-	-	not-rendered	-
sheet	side:right;open:open	-	-	button	-	false	true	0	0	-	-	-	-	-	-	not-rendered	-
sheet	side:right;open:open	-	-	button	-	false	true	0	0	-	-	-	-	-	-	not-rendered	-
sheet	side:right;open:open	-	-	a	-	false	true	0	0	-	-	-	-	-	-	not-rendered	-
sheet	side:right;open:open	-	-	a	-	false	true	0	0	-	-	-	-	-	-	not-rendered	-
sheet	side:right;open:open	-	-	a	-	false	true	0	0	-	-	-	-	-	-	not-rendered	-
sheet	side:right;open:open	-	-	a	-	false	true	0	0	-	-	-	-	-	-	not-rendered	-
sheet	side:right;open:open	-	sheet-content	div	dialog	false	true	384	1800	384	1800	true	body[xy]	0	-	-	-
sheet	side:right;open:open	-	-	span	-	false	true	0	0	-	-	-	-	-	-	not-rendered	-
sheet	side:bottom;open:closed	sheet	sheet-trigger	button	-	true	true	85.8	36	86	37	true	-	-	-	-	-
sheet	side:bottom;open:closed	-	-	button	-	false	true	0	0	-	-	-	-	-	-	not-rendered	-
sheet	side:bottom;open:closed	-	-	button	-	false	true	0	0	-	-	-	-	-	-	not-rendered	-
sheet	side:bottom;open:closed	-	-	button	-	false	true	0	0	-	-	-	-	-	-	not-rendered	-
sheet	side:bottom;open:closed	-	-	a	-	false	true	0	0	-	-	-	-	-	-	not-rendered	-
sheet	side:bottom;open:closed	-	-	a	-	false	true	0	0	-	-	-	-	-	-	not-rendered	-
sheet	side:bottom;open:closed	-	-	a	-	false	true	0	0	-	-	-	-	-	-	not-rendered	-
sheet	side:bottom;open:closed	-	-	a	-	false	true	0	0	-	-	-	-	-	-	not-rendered	-
sheet	side:bottom;open:open	sheet	sheet-trigger	button	-	true	true	85.8	36	0	0	false	-	-	-	pointer-events:none,no-hit-point	-
sheet	side:bottom;open:open	sheet	sheet-close	button	-	true	true	58.2	36	59	36	true	sheet-content[xy]	24	-	-	sheet-footer,sheet-content
sheet	side:bottom;open:open	button	button	button	-	true	true	56.2	36	57	36	true	sheet-content[xy]	24	-	-	sheet-footer,sheet-content
sheet	side:bottom;open:open	-	-	span	-	false	true	0	0	-	-	-	-	-	-	not-rendered	-
sheet	side:bottom;open:open	-	-	button	-	false	true	0	0	-	-	-	-	-	-	not-rendered	-
sheet	side:bottom;open:open	-	-	button	-	false	true	0	0	-	-	-	-	-	-	not-rendered	-
sheet	side:bottom;open:open	-	-	button	-	false	true	0	0	-	-	-	-	-	-	not-rendered	-
sheet	side:bottom;open:open	-	-	a	-	false	true	0	0	-	-	-	-	-	-	not-rendered	-
sheet	side:bottom;open:open	-	-	a	-	false	true	0	0	-	-	-	-	-	-	not-rendered	-
sheet	side:bottom;open:open	-	-	a	-	false	true	0	0	-	-	-	-	-	-	not-rendered	-
sheet	side:bottom;open:open	-	-	a	-	false	true	0	0	-	-	-	-	-	-	not-rendered	-
sheet	side:bottom;open:open	-	sheet-content	div	dialog	false	true	1400	200.2	1400	201	true	body[xy]	0	-	-	-
sheet	side:bottom;open:open	-	-	span	-	false	true	0	0	-	-	-	-	-	-	not-rendered	-
sheet	side:left;open:closed	sheet	sheet-trigger	button	-	true	true	85.8	36	86	37	true	-	-	-	-	-
sheet	side:left;open:closed	-	-	button	-	false	true	0	0	-	-	-	-	-	-	not-rendered	-
sheet	side:left;open:closed	-	-	button	-	false	true	0	0	-	-	-	-	-	-	not-rendered	-
sheet	side:left;open:closed	-	-	button	-	false	true	0	0	-	-	-	-	-	-	not-rendered	-
sheet	side:left;open:closed	-	-	a	-	false	true	0	0	-	-	-	-	-	-	not-rendered	-
sheet	side:left;open:closed	-	-	a	-	false	true	0	0	-	-	-	-	-	-	not-rendered	-
sheet	side:left;open:closed	-	-	a	-	false	true	0	0	-	-	-	-	-	-	not-rendered	-
sheet	side:left;open:closed	-	-	a	-	false	true	0	0	-	-	-	-	-	-	not-rendered	-
sheet	side:left;open:open	sheet	sheet-trigger	button	-	true	true	85.8	36	0	0	false	-	-	-	pointer-events:none,no-hit-point	-
sheet	side:left;open:open	sheet	sheet-close	button	-	true	true	58.2	36	59	36	true	sheet-content[xy]	24	-	-	sheet-footer,sheet-content
sheet	side:left;open:open	button	button	button	-	true	true	56.2	36	57	36	true	sheet-content[xy]	24	-	-	sheet-footer,sheet-content
sheet	side:left;open:open	-	-	span	-	false	true	0	0	-	-	-	-	-	-	not-rendered	-
sheet	side:left;open:open	-	-	button	-	false	true	0	0	-	-	-	-	-	-	not-rendered	-
sheet	side:left;open:open	-	-	button	-	false	true	0	0	-	-	-	-	-	-	not-rendered	-
sheet	side:left;open:open	-	-	button	-	false	true	0	0	-	-	-	-	-	-	not-rendered	-
sheet	side:left;open:open	-	-	a	-	false	true	0	0	-	-	-	-	-	-	not-rendered	-
sheet	side:left;open:open	-	-	a	-	false	true	0	0	-	-	-	-	-	-	not-rendered	-
sheet	side:left;open:open	-	-	a	-	false	true	0	0	-	-	-	-	-	-	not-rendered	-
sheet	side:left;open:open	-	-	a	-	false	true	0	0	-	-	-	-	-	-	not-rendered	-
sheet	side:left;open:open	-	sheet-content	div	dialog	false	true	384	1800	384	1800	true	body[xy]	0	-	-	-
sheet	side:left;open:open	-	-	span	-	false	true	0	0	-	-	-	-	-	-	not-rendered	-
sidebar	collapsible:offcanvas;side:left;variant:sidebar;item:default;state:expanded	sidebar	sidebar-group-action	button	-	true	true	20	24	24	25	true	sidebar-content[xy]	20	24px×24px	-	sidebar-group,sidebar-content,sidebar-inner,sidebar-container,sidebar,sidebar-wrapper
sidebar	collapsible:offcanvas;side:left;variant:sidebar;item:default;state:expanded	sidebar	sidebar-menu-button	button	-	true	true	223	32	223	32	true	sidebar-content[xy]	16	-	-	sidebar-menu-item,sidebar-menu,sidebar-group-content,sidebar-group,sidebar-content,sidebar-inner,sidebar-container,sidebar,sidebar-wrapper
sidebar	collapsible:offcanvas;side:left;variant:sidebar;item:default;state:expanded	sidebar	sidebar-menu-button	button	-	true	true	223	28	197	28	true	sidebar-content[xy]	16	-	-	sidebar-menu-item,sidebar-menu,sidebar-group-content,sidebar-group,sidebar-content,sidebar-inner,sidebar-container,sidebar,sidebar-wrapper
sidebar	collapsible:offcanvas;side:left;variant:sidebar;item:default;state:expanded	sidebar	sidebar-menu-action	button	-	true	true	20	22.4	24	25	true	sidebar-content[xy]	20	24px×23.9844px	-	sidebar-menu-item,sidebar-menu,sidebar-group-content,sidebar-group,sidebar-content,sidebar-inner,sidebar-container,sidebar,sidebar-wrapper
sidebar	collapsible:offcanvas;side:left;variant:sidebar;item:default;state:expanded	sidebar	sidebar-menu-sub-button	a	-	true	true	174	28	174	28	true	sidebar-content[xy]	40	-	-	sidebar-menu-sub-item,sidebar-menu-sub,sidebar-menu-item,sidebar-menu,sidebar-group-content,sidebar-group,sidebar-content,sidebar-inner,sidebar-container,sidebar,sidebar-wrapper
sidebar	collapsible:offcanvas;side:left;variant:sidebar;item:default;state:expanded	sidebar	sidebar-menu-sub-button	a	-	true	true	174	28	174	28	true	sidebar-content[xy]	40	-	-	sidebar-menu-sub-item,sidebar-menu-sub,sidebar-menu-item,sidebar-menu,sidebar-group-content,sidebar-group,sidebar-content,sidebar-inner,sidebar-container,sidebar,sidebar-wrapper
sidebar	collapsible:offcanvas;side:left;variant:sidebar;item:default;state:expanded	sidebar	sidebar-rail	button	-	true	true	16	1800	12	310	false	div[xy]	-741	2px×1800px	-	sidebar-inner,sidebar-container,sidebar,sidebar-wrapper
sidebar	collapsible:offcanvas;side:left;variant:sidebar;item:default;state:expanded	sidebar	sidebar-trigger	button	-	true	true	32	32	32	33	true	div[xy]	16	-	-	sidebar-inset,sidebar-wrapper
sidebar	collapsible:offcanvas;side:left;variant:sidebar;item:default;state:expanded	-	-	button	-	false	true	0	0	-	-	-	-	-	-	not-rendered	-
sidebar	collapsible:offcanvas;side:left;variant:sidebar;item:default;state:expanded	-	-	button	-	false	true	0	0	-	-	-	-	-	-	not-rendered	-
sidebar	collapsible:offcanvas;side:left;variant:sidebar;item:default;state:expanded	-	-	button	-	false	true	0	0	-	-	-	-	-	-	not-rendered	-
sidebar	collapsible:offcanvas;side:left;variant:sidebar;item:default;state:expanded	-	-	a	-	false	true	0	0	-	-	-	-	-	-	not-rendered	-
sidebar	collapsible:offcanvas;side:left;variant:sidebar;item:default;state:expanded	-	-	a	-	false	true	0	0	-	-	-	-	-	-	not-rendered	-
sidebar	collapsible:offcanvas;side:left;variant:sidebar;item:default;state:expanded	-	-	a	-	false	true	0	0	-	-	-	-	-	-	not-rendered	-
sidebar	collapsible:offcanvas;side:left;variant:sidebar;item:default;state:expanded	-	-	a	-	false	true	0	0	-	-	-	-	-	-	not-rendered	-
sidebar	collapsible:offcanvas;side:left;variant:sidebar;item:default;state:collapsed	sidebar	sidebar-group-action	button	-	true	true	20	24	0	0	false	-	-	24px×24px	no-hit-point	sidebar-group,sidebar-content,sidebar-inner,sidebar-container,sidebar,sidebar-wrapper
sidebar	collapsible:offcanvas;side:left;variant:sidebar;item:default;state:collapsed	sidebar	sidebar-menu-button	button	-	true	true	223	32	0	0	false	-	-	-	no-hit-point	sidebar-menu-item,sidebar-menu,sidebar-group-content,sidebar-group,sidebar-content,sidebar-inner,sidebar-container,sidebar,sidebar-wrapper
sidebar	collapsible:offcanvas;side:left;variant:sidebar;item:default;state:collapsed	sidebar	sidebar-menu-button	button	-	true	true	223	28	0	0	false	-	-	-	no-hit-point	sidebar-menu-item,sidebar-menu,sidebar-group-content,sidebar-group,sidebar-content,sidebar-inner,sidebar-container,sidebar,sidebar-wrapper
sidebar	collapsible:offcanvas;side:left;variant:sidebar;item:default;state:collapsed	sidebar	sidebar-menu-action	button	-	true	true	20	22.4	0	0	false	-	-	24px×23.9844px	no-hit-point	sidebar-menu-item,sidebar-menu,sidebar-group-content,sidebar-group,sidebar-content,sidebar-inner,sidebar-container,sidebar,sidebar-wrapper
sidebar	collapsible:offcanvas;side:left;variant:sidebar;item:default;state:collapsed	sidebar	sidebar-menu-sub-button	a	-	true	true	174	28	0	0	false	-	-	-	no-hit-point	sidebar-menu-sub-item,sidebar-menu-sub,sidebar-menu-item,sidebar-menu,sidebar-group-content,sidebar-group,sidebar-content,sidebar-inner,sidebar-container,sidebar,sidebar-wrapper
sidebar	collapsible:offcanvas;side:left;variant:sidebar;item:default;state:collapsed	sidebar	sidebar-menu-sub-button	a	-	true	true	174	28	0	0	false	-	-	-	no-hit-point	sidebar-menu-sub-item,sidebar-menu-sub,sidebar-menu-item,sidebar-menu,sidebar-group-content,sidebar-group,sidebar-content,sidebar-inner,sidebar-container,sidebar,sidebar-wrapper
sidebar	collapsible:offcanvas;side:left;variant:sidebar;item:default;state:collapsed	sidebar	sidebar-rail	button	-	true	true	16	1800	0	0	false	-	-	2px×1800px	no-hit-point	sidebar-inner,sidebar-container,sidebar,sidebar-wrapper
sidebar	collapsible:offcanvas;side:left;variant:sidebar;item:default;state:collapsed	sidebar	sidebar-trigger	button	-	true	true	32	32	32	33	true	div[xy]	16	-	-	sidebar-inset,sidebar-wrapper
sidebar	collapsible:offcanvas;side:left;variant:sidebar;item:default;state:collapsed	-	-	button	-	false	true	0	0	-	-	-	-	-	-	not-rendered	-
sidebar	collapsible:offcanvas;side:left;variant:sidebar;item:default;state:collapsed	-	-	button	-	false	true	0	0	-	-	-	-	-	-	not-rendered	-
sidebar	collapsible:offcanvas;side:left;variant:sidebar;item:default;state:collapsed	-	-	button	-	false	true	0	0	-	-	-	-	-	-	not-rendered	-
sidebar	collapsible:offcanvas;side:left;variant:sidebar;item:default;state:collapsed	-	-	a	-	false	true	0	0	-	-	-	-	-	-	not-rendered	-
sidebar	collapsible:offcanvas;side:left;variant:sidebar;item:default;state:collapsed	-	-	a	-	false	true	0	0	-	-	-	-	-	-	not-rendered	-
sidebar	collapsible:offcanvas;side:left;variant:sidebar;item:default;state:collapsed	-	-	a	-	false	true	0	0	-	-	-	-	-	-	not-rendered	-
sidebar	collapsible:offcanvas;side:left;variant:sidebar;item:default;state:collapsed	-	-	a	-	false	true	0	0	-	-	-	-	-	-	not-rendered	-
sidebar	collapsible:offcanvas;side:left;variant:sidebar;item:active;state:expanded	sidebar	sidebar-group-action	button	-	true	true	20	24	24	25	true	sidebar-content[xy]	20	24px×24px	-	sidebar-group,sidebar-content,sidebar-inner,sidebar-container,sidebar,sidebar-wrapper
sidebar	collapsible:offcanvas;side:left;variant:sidebar;item:active;state:expanded	sidebar	sidebar-menu-button	button	-	true	true	223	32	223	32	true	sidebar-content[xy]	16	-	-	sidebar-menu-item,sidebar-menu,sidebar-group-content,sidebar-group,sidebar-content,sidebar-inner,sidebar-container,sidebar,sidebar-wrapper
sidebar	collapsible:offcanvas;side:left;variant:sidebar;item:active;state:expanded	sidebar	sidebar-menu-button	button	-	true	true	223	28	197	28	true	sidebar-content[xy]	16	-	-	sidebar-menu-item,sidebar-menu,sidebar-group-content,sidebar-group,sidebar-content,sidebar-inner,sidebar-container,sidebar,sidebar-wrapper
sidebar	collapsible:offcanvas;side:left;variant:sidebar;item:active;state:expanded	sidebar	sidebar-menu-action	button	-	true	true	20	22.4	24	25	true	sidebar-content[xy]	20	24px×23.9844px	-	sidebar-menu-item,sidebar-menu,sidebar-group-content,sidebar-group,sidebar-content,sidebar-inner,sidebar-container,sidebar,sidebar-wrapper
sidebar	collapsible:offcanvas;side:left;variant:sidebar;item:active;state:expanded	sidebar	sidebar-menu-sub-button	a	-	true	true	174	28	174	28	true	sidebar-content[xy]	40	-	-	sidebar-menu-sub-item,sidebar-menu-sub,sidebar-menu-item,sidebar-menu,sidebar-group-content,sidebar-group,sidebar-content,sidebar-inner,sidebar-container,sidebar,sidebar-wrapper
sidebar	collapsible:offcanvas;side:left;variant:sidebar;item:active;state:expanded	sidebar	sidebar-menu-sub-button	a	-	true	true	174	28	174	28	true	sidebar-content[xy]	40	-	-	sidebar-menu-sub-item,sidebar-menu-sub,sidebar-menu-item,sidebar-menu,sidebar-group-content,sidebar-group,sidebar-content,sidebar-inner,sidebar-container,sidebar,sidebar-wrapper
sidebar	collapsible:offcanvas;side:left;variant:sidebar;item:active;state:expanded	sidebar	sidebar-rail	button	-	true	true	16	1800	12	310	false	div[xy]	-741	2px×1800px	-	sidebar-inner,sidebar-container,sidebar,sidebar-wrapper
sidebar	collapsible:offcanvas;side:left;variant:sidebar;item:active;state:expanded	sidebar	sidebar-trigger	button	-	true	true	32	32	32	33	true	div[xy]	16	-	-	sidebar-inset,sidebar-wrapper
sidebar	collapsible:offcanvas;side:left;variant:sidebar;item:active;state:expanded	-	-	button	-	false	true	0	0	-	-	-	-	-	-	not-rendered	-
sidebar	collapsible:offcanvas;side:left;variant:sidebar;item:active;state:expanded	-	-	button	-	false	true	0	0	-	-	-	-	-	-	not-rendered	-
sidebar	collapsible:offcanvas;side:left;variant:sidebar;item:active;state:expanded	-	-	button	-	false	true	0	0	-	-	-	-	-	-	not-rendered	-
sidebar	collapsible:offcanvas;side:left;variant:sidebar;item:active;state:expanded	-	-	a	-	false	true	0	0	-	-	-	-	-	-	not-rendered	-
sidebar	collapsible:offcanvas;side:left;variant:sidebar;item:active;state:expanded	-	-	a	-	false	true	0	0	-	-	-	-	-	-	not-rendered	-
sidebar	collapsible:offcanvas;side:left;variant:sidebar;item:active;state:expanded	-	-	a	-	false	true	0	0	-	-	-	-	-	-	not-rendered	-
sidebar	collapsible:offcanvas;side:left;variant:sidebar;item:active;state:expanded	-	-	a	-	false	true	0	0	-	-	-	-	-	-	not-rendered	-
sidebar	collapsible:offcanvas;side:left;variant:sidebar;item:active;state:collapsed	sidebar	sidebar-group-action	button	-	true	true	20	24	0	0	false	-	-	24px×24px	no-hit-point	sidebar-group,sidebar-content,sidebar-inner,sidebar-container,sidebar,sidebar-wrapper
sidebar	collapsible:offcanvas;side:left;variant:sidebar;item:active;state:collapsed	sidebar	sidebar-menu-button	button	-	true	true	223	32	0	0	false	-	-	-	no-hit-point	sidebar-menu-item,sidebar-menu,sidebar-group-content,sidebar-group,sidebar-content,sidebar-inner,sidebar-container,sidebar,sidebar-wrapper
sidebar	collapsible:offcanvas;side:left;variant:sidebar;item:active;state:collapsed	sidebar	sidebar-menu-button	button	-	true	true	223	28	0	0	false	-	-	-	no-hit-point	sidebar-menu-item,sidebar-menu,sidebar-group-content,sidebar-group,sidebar-content,sidebar-inner,sidebar-container,sidebar,sidebar-wrapper
sidebar	collapsible:offcanvas;side:left;variant:sidebar;item:active;state:collapsed	sidebar	sidebar-menu-action	button	-	true	true	20	22.4	0	0	false	-	-	24px×23.9844px	no-hit-point	sidebar-menu-item,sidebar-menu,sidebar-group-content,sidebar-group,sidebar-content,sidebar-inner,sidebar-container,sidebar,sidebar-wrapper
sidebar	collapsible:offcanvas;side:left;variant:sidebar;item:active;state:collapsed	sidebar	sidebar-menu-sub-button	a	-	true	true	174	28	0	0	false	-	-	-	no-hit-point	sidebar-menu-sub-item,sidebar-menu-sub,sidebar-menu-item,sidebar-menu,sidebar-group-content,sidebar-group,sidebar-content,sidebar-inner,sidebar-container,sidebar,sidebar-wrapper
sidebar	collapsible:offcanvas;side:left;variant:sidebar;item:active;state:collapsed	sidebar	sidebar-menu-sub-button	a	-	true	true	174	28	0	0	false	-	-	-	no-hit-point	sidebar-menu-sub-item,sidebar-menu-sub,sidebar-menu-item,sidebar-menu,sidebar-group-content,sidebar-group,sidebar-content,sidebar-inner,sidebar-container,sidebar,sidebar-wrapper
sidebar	collapsible:offcanvas;side:left;variant:sidebar;item:active;state:collapsed	sidebar	sidebar-rail	button	-	true	true	16	1800	0	0	false	-	-	2px×1800px	no-hit-point	sidebar-inner,sidebar-container,sidebar,sidebar-wrapper
sidebar	collapsible:offcanvas;side:left;variant:sidebar;item:active;state:collapsed	sidebar	sidebar-trigger	button	-	true	true	32	32	32	33	true	div[xy]	16	-	-	sidebar-inset,sidebar-wrapper
sidebar	collapsible:offcanvas;side:left;variant:sidebar;item:active;state:collapsed	-	-	button	-	false	true	0	0	-	-	-	-	-	-	not-rendered	-
sidebar	collapsible:offcanvas;side:left;variant:sidebar;item:active;state:collapsed	-	-	button	-	false	true	0	0	-	-	-	-	-	-	not-rendered	-
sidebar	collapsible:offcanvas;side:left;variant:sidebar;item:active;state:collapsed	-	-	button	-	false	true	0	0	-	-	-	-	-	-	not-rendered	-
sidebar	collapsible:offcanvas;side:left;variant:sidebar;item:active;state:collapsed	-	-	a	-	false	true	0	0	-	-	-	-	-	-	not-rendered	-
sidebar	collapsible:offcanvas;side:left;variant:sidebar;item:active;state:collapsed	-	-	a	-	false	true	0	0	-	-	-	-	-	-	not-rendered	-
sidebar	collapsible:offcanvas;side:left;variant:sidebar;item:active;state:collapsed	-	-	a	-	false	true	0	0	-	-	-	-	-	-	not-rendered	-
sidebar	collapsible:offcanvas;side:left;variant:sidebar;item:active;state:collapsed	-	-	a	-	false	true	0	0	-	-	-	-	-	-	not-rendered	-
sidebar	collapsible:offcanvas;side:left;variant:floating;item:default;state:expanded	sidebar	sidebar-group-action	button	-	true	true	20	24	24	25	true	sidebar-content[xy]	20	24px×24px	-	sidebar-group,sidebar-content,sidebar-inner,sidebar-container,sidebar,sidebar-wrapper
sidebar	collapsible:offcanvas;side:left;variant:floating;item:default;state:expanded	sidebar	sidebar-menu-button	button	-	true	true	206	32	206	32	true	sidebar-content[xy]	16	-	-	sidebar-menu-item,sidebar-menu,sidebar-group-content,sidebar-group,sidebar-content,sidebar-inner,sidebar-container,sidebar,sidebar-wrapper
sidebar	collapsible:offcanvas;side:left;variant:floating;item:default;state:expanded	sidebar	sidebar-menu-button	button	-	true	true	206	28	180	28	true	sidebar-content[xy]	16	-	-	sidebar-menu-item,sidebar-menu,sidebar-group-content,sidebar-group,sidebar-content,sidebar-inner,sidebar-container,sidebar,sidebar-wrapper
sidebar	collapsible:offcanvas;side:left;variant:floating;item:default;state:expanded	sidebar	sidebar-menu-action	button	-	true	true	20	22.4	24	25	true	sidebar-content[xy]	20	24px×23.9844px	-	sidebar-menu-item,sidebar-menu,sidebar-group-content,sidebar-group,sidebar-content,sidebar-inner,sidebar-container,sidebar,sidebar-wrapper
sidebar	collapsible:offcanvas;side:left;variant:floating;item:default;state:expanded	sidebar	sidebar-menu-sub-button	a	-	true	true	157	28	157	28	true	sidebar-content[xy]	40	-	-	sidebar-menu-sub-item,sidebar-menu-sub,sidebar-menu-item,sidebar-menu,sidebar-group-content,sidebar-group,sidebar-content,sidebar-inner,sidebar-container,sidebar,sidebar-wrapper
sidebar	collapsible:offcanvas;side:left;variant:floating;item:default;state:expanded	sidebar	sidebar-menu-sub-button	a	-	true	true	157	28	157	28	true	sidebar-content[xy]	40	-	-	sidebar-menu-sub-item,sidebar-menu-sub,sidebar-menu-item,sidebar-menu,sidebar-group-content,sidebar-group,sidebar-content,sidebar-inner,sidebar-container,sidebar,sidebar-wrapper
sidebar	collapsible:offcanvas;side:left;variant:floating;item:default;state:expanded	sidebar	sidebar-rail	button	-	true	true	16	1800	21	319	false	div[xy]	-741	2px×1800px	-	sidebar-inner,sidebar-container,sidebar,sidebar-wrapper
sidebar	collapsible:offcanvas;side:left;variant:floating;item:default;state:expanded	sidebar	sidebar-trigger	button	-	true	true	32	32	32	33	true	div[xy]	16	-	-	sidebar-inset,sidebar-wrapper
sidebar	collapsible:offcanvas;side:left;variant:floating;item:default;state:expanded	-	-	button	-	false	true	0	0	-	-	-	-	-	-	not-rendered	-
sidebar	collapsible:offcanvas;side:left;variant:floating;item:default;state:expanded	-	-	button	-	false	true	0	0	-	-	-	-	-	-	not-rendered	-
sidebar	collapsible:offcanvas;side:left;variant:floating;item:default;state:expanded	-	-	button	-	false	true	0	0	-	-	-	-	-	-	not-rendered	-
sidebar	collapsible:offcanvas;side:left;variant:floating;item:default;state:expanded	-	-	a	-	false	true	0	0	-	-	-	-	-	-	not-rendered	-
sidebar	collapsible:offcanvas;side:left;variant:floating;item:default;state:expanded	-	-	a	-	false	true	0	0	-	-	-	-	-	-	not-rendered	-
sidebar	collapsible:offcanvas;side:left;variant:floating;item:default;state:expanded	-	-	a	-	false	true	0	0	-	-	-	-	-	-	not-rendered	-
sidebar	collapsible:offcanvas;side:left;variant:floating;item:default;state:expanded	-	-	a	-	false	true	0	0	-	-	-	-	-	-	not-rendered	-
sidebar	collapsible:offcanvas;side:left;variant:floating;item:default;state:collapsed	sidebar	sidebar-group-action	button	-	true	true	20	24	0	0	false	-	-	24px×24px	no-hit-point	sidebar-group,sidebar-content,sidebar-inner,sidebar-container,sidebar,sidebar-wrapper
sidebar	collapsible:offcanvas;side:left;variant:floating;item:default;state:collapsed	sidebar	sidebar-menu-button	button	-	true	true	206	32	0	0	false	-	-	-	no-hit-point	sidebar-menu-item,sidebar-menu,sidebar-group-content,sidebar-group,sidebar-content,sidebar-inner,sidebar-container,sidebar,sidebar-wrapper
sidebar	collapsible:offcanvas;side:left;variant:floating;item:default;state:collapsed	sidebar	sidebar-menu-button	button	-	true	true	206	28	0	0	false	-	-	-	no-hit-point	sidebar-menu-item,sidebar-menu,sidebar-group-content,sidebar-group,sidebar-content,sidebar-inner,sidebar-container,sidebar,sidebar-wrapper
sidebar	collapsible:offcanvas;side:left;variant:floating;item:default;state:collapsed	sidebar	sidebar-menu-action	button	-	true	true	20	22.4	0	0	false	-	-	24px×23.9844px	no-hit-point	sidebar-menu-item,sidebar-menu,sidebar-group-content,sidebar-group,sidebar-content,sidebar-inner,sidebar-container,sidebar,sidebar-wrapper
sidebar	collapsible:offcanvas;side:left;variant:floating;item:default;state:collapsed	sidebar	sidebar-menu-sub-button	a	-	true	true	157	28	0	0	false	-	-	-	no-hit-point	sidebar-menu-sub-item,sidebar-menu-sub,sidebar-menu-item,sidebar-menu,sidebar-group-content,sidebar-group,sidebar-content,sidebar-inner,sidebar-container,sidebar,sidebar-wrapper
sidebar	collapsible:offcanvas;side:left;variant:floating;item:default;state:collapsed	sidebar	sidebar-menu-sub-button	a	-	true	true	157	28	0	0	false	-	-	-	no-hit-point	sidebar-menu-sub-item,sidebar-menu-sub,sidebar-menu-item,sidebar-menu,sidebar-group-content,sidebar-group,sidebar-content,sidebar-inner,sidebar-container,sidebar,sidebar-wrapper
sidebar	collapsible:offcanvas;side:left;variant:floating;item:default;state:collapsed	sidebar	sidebar-rail	button	-	true	true	16	1800	0	0	false	-	-	2px×1800px	no-hit-point	sidebar-inner,sidebar-container,sidebar,sidebar-wrapper
sidebar	collapsible:offcanvas;side:left;variant:floating;item:default;state:collapsed	sidebar	sidebar-trigger	button	-	true	true	32	32	32	33	true	div[xy]	16	-	-	sidebar-inset,sidebar-wrapper
sidebar	collapsible:offcanvas;side:left;variant:floating;item:default;state:collapsed	-	-	button	-	false	true	0	0	-	-	-	-	-	-	not-rendered	-
sidebar	collapsible:offcanvas;side:left;variant:floating;item:default;state:collapsed	-	-	button	-	false	true	0	0	-	-	-	-	-	-	not-rendered	-
sidebar	collapsible:offcanvas;side:left;variant:floating;item:default;state:collapsed	-	-	button	-	false	true	0	0	-	-	-	-	-	-	not-rendered	-
sidebar	collapsible:offcanvas;side:left;variant:floating;item:default;state:collapsed	-	-	a	-	false	true	0	0	-	-	-	-	-	-	not-rendered	-
sidebar	collapsible:offcanvas;side:left;variant:floating;item:default;state:collapsed	-	-	a	-	false	true	0	0	-	-	-	-	-	-	not-rendered	-
sidebar	collapsible:offcanvas;side:left;variant:floating;item:default;state:collapsed	-	-	a	-	false	true	0	0	-	-	-	-	-	-	not-rendered	-
sidebar	collapsible:offcanvas;side:left;variant:floating;item:default;state:collapsed	-	-	a	-	false	true	0	0	-	-	-	-	-	-	not-rendered	-
sidebar	collapsible:offcanvas;side:left;variant:floating;item:active;state:expanded	sidebar	sidebar-group-action	button	-	true	true	20	24	24	25	true	sidebar-content[xy]	20	24px×24px	-	sidebar-group,sidebar-content,sidebar-inner,sidebar-container,sidebar,sidebar-wrapper
sidebar	collapsible:offcanvas;side:left;variant:floating;item:active;state:expanded	sidebar	sidebar-menu-button	button	-	true	true	206	32	206	32	true	sidebar-content[xy]	16	-	-	sidebar-menu-item,sidebar-menu,sidebar-group-content,sidebar-group,sidebar-content,sidebar-inner,sidebar-container,sidebar,sidebar-wrapper
sidebar	collapsible:offcanvas;side:left;variant:floating;item:active;state:expanded	sidebar	sidebar-menu-button	button	-	true	true	206	28	180	28	true	sidebar-content[xy]	16	-	-	sidebar-menu-item,sidebar-menu,sidebar-group-content,sidebar-group,sidebar-content,sidebar-inner,sidebar-container,sidebar,sidebar-wrapper
sidebar	collapsible:offcanvas;side:left;variant:floating;item:active;state:expanded	sidebar	sidebar-menu-action	button	-	true	true	20	22.4	24	25	true	sidebar-content[xy]	20	24px×23.9844px	-	sidebar-menu-item,sidebar-menu,sidebar-group-content,sidebar-group,sidebar-content,sidebar-inner,sidebar-container,sidebar,sidebar-wrapper
sidebar	collapsible:offcanvas;side:left;variant:floating;item:active;state:expanded	sidebar	sidebar-menu-sub-button	a	-	true	true	157	28	157	28	true	sidebar-content[xy]	40	-	-	sidebar-menu-sub-item,sidebar-menu-sub,sidebar-menu-item,sidebar-menu,sidebar-group-content,sidebar-group,sidebar-content,sidebar-inner,sidebar-container,sidebar,sidebar-wrapper
sidebar	collapsible:offcanvas;side:left;variant:floating;item:active;state:expanded	sidebar	sidebar-menu-sub-button	a	-	true	true	157	28	157	28	true	sidebar-content[xy]	40	-	-	sidebar-menu-sub-item,sidebar-menu-sub,sidebar-menu-item,sidebar-menu,sidebar-group-content,sidebar-group,sidebar-content,sidebar-inner,sidebar-container,sidebar,sidebar-wrapper
sidebar	collapsible:offcanvas;side:left;variant:floating;item:active;state:expanded	sidebar	sidebar-rail	button	-	true	true	16	1800	21	319	false	div[xy]	-741	2px×1800px	-	sidebar-inner,sidebar-container,sidebar,sidebar-wrapper
sidebar	collapsible:offcanvas;side:left;variant:floating;item:active;state:expanded	sidebar	sidebar-trigger	button	-	true	true	32	32	32	33	true	div[xy]	16	-	-	sidebar-inset,sidebar-wrapper
sidebar	collapsible:offcanvas;side:left;variant:floating;item:active;state:expanded	-	-	button	-	false	true	0	0	-	-	-	-	-	-	not-rendered	-
sidebar	collapsible:offcanvas;side:left;variant:floating;item:active;state:expanded	-	-	button	-	false	true	0	0	-	-	-	-	-	-	not-rendered	-
sidebar	collapsible:offcanvas;side:left;variant:floating;item:active;state:expanded	-	-	button	-	false	true	0	0	-	-	-	-	-	-	not-rendered	-
sidebar	collapsible:offcanvas;side:left;variant:floating;item:active;state:expanded	-	-	a	-	false	true	0	0	-	-	-	-	-	-	not-rendered	-
sidebar	collapsible:offcanvas;side:left;variant:floating;item:active;state:expanded	-	-	a	-	false	true	0	0	-	-	-	-	-	-	not-rendered	-
sidebar	collapsible:offcanvas;side:left;variant:floating;item:active;state:expanded	-	-	a	-	false	true	0	0	-	-	-	-	-	-	not-rendered	-
sidebar	collapsible:offcanvas;side:left;variant:floating;item:active;state:expanded	-	-	a	-	false	true	0	0	-	-	-	-	-	-	not-rendered	-
sidebar	collapsible:offcanvas;side:left;variant:floating;item:active;state:collapsed	sidebar	sidebar-group-action	button	-	true	true	20	24	0	0	false	-	-	24px×24px	no-hit-point	sidebar-group,sidebar-content,sidebar-inner,sidebar-container,sidebar,sidebar-wrapper
sidebar	collapsible:offcanvas;side:left;variant:floating;item:active;state:collapsed	sidebar	sidebar-menu-button	button	-	true	true	206	32	0	0	false	-	-	-	no-hit-point	sidebar-menu-item,sidebar-menu,sidebar-group-content,sidebar-group,sidebar-content,sidebar-inner,sidebar-container,sidebar,sidebar-wrapper
sidebar	collapsible:offcanvas;side:left;variant:floating;item:active;state:collapsed	sidebar	sidebar-menu-button	button	-	true	true	206	28	0	0	false	-	-	-	no-hit-point	sidebar-menu-item,sidebar-menu,sidebar-group-content,sidebar-group,sidebar-content,sidebar-inner,sidebar-container,sidebar,sidebar-wrapper
sidebar	collapsible:offcanvas;side:left;variant:floating;item:active;state:collapsed	sidebar	sidebar-menu-action	button	-	true	true	20	22.4	0	0	false	-	-	24px×23.9844px	no-hit-point	sidebar-menu-item,sidebar-menu,sidebar-group-content,sidebar-group,sidebar-content,sidebar-inner,sidebar-container,sidebar,sidebar-wrapper
sidebar	collapsible:offcanvas;side:left;variant:floating;item:active;state:collapsed	sidebar	sidebar-menu-sub-button	a	-	true	true	157	28	0	0	false	-	-	-	no-hit-point	sidebar-menu-sub-item,sidebar-menu-sub,sidebar-menu-item,sidebar-menu,sidebar-group-content,sidebar-group,sidebar-content,sidebar-inner,sidebar-container,sidebar,sidebar-wrapper
sidebar	collapsible:offcanvas;side:left;variant:floating;item:active;state:collapsed	sidebar	sidebar-menu-sub-button	a	-	true	true	157	28	0	0	false	-	-	-	no-hit-point	sidebar-menu-sub-item,sidebar-menu-sub,sidebar-menu-item,sidebar-menu,sidebar-group-content,sidebar-group,sidebar-content,sidebar-inner,sidebar-container,sidebar,sidebar-wrapper
sidebar	collapsible:offcanvas;side:left;variant:floating;item:active;state:collapsed	sidebar	sidebar-rail	button	-	true	true	16	1800	0	0	false	-	-	2px×1800px	no-hit-point	sidebar-inner,sidebar-container,sidebar,sidebar-wrapper
sidebar	collapsible:offcanvas;side:left;variant:floating;item:active;state:collapsed	sidebar	sidebar-trigger	button	-	true	true	32	32	32	33	true	div[xy]	16	-	-	sidebar-inset,sidebar-wrapper
sidebar	collapsible:offcanvas;side:left;variant:floating;item:active;state:collapsed	-	-	button	-	false	true	0	0	-	-	-	-	-	-	not-rendered	-
sidebar	collapsible:offcanvas;side:left;variant:floating;item:active;state:collapsed	-	-	button	-	false	true	0	0	-	-	-	-	-	-	not-rendered	-
sidebar	collapsible:offcanvas;side:left;variant:floating;item:active;state:collapsed	-	-	button	-	false	true	0	0	-	-	-	-	-	-	not-rendered	-
sidebar	collapsible:offcanvas;side:left;variant:floating;item:active;state:collapsed	-	-	a	-	false	true	0	0	-	-	-	-	-	-	not-rendered	-
sidebar	collapsible:offcanvas;side:left;variant:floating;item:active;state:collapsed	-	-	a	-	false	true	0	0	-	-	-	-	-	-	not-rendered	-
sidebar	collapsible:offcanvas;side:left;variant:floating;item:active;state:collapsed	-	-	a	-	false	true	0	0	-	-	-	-	-	-	not-rendered	-
sidebar	collapsible:offcanvas;side:left;variant:floating;item:active;state:collapsed	-	-	a	-	false	true	0	0	-	-	-	-	-	-	not-rendered	-
sidebar	collapsible:offcanvas;side:left;variant:inset;item:default;state:expanded	sidebar	sidebar-group-action	button	-	true	true	20	24	24	25	true	sidebar-content[xy]	20	24px×24px	-	sidebar-group,sidebar-content,sidebar-inner,sidebar-container,sidebar,sidebar-wrapper
sidebar	collapsible:offcanvas;side:left;variant:inset;item:default;state:expanded	sidebar	sidebar-menu-button	button	-	true	true	208	32	208	32	true	sidebar-content[xy]	16	-	-	sidebar-menu-item,sidebar-menu,sidebar-group-content,sidebar-group,sidebar-content,sidebar-inner,sidebar-container,sidebar,sidebar-wrapper
sidebar	collapsible:offcanvas;side:left;variant:inset;item:default;state:expanded	sidebar	sidebar-menu-button	button	-	true	true	208	28	182	28	true	sidebar-content[xy]	16	-	-	sidebar-menu-item,sidebar-menu,sidebar-group-content,sidebar-group,sidebar-content,sidebar-inner,sidebar-container,sidebar,sidebar-wrapper
sidebar	collapsible:offcanvas;side:left;variant:inset;item:default;state:expanded	sidebar	sidebar-menu-action	button	-	true	true	20	22.4	24	25	true	sidebar-content[xy]	20	24px×23.9844px	-	sidebar-menu-item,sidebar-menu,sidebar-group-content,sidebar-group,sidebar-content,sidebar-inner,sidebar-container,sidebar,sidebar-wrapper
sidebar	collapsible:offcanvas;side:left;variant:inset;item:default;state:expanded	sidebar	sidebar-menu-sub-button	a	-	true	true	159	28	159	28	true	sidebar-content[xy]	40	-	-	sidebar-menu-sub-item,sidebar-menu-sub,sidebar-menu-item,sidebar-menu,sidebar-group-content,sidebar-group,sidebar-content,sidebar-inner,sidebar-container,sidebar,sidebar-wrapper
sidebar	collapsible:offcanvas;side:left;variant:inset;item:default;state:expanded	sidebar	sidebar-menu-sub-button	a	-	true	true	159	28	159	28	true	sidebar-content[xy]	40	-	-	sidebar-menu-sub-item,sidebar-menu-sub,sidebar-menu-item,sidebar-menu,sidebar-group-content,sidebar-group,sidebar-content,sidebar-inner,sidebar-container,sidebar,sidebar-wrapper
sidebar	collapsible:offcanvas;side:left;variant:inset;item:default;state:expanded	sidebar	sidebar-rail	button	-	true	true	16	1800	20	319	false	div[xy]	-741	2px×1800px	-	sidebar-inner,sidebar-container,sidebar,sidebar-wrapper
sidebar	collapsible:offcanvas;side:left;variant:inset;item:default;state:expanded	sidebar	sidebar-trigger	button	-	true	true	32	32	32	33	true	div[xy]	16	-	-	sidebar-inset,sidebar-wrapper
sidebar	collapsible:offcanvas;side:left;variant:inset;item:default;state:expanded	-	-	button	-	false	true	0	0	-	-	-	-	-	-	not-rendered	-
sidebar	collapsible:offcanvas;side:left;variant:inset;item:default;state:expanded	-	-	button	-	false	true	0	0	-	-	-	-	-	-	not-rendered	-
sidebar	collapsible:offcanvas;side:left;variant:inset;item:default;state:expanded	-	-	button	-	false	true	0	0	-	-	-	-	-	-	not-rendered	-
sidebar	collapsible:offcanvas;side:left;variant:inset;item:default;state:expanded	-	-	a	-	false	true	0	0	-	-	-	-	-	-	not-rendered	-
sidebar	collapsible:offcanvas;side:left;variant:inset;item:default;state:expanded	-	-	a	-	false	true	0	0	-	-	-	-	-	-	not-rendered	-
sidebar	collapsible:offcanvas;side:left;variant:inset;item:default;state:expanded	-	-	a	-	false	true	0	0	-	-	-	-	-	-	not-rendered	-
sidebar	collapsible:offcanvas;side:left;variant:inset;item:default;state:expanded	-	-	a	-	false	true	0	0	-	-	-	-	-	-	not-rendered	-
sidebar	collapsible:offcanvas;side:left;variant:inset;item:default;state:collapsed	sidebar	sidebar-group-action	button	-	true	true	20	24	0	0	false	-	-	24px×24px	no-hit-point	sidebar-group,sidebar-content,sidebar-inner,sidebar-container,sidebar,sidebar-wrapper
sidebar	collapsible:offcanvas;side:left;variant:inset;item:default;state:collapsed	sidebar	sidebar-menu-button	button	-	true	true	208	32	0	0	false	-	-	-	no-hit-point	sidebar-menu-item,sidebar-menu,sidebar-group-content,sidebar-group,sidebar-content,sidebar-inner,sidebar-container,sidebar,sidebar-wrapper
sidebar	collapsible:offcanvas;side:left;variant:inset;item:default;state:collapsed	sidebar	sidebar-menu-button	button	-	true	true	208	28	0	0	false	-	-	-	no-hit-point	sidebar-menu-item,sidebar-menu,sidebar-group-content,sidebar-group,sidebar-content,sidebar-inner,sidebar-container,sidebar,sidebar-wrapper
sidebar	collapsible:offcanvas;side:left;variant:inset;item:default;state:collapsed	sidebar	sidebar-menu-action	button	-	true	true	20	22.4	0	0	false	-	-	24px×23.9844px	no-hit-point	sidebar-menu-item,sidebar-menu,sidebar-group-content,sidebar-group,sidebar-content,sidebar-inner,sidebar-container,sidebar,sidebar-wrapper
sidebar	collapsible:offcanvas;side:left;variant:inset;item:default;state:collapsed	sidebar	sidebar-menu-sub-button	a	-	true	true	159	28	0	0	false	-	-	-	no-hit-point	sidebar-menu-sub-item,sidebar-menu-sub,sidebar-menu-item,sidebar-menu,sidebar-group-content,sidebar-group,sidebar-content,sidebar-inner,sidebar-container,sidebar,sidebar-wrapper
sidebar	collapsible:offcanvas;side:left;variant:inset;item:default;state:collapsed	sidebar	sidebar-menu-sub-button	a	-	true	true	159	28	0	0	false	-	-	-	no-hit-point	sidebar-menu-sub-item,sidebar-menu-sub,sidebar-menu-item,sidebar-menu,sidebar-group-content,sidebar-group,sidebar-content,sidebar-inner,sidebar-container,sidebar,sidebar-wrapper
sidebar	collapsible:offcanvas;side:left;variant:inset;item:default;state:collapsed	sidebar	sidebar-rail	button	-	true	true	16	1800	0	0	false	-	-	2px×1800px	no-hit-point	sidebar-inner,sidebar-container,sidebar,sidebar-wrapper
sidebar	collapsible:offcanvas;side:left;variant:inset;item:default;state:collapsed	sidebar	sidebar-trigger	button	-	true	true	32	32	32	33	true	div[xy]	16	-	-	sidebar-inset,sidebar-wrapper
sidebar	collapsible:offcanvas;side:left;variant:inset;item:default;state:collapsed	-	-	button	-	false	true	0	0	-	-	-	-	-	-	not-rendered	-
sidebar	collapsible:offcanvas;side:left;variant:inset;item:default;state:collapsed	-	-	button	-	false	true	0	0	-	-	-	-	-	-	not-rendered	-
sidebar	collapsible:offcanvas;side:left;variant:inset;item:default;state:collapsed	-	-	button	-	false	true	0	0	-	-	-	-	-	-	not-rendered	-
sidebar	collapsible:offcanvas;side:left;variant:inset;item:default;state:collapsed	-	-	a	-	false	true	0	0	-	-	-	-	-	-	not-rendered	-
sidebar	collapsible:offcanvas;side:left;variant:inset;item:default;state:collapsed	-	-	a	-	false	true	0	0	-	-	-	-	-	-	not-rendered	-
sidebar	collapsible:offcanvas;side:left;variant:inset;item:default;state:collapsed	-	-	a	-	false	true	0	0	-	-	-	-	-	-	not-rendered	-
sidebar	collapsible:offcanvas;side:left;variant:inset;item:default;state:collapsed	-	-	a	-	false	true	0	0	-	-	-	-	-	-	not-rendered	-
sidebar	collapsible:offcanvas;side:left;variant:inset;item:active;state:expanded	sidebar	sidebar-group-action	button	-	true	true	20	24	24	25	true	sidebar-content[xy]	20	24px×24px	-	sidebar-group,sidebar-content,sidebar-inner,sidebar-container,sidebar,sidebar-wrapper
sidebar	collapsible:offcanvas;side:left;variant:inset;item:active;state:expanded	sidebar	sidebar-menu-button	button	-	true	true	208	32	208	32	true	sidebar-content[xy]	16	-	-	sidebar-menu-item,sidebar-menu,sidebar-group-content,sidebar-group,sidebar-content,sidebar-inner,sidebar-container,sidebar,sidebar-wrapper
sidebar	collapsible:offcanvas;side:left;variant:inset;item:active;state:expanded	sidebar	sidebar-menu-button	button	-	true	true	208	28	182	28	true	sidebar-content[xy]	16	-	-	sidebar-menu-item,sidebar-menu,sidebar-group-content,sidebar-group,sidebar-content,sidebar-inner,sidebar-container,sidebar,sidebar-wrapper
sidebar	collapsible:offcanvas;side:left;variant:inset;item:active;state:expanded	sidebar	sidebar-menu-action	button	-	true	true	20	22.4	24	25	true	sidebar-content[xy]	20	24px×23.9844px	-	sidebar-menu-item,sidebar-menu,sidebar-group-content,sidebar-group,sidebar-content,sidebar-inner,sidebar-container,sidebar,sidebar-wrapper
sidebar	collapsible:offcanvas;side:left;variant:inset;item:active;state:expanded	sidebar	sidebar-menu-sub-button	a	-	true	true	159	28	159	28	true	sidebar-content[xy]	40	-	-	sidebar-menu-sub-item,sidebar-menu-sub,sidebar-menu-item,sidebar-menu,sidebar-group-content,sidebar-group,sidebar-content,sidebar-inner,sidebar-container,sidebar,sidebar-wrapper
sidebar	collapsible:offcanvas;side:left;variant:inset;item:active;state:expanded	sidebar	sidebar-menu-sub-button	a	-	true	true	159	28	159	28	true	sidebar-content[xy]	40	-	-	sidebar-menu-sub-item,sidebar-menu-sub,sidebar-menu-item,sidebar-menu,sidebar-group-content,sidebar-group,sidebar-content,sidebar-inner,sidebar-container,sidebar,sidebar-wrapper
sidebar	collapsible:offcanvas;side:left;variant:inset;item:active;state:expanded	sidebar	sidebar-rail	button	-	true	true	16	1800	20	319	false	div[xy]	-741	2px×1800px	-	sidebar-inner,sidebar-container,sidebar,sidebar-wrapper
sidebar	collapsible:offcanvas;side:left;variant:inset;item:active;state:expanded	sidebar	sidebar-trigger	button	-	true	true	32	32	32	33	true	div[xy]	16	-	-	sidebar-inset,sidebar-wrapper
sidebar	collapsible:offcanvas;side:left;variant:inset;item:active;state:expanded	-	-	button	-	false	true	0	0	-	-	-	-	-	-	not-rendered	-
sidebar	collapsible:offcanvas;side:left;variant:inset;item:active;state:expanded	-	-	button	-	false	true	0	0	-	-	-	-	-	-	not-rendered	-
sidebar	collapsible:offcanvas;side:left;variant:inset;item:active;state:expanded	-	-	button	-	false	true	0	0	-	-	-	-	-	-	not-rendered	-
sidebar	collapsible:offcanvas;side:left;variant:inset;item:active;state:expanded	-	-	a	-	false	true	0	0	-	-	-	-	-	-	not-rendered	-
sidebar	collapsible:offcanvas;side:left;variant:inset;item:active;state:expanded	-	-	a	-	false	true	0	0	-	-	-	-	-	-	not-rendered	-
sidebar	collapsible:offcanvas;side:left;variant:inset;item:active;state:expanded	-	-	a	-	false	true	0	0	-	-	-	-	-	-	not-rendered	-
sidebar	collapsible:offcanvas;side:left;variant:inset;item:active;state:expanded	-	-	a	-	false	true	0	0	-	-	-	-	-	-	not-rendered	-
sidebar	collapsible:offcanvas;side:left;variant:inset;item:active;state:collapsed	sidebar	sidebar-group-action	button	-	true	true	20	24	0	0	false	-	-	24px×24px	no-hit-point	sidebar-group,sidebar-content,sidebar-inner,sidebar-container,sidebar,sidebar-wrapper
sidebar	collapsible:offcanvas;side:left;variant:inset;item:active;state:collapsed	sidebar	sidebar-menu-button	button	-	true	true	208	32	0	0	false	-	-	-	no-hit-point	sidebar-menu-item,sidebar-menu,sidebar-group-content,sidebar-group,sidebar-content,sidebar-inner,sidebar-container,sidebar,sidebar-wrapper
sidebar	collapsible:offcanvas;side:left;variant:inset;item:active;state:collapsed	sidebar	sidebar-menu-button	button	-	true	true	208	28	0	0	false	-	-	-	no-hit-point	sidebar-menu-item,sidebar-menu,sidebar-group-content,sidebar-group,sidebar-content,sidebar-inner,sidebar-container,sidebar,sidebar-wrapper
sidebar	collapsible:offcanvas;side:left;variant:inset;item:active;state:collapsed	sidebar	sidebar-menu-action	button	-	true	true	20	22.4	0	0	false	-	-	24px×23.9844px	no-hit-point	sidebar-menu-item,sidebar-menu,sidebar-group-content,sidebar-group,sidebar-content,sidebar-inner,sidebar-container,sidebar,sidebar-wrapper
sidebar	collapsible:offcanvas;side:left;variant:inset;item:active;state:collapsed	sidebar	sidebar-menu-sub-button	a	-	true	true	159	28	0	0	false	-	-	-	no-hit-point	sidebar-menu-sub-item,sidebar-menu-sub,sidebar-menu-item,sidebar-menu,sidebar-group-content,sidebar-group,sidebar-content,sidebar-inner,sidebar-container,sidebar,sidebar-wrapper
sidebar	collapsible:offcanvas;side:left;variant:inset;item:active;state:collapsed	sidebar	sidebar-menu-sub-button	a	-	true	true	159	28	0	0	false	-	-	-	no-hit-point	sidebar-menu-sub-item,sidebar-menu-sub,sidebar-menu-item,sidebar-menu,sidebar-group-content,sidebar-group,sidebar-content,sidebar-inner,sidebar-container,sidebar,sidebar-wrapper
sidebar	collapsible:offcanvas;side:left;variant:inset;item:active;state:collapsed	sidebar	sidebar-rail	button	-	true	true	16	1800	0	0	false	-	-	2px×1800px	no-hit-point	sidebar-inner,sidebar-container,sidebar,sidebar-wrapper
sidebar	collapsible:offcanvas;side:left;variant:inset;item:active;state:collapsed	sidebar	sidebar-trigger	button	-	true	true	32	32	32	33	true	div[xy]	16	-	-	sidebar-inset,sidebar-wrapper
sidebar	collapsible:offcanvas;side:left;variant:inset;item:active;state:collapsed	-	-	button	-	false	true	0	0	-	-	-	-	-	-	not-rendered	-
sidebar	collapsible:offcanvas;side:left;variant:inset;item:active;state:collapsed	-	-	button	-	false	true	0	0	-	-	-	-	-	-	not-rendered	-
sidebar	collapsible:offcanvas;side:left;variant:inset;item:active;state:collapsed	-	-	button	-	false	true	0	0	-	-	-	-	-	-	not-rendered	-
sidebar	collapsible:offcanvas;side:left;variant:inset;item:active;state:collapsed	-	-	a	-	false	true	0	0	-	-	-	-	-	-	not-rendered	-
sidebar	collapsible:offcanvas;side:left;variant:inset;item:active;state:collapsed	-	-	a	-	false	true	0	0	-	-	-	-	-	-	not-rendered	-
sidebar	collapsible:offcanvas;side:left;variant:inset;item:active;state:collapsed	-	-	a	-	false	true	0	0	-	-	-	-	-	-	not-rendered	-
sidebar	collapsible:offcanvas;side:left;variant:inset;item:active;state:collapsed	-	-	a	-	false	true	0	0	-	-	-	-	-	-	not-rendered	-
sidebar	collapsible:offcanvas;side:right;variant:sidebar;item:default;state:expanded	sidebar	sidebar-group-action	button	-	true	true	20	24	24	25	true	sidebar-content[xy]	20	24px×24px	-	sidebar-group,sidebar-content,sidebar-inner,sidebar-container,sidebar,sidebar-wrapper
sidebar	collapsible:offcanvas;side:right;variant:sidebar;item:default;state:expanded	sidebar	sidebar-menu-button	button	-	true	true	223	32	223	32	true	sidebar-content[xy]	16	-	-	sidebar-menu-item,sidebar-menu,sidebar-group-content,sidebar-group,sidebar-content,sidebar-inner,sidebar-container,sidebar,sidebar-wrapper
sidebar	collapsible:offcanvas;side:right;variant:sidebar;item:default;state:expanded	sidebar	sidebar-menu-button	button	-	true	true	223	28	197	28	true	sidebar-content[xy]	16	-	-	sidebar-menu-item,sidebar-menu,sidebar-group-content,sidebar-group,sidebar-content,sidebar-inner,sidebar-container,sidebar,sidebar-wrapper
sidebar	collapsible:offcanvas;side:right;variant:sidebar;item:default;state:expanded	sidebar	sidebar-menu-action	button	-	true	true	20	22.4	24	25	true	sidebar-content[xy]	20	24px×23.9844px	-	sidebar-menu-item,sidebar-menu,sidebar-group-content,sidebar-group,sidebar-content,sidebar-inner,sidebar-container,sidebar,sidebar-wrapper
sidebar	collapsible:offcanvas;side:right;variant:sidebar;item:default;state:expanded	sidebar	sidebar-menu-sub-button	a	-	true	true	174	28	174	28	true	sidebar-content[xy]	40	-	-	sidebar-menu-sub-item,sidebar-menu-sub,sidebar-menu-item,sidebar-menu,sidebar-group-content,sidebar-group,sidebar-content,sidebar-inner,sidebar-container,sidebar,sidebar-wrapper
sidebar	collapsible:offcanvas;side:right;variant:sidebar;item:default;state:expanded	sidebar	sidebar-menu-sub-button	a	-	true	true	174	28	174	28	true	sidebar-content[xy]	40	-	-	sidebar-menu-sub-item,sidebar-menu-sub,sidebar-menu-item,sidebar-menu,sidebar-group-content,sidebar-group,sidebar-content,sidebar-inner,sidebar-container,sidebar,sidebar-wrapper
sidebar	collapsible:offcanvas;side:right;variant:sidebar;item:default;state:expanded	sidebar	sidebar-rail	button	-	true	true	16	1800	24	319	true	div[xy]	-741	2px×1800px	-	sidebar-inner,sidebar-container,sidebar,sidebar-wrapper
sidebar	collapsible:offcanvas;side:right;variant:sidebar;item:default;state:expanded	sidebar	sidebar-trigger	button	-	true	true	32	32	32	33	true	div[xy]	16	-	-	sidebar-inset,sidebar-wrapper
sidebar	collapsible:offcanvas;side:right;variant:sidebar;item:default;state:expanded	-	-	button	-	false	true	0	0	-	-	-	-	-	-	not-rendered	-
sidebar	collapsible:offcanvas;side:right;variant:sidebar;item:default;state:expanded	-	-	button	-	false	true	0	0	-	-	-	-	-	-	not-rendered	-
sidebar	collapsible:offcanvas;side:right;variant:sidebar;item:default;state:expanded	-	-	button	-	false	true	0	0	-	-	-	-	-	-	not-rendered	-
sidebar	collapsible:offcanvas;side:right;variant:sidebar;item:default;state:expanded	-	-	a	-	false	true	0	0	-	-	-	-	-	-	not-rendered	-
sidebar	collapsible:offcanvas;side:right;variant:sidebar;item:default;state:expanded	-	-	a	-	false	true	0	0	-	-	-	-	-	-	not-rendered	-
sidebar	collapsible:offcanvas;side:right;variant:sidebar;item:default;state:expanded	-	-	a	-	false	true	0	0	-	-	-	-	-	-	not-rendered	-
sidebar	collapsible:offcanvas;side:right;variant:sidebar;item:default;state:expanded	-	-	a	-	false	true	0	0	-	-	-	-	-	-	not-rendered	-
sidebar	collapsible:offcanvas;side:right;variant:sidebar;item:default;state:collapsed	sidebar	sidebar-group-action	button	-	true	true	20	24	0	0	false	-	-	24px×24px	no-hit-point	sidebar-group,sidebar-content,sidebar-inner,sidebar-container,sidebar,sidebar-wrapper
sidebar	collapsible:offcanvas;side:right;variant:sidebar;item:default;state:collapsed	sidebar	sidebar-menu-button	button	-	true	true	223	32	0	0	false	-	-	-	no-hit-point	sidebar-menu-item,sidebar-menu,sidebar-group-content,sidebar-group,sidebar-content,sidebar-inner,sidebar-container,sidebar,sidebar-wrapper
sidebar	collapsible:offcanvas;side:right;variant:sidebar;item:default;state:collapsed	sidebar	sidebar-menu-button	button	-	true	true	223	28	0	0	false	-	-	-	no-hit-point	sidebar-menu-item,sidebar-menu,sidebar-group-content,sidebar-group,sidebar-content,sidebar-inner,sidebar-container,sidebar,sidebar-wrapper
sidebar	collapsible:offcanvas;side:right;variant:sidebar;item:default;state:collapsed	sidebar	sidebar-menu-action	button	-	true	true	20	22.4	0	0	false	-	-	24px×23.9844px	no-hit-point	sidebar-menu-item,sidebar-menu,sidebar-group-content,sidebar-group,sidebar-content,sidebar-inner,sidebar-container,sidebar,sidebar-wrapper
sidebar	collapsible:offcanvas;side:right;variant:sidebar;item:default;state:collapsed	sidebar	sidebar-menu-sub-button	a	-	true	true	174	28	0	0	false	-	-	-	no-hit-point	sidebar-menu-sub-item,sidebar-menu-sub,sidebar-menu-item,sidebar-menu,sidebar-group-content,sidebar-group,sidebar-content,sidebar-inner,sidebar-container,sidebar,sidebar-wrapper
sidebar	collapsible:offcanvas;side:right;variant:sidebar;item:default;state:collapsed	sidebar	sidebar-menu-sub-button	a	-	true	true	174	28	0	0	false	-	-	-	no-hit-point	sidebar-menu-sub-item,sidebar-menu-sub,sidebar-menu-item,sidebar-menu,sidebar-group-content,sidebar-group,sidebar-content,sidebar-inner,sidebar-container,sidebar,sidebar-wrapper
sidebar	collapsible:offcanvas;side:right;variant:sidebar;item:default;state:collapsed	sidebar	sidebar-rail	button	-	true	true	16	1800	0	0	false	-	-	2px×1800px	no-hit-point	sidebar-inner,sidebar-container,sidebar,sidebar-wrapper
sidebar	collapsible:offcanvas;side:right;variant:sidebar;item:default;state:collapsed	sidebar	sidebar-trigger	button	-	true	true	32	32	32	33	true	div[xy]	16	-	-	sidebar-inset,sidebar-wrapper
sidebar	collapsible:offcanvas;side:right;variant:sidebar;item:default;state:collapsed	-	-	button	-	false	true	0	0	-	-	-	-	-	-	not-rendered	-
sidebar	collapsible:offcanvas;side:right;variant:sidebar;item:default;state:collapsed	-	-	button	-	false	true	0	0	-	-	-	-	-	-	not-rendered	-
sidebar	collapsible:offcanvas;side:right;variant:sidebar;item:default;state:collapsed	-	-	button	-	false	true	0	0	-	-	-	-	-	-	not-rendered	-
sidebar	collapsible:offcanvas;side:right;variant:sidebar;item:default;state:collapsed	-	-	a	-	false	true	0	0	-	-	-	-	-	-	not-rendered	-
sidebar	collapsible:offcanvas;side:right;variant:sidebar;item:default;state:collapsed	-	-	a	-	false	true	0	0	-	-	-	-	-	-	not-rendered	-
sidebar	collapsible:offcanvas;side:right;variant:sidebar;item:default;state:collapsed	-	-	a	-	false	true	0	0	-	-	-	-	-	-	not-rendered	-
sidebar	collapsible:offcanvas;side:right;variant:sidebar;item:default;state:collapsed	-	-	a	-	false	true	0	0	-	-	-	-	-	-	not-rendered	-
sidebar	collapsible:offcanvas;side:right;variant:sidebar;item:active;state:expanded	sidebar	sidebar-group-action	button	-	true	true	20	24	24	25	true	sidebar-content[xy]	20	24px×24px	-	sidebar-group,sidebar-content,sidebar-inner,sidebar-container,sidebar,sidebar-wrapper
sidebar	collapsible:offcanvas;side:right;variant:sidebar;item:active;state:expanded	sidebar	sidebar-menu-button	button	-	true	true	223	32	223	32	true	sidebar-content[xy]	16	-	-	sidebar-menu-item,sidebar-menu,sidebar-group-content,sidebar-group,sidebar-content,sidebar-inner,sidebar-container,sidebar,sidebar-wrapper
sidebar	collapsible:offcanvas;side:right;variant:sidebar;item:active;state:expanded	sidebar	sidebar-menu-button	button	-	true	true	223	28	197	28	true	sidebar-content[xy]	16	-	-	sidebar-menu-item,sidebar-menu,sidebar-group-content,sidebar-group,sidebar-content,sidebar-inner,sidebar-container,sidebar,sidebar-wrapper
sidebar	collapsible:offcanvas;side:right;variant:sidebar;item:active;state:expanded	sidebar	sidebar-menu-action	button	-	true	true	20	22.4	24	25	true	sidebar-content[xy]	20	24px×23.9844px	-	sidebar-menu-item,sidebar-menu,sidebar-group-content,sidebar-group,sidebar-content,sidebar-inner,sidebar-container,sidebar,sidebar-wrapper
sidebar	collapsible:offcanvas;side:right;variant:sidebar;item:active;state:expanded	sidebar	sidebar-menu-sub-button	a	-	true	true	174	28	174	28	true	sidebar-content[xy]	40	-	-	sidebar-menu-sub-item,sidebar-menu-sub,sidebar-menu-item,sidebar-menu,sidebar-group-content,sidebar-group,sidebar-content,sidebar-inner,sidebar-container,sidebar,sidebar-wrapper
sidebar	collapsible:offcanvas;side:right;variant:sidebar;item:active;state:expanded	sidebar	sidebar-menu-sub-button	a	-	true	true	174	28	174	28	true	sidebar-content[xy]	40	-	-	sidebar-menu-sub-item,sidebar-menu-sub,sidebar-menu-item,sidebar-menu,sidebar-group-content,sidebar-group,sidebar-content,sidebar-inner,sidebar-container,sidebar,sidebar-wrapper
sidebar	collapsible:offcanvas;side:right;variant:sidebar;item:active;state:expanded	sidebar	sidebar-rail	button	-	true	true	16	1800	24	319	true	div[xy]	-741	2px×1800px	-	sidebar-inner,sidebar-container,sidebar,sidebar-wrapper
sidebar	collapsible:offcanvas;side:right;variant:sidebar;item:active;state:expanded	sidebar	sidebar-trigger	button	-	true	true	32	32	32	33	true	div[xy]	16	-	-	sidebar-inset,sidebar-wrapper
sidebar	collapsible:offcanvas;side:right;variant:sidebar;item:active;state:expanded	-	-	button	-	false	true	0	0	-	-	-	-	-	-	not-rendered	-
sidebar	collapsible:offcanvas;side:right;variant:sidebar;item:active;state:expanded	-	-	button	-	false	true	0	0	-	-	-	-	-	-	not-rendered	-
sidebar	collapsible:offcanvas;side:right;variant:sidebar;item:active;state:expanded	-	-	button	-	false	true	0	0	-	-	-	-	-	-	not-rendered	-
sidebar	collapsible:offcanvas;side:right;variant:sidebar;item:active;state:expanded	-	-	a	-	false	true	0	0	-	-	-	-	-	-	not-rendered	-
sidebar	collapsible:offcanvas;side:right;variant:sidebar;item:active;state:expanded	-	-	a	-	false	true	0	0	-	-	-	-	-	-	not-rendered	-
sidebar	collapsible:offcanvas;side:right;variant:sidebar;item:active;state:expanded	-	-	a	-	false	true	0	0	-	-	-	-	-	-	not-rendered	-
sidebar	collapsible:offcanvas;side:right;variant:sidebar;item:active;state:expanded	-	-	a	-	false	true	0	0	-	-	-	-	-	-	not-rendered	-
sidebar	collapsible:offcanvas;side:right;variant:sidebar;item:active;state:collapsed	sidebar	sidebar-group-action	button	-	true	true	20	24	0	0	false	-	-	24px×24px	no-hit-point	sidebar-group,sidebar-content,sidebar-inner,sidebar-container,sidebar,sidebar-wrapper
sidebar	collapsible:offcanvas;side:right;variant:sidebar;item:active;state:collapsed	sidebar	sidebar-menu-button	button	-	true	true	223	32	0	0	false	-	-	-	no-hit-point	sidebar-menu-item,sidebar-menu,sidebar-group-content,sidebar-group,sidebar-content,sidebar-inner,sidebar-container,sidebar,sidebar-wrapper
sidebar	collapsible:offcanvas;side:right;variant:sidebar;item:active;state:collapsed	sidebar	sidebar-menu-button	button	-	true	true	223	28	0	0	false	-	-	-	no-hit-point	sidebar-menu-item,sidebar-menu,sidebar-group-content,sidebar-group,sidebar-content,sidebar-inner,sidebar-container,sidebar,sidebar-wrapper
sidebar	collapsible:offcanvas;side:right;variant:sidebar;item:active;state:collapsed	sidebar	sidebar-menu-action	button	-	true	true	20	22.4	0	0	false	-	-	24px×23.9844px	no-hit-point	sidebar-menu-item,sidebar-menu,sidebar-group-content,sidebar-group,sidebar-content,sidebar-inner,sidebar-container,sidebar,sidebar-wrapper
sidebar	collapsible:offcanvas;side:right;variant:sidebar;item:active;state:collapsed	sidebar	sidebar-menu-sub-button	a	-	true	true	174	28	0	0	false	-	-	-	no-hit-point	sidebar-menu-sub-item,sidebar-menu-sub,sidebar-menu-item,sidebar-menu,sidebar-group-content,sidebar-group,sidebar-content,sidebar-inner,sidebar-container,sidebar,sidebar-wrapper
sidebar	collapsible:offcanvas;side:right;variant:sidebar;item:active;state:collapsed	sidebar	sidebar-menu-sub-button	a	-	true	true	174	28	0	0	false	-	-	-	no-hit-point	sidebar-menu-sub-item,sidebar-menu-sub,sidebar-menu-item,sidebar-menu,sidebar-group-content,sidebar-group,sidebar-content,sidebar-inner,sidebar-container,sidebar,sidebar-wrapper
sidebar	collapsible:offcanvas;side:right;variant:sidebar;item:active;state:collapsed	sidebar	sidebar-rail	button	-	true	true	16	1800	0	0	false	-	-	2px×1800px	no-hit-point	sidebar-inner,sidebar-container,sidebar,sidebar-wrapper
sidebar	collapsible:offcanvas;side:right;variant:sidebar;item:active;state:collapsed	sidebar	sidebar-trigger	button	-	true	true	32	32	32	33	true	div[xy]	16	-	-	sidebar-inset,sidebar-wrapper
sidebar	collapsible:offcanvas;side:right;variant:sidebar;item:active;state:collapsed	-	-	button	-	false	true	0	0	-	-	-	-	-	-	not-rendered	-
sidebar	collapsible:offcanvas;side:right;variant:sidebar;item:active;state:collapsed	-	-	button	-	false	true	0	0	-	-	-	-	-	-	not-rendered	-
sidebar	collapsible:offcanvas;side:right;variant:sidebar;item:active;state:collapsed	-	-	button	-	false	true	0	0	-	-	-	-	-	-	not-rendered	-
sidebar	collapsible:offcanvas;side:right;variant:sidebar;item:active;state:collapsed	-	-	a	-	false	true	0	0	-	-	-	-	-	-	not-rendered	-
sidebar	collapsible:offcanvas;side:right;variant:sidebar;item:active;state:collapsed	-	-	a	-	false	true	0	0	-	-	-	-	-	-	not-rendered	-
sidebar	collapsible:offcanvas;side:right;variant:sidebar;item:active;state:collapsed	-	-	a	-	false	true	0	0	-	-	-	-	-	-	not-rendered	-
sidebar	collapsible:offcanvas;side:right;variant:sidebar;item:active;state:collapsed	-	-	a	-	false	true	0	0	-	-	-	-	-	-	not-rendered	-
sidebar	collapsible:offcanvas;side:right;variant:floating;item:default;state:expanded	sidebar	sidebar-group-action	button	-	true	true	20	24	24	25	true	sidebar-content[xy]	20	24px×24px	-	sidebar-group,sidebar-content,sidebar-inner,sidebar-container,sidebar,sidebar-wrapper
sidebar	collapsible:offcanvas;side:right;variant:floating;item:default;state:expanded	sidebar	sidebar-menu-button	button	-	true	true	206	32	206	32	true	sidebar-content[xy]	16	-	-	sidebar-menu-item,sidebar-menu,sidebar-group-content,sidebar-group,sidebar-content,sidebar-inner,sidebar-container,sidebar,sidebar-wrapper
sidebar	collapsible:offcanvas;side:right;variant:floating;item:default;state:expanded	sidebar	sidebar-menu-button	button	-	true	true	206	28	180	28	true	sidebar-content[xy]	16	-	-	sidebar-menu-item,sidebar-menu,sidebar-group-content,sidebar-group,sidebar-content,sidebar-inner,sidebar-container,sidebar,sidebar-wrapper
sidebar	collapsible:offcanvas;side:right;variant:floating;item:default;state:expanded	sidebar	sidebar-menu-action	button	-	true	true	20	22.4	24	25	true	sidebar-content[xy]	20	24px×23.9844px	-	sidebar-menu-item,sidebar-menu,sidebar-group-content,sidebar-group,sidebar-content,sidebar-inner,sidebar-container,sidebar,sidebar-wrapper
sidebar	collapsible:offcanvas;side:right;variant:floating;item:default;state:expanded	sidebar	sidebar-menu-sub-button	a	-	true	true	157	28	157	28	true	sidebar-content[xy]	40	-	-	sidebar-menu-sub-item,sidebar-menu-sub,sidebar-menu-item,sidebar-menu,sidebar-group-content,sidebar-group,sidebar-content,sidebar-inner,sidebar-container,sidebar,sidebar-wrapper
sidebar	collapsible:offcanvas;side:right;variant:floating;item:default;state:expanded	sidebar	sidebar-menu-sub-button	a	-	true	true	157	28	157	28	true	sidebar-content[xy]	40	-	-	sidebar-menu-sub-item,sidebar-menu-sub,sidebar-menu-item,sidebar-menu,sidebar-group-content,sidebar-group,sidebar-content,sidebar-inner,sidebar-container,sidebar,sidebar-wrapper
sidebar	collapsible:offcanvas;side:right;variant:floating;item:default;state:expanded	sidebar	sidebar-rail	button	-	true	true	16	1800	24	319	true	div[xy]	-741	2px×1800px	-	sidebar-inner,sidebar-container,sidebar,sidebar-wrapper
sidebar	collapsible:offcanvas;side:right;variant:floating;item:default;state:expanded	sidebar	sidebar-trigger	button	-	true	true	32	32	32	33	true	div[xy]	16	-	-	sidebar-inset,sidebar-wrapper
sidebar	collapsible:offcanvas;side:right;variant:floating;item:default;state:expanded	-	-	button	-	false	true	0	0	-	-	-	-	-	-	not-rendered	-
sidebar	collapsible:offcanvas;side:right;variant:floating;item:default;state:expanded	-	-	button	-	false	true	0	0	-	-	-	-	-	-	not-rendered	-
sidebar	collapsible:offcanvas;side:right;variant:floating;item:default;state:expanded	-	-	button	-	false	true	0	0	-	-	-	-	-	-	not-rendered	-
sidebar	collapsible:offcanvas;side:right;variant:floating;item:default;state:expanded	-	-	a	-	false	true	0	0	-	-	-	-	-	-	not-rendered	-
sidebar	collapsible:offcanvas;side:right;variant:floating;item:default;state:expanded	-	-	a	-	false	true	0	0	-	-	-	-	-	-	not-rendered	-
sidebar	collapsible:offcanvas;side:right;variant:floating;item:default;state:expanded	-	-	a	-	false	true	0	0	-	-	-	-	-	-	not-rendered	-
sidebar	collapsible:offcanvas;side:right;variant:floating;item:default;state:expanded	-	-	a	-	false	true	0	0	-	-	-	-	-	-	not-rendered	-
sidebar	collapsible:offcanvas;side:right;variant:floating;item:default;state:collapsed	sidebar	sidebar-group-action	button	-	true	true	20	24	0	0	false	-	-	24px×24px	no-hit-point	sidebar-group,sidebar-content,sidebar-inner,sidebar-container,sidebar,sidebar-wrapper
sidebar	collapsible:offcanvas;side:right;variant:floating;item:default;state:collapsed	sidebar	sidebar-menu-button	button	-	true	true	206	32	0	0	false	-	-	-	no-hit-point	sidebar-menu-item,sidebar-menu,sidebar-group-content,sidebar-group,sidebar-content,sidebar-inner,sidebar-container,sidebar,sidebar-wrapper
sidebar	collapsible:offcanvas;side:right;variant:floating;item:default;state:collapsed	sidebar	sidebar-menu-button	button	-	true	true	206	28	0	0	false	-	-	-	no-hit-point	sidebar-menu-item,sidebar-menu,sidebar-group-content,sidebar-group,sidebar-content,sidebar-inner,sidebar-container,sidebar,sidebar-wrapper
sidebar	collapsible:offcanvas;side:right;variant:floating;item:default;state:collapsed	sidebar	sidebar-menu-action	button	-	true	true	20	22.4	0	0	false	-	-	24px×23.9844px	no-hit-point	sidebar-menu-item,sidebar-menu,sidebar-group-content,sidebar-group,sidebar-content,sidebar-inner,sidebar-container,sidebar,sidebar-wrapper
sidebar	collapsible:offcanvas;side:right;variant:floating;item:default;state:collapsed	sidebar	sidebar-menu-sub-button	a	-	true	true	157	28	0	0	false	-	-	-	no-hit-point	sidebar-menu-sub-item,sidebar-menu-sub,sidebar-menu-item,sidebar-menu,sidebar-group-content,sidebar-group,sidebar-content,sidebar-inner,sidebar-container,sidebar,sidebar-wrapper
sidebar	collapsible:offcanvas;side:right;variant:floating;item:default;state:collapsed	sidebar	sidebar-menu-sub-button	a	-	true	true	157	28	0	0	false	-	-	-	no-hit-point	sidebar-menu-sub-item,sidebar-menu-sub,sidebar-menu-item,sidebar-menu,sidebar-group-content,sidebar-group,sidebar-content,sidebar-inner,sidebar-container,sidebar,sidebar-wrapper
sidebar	collapsible:offcanvas;side:right;variant:floating;item:default;state:collapsed	sidebar	sidebar-rail	button	-	true	true	16	1800	0	0	false	-	-	2px×1800px	no-hit-point	sidebar-inner,sidebar-container,sidebar,sidebar-wrapper
sidebar	collapsible:offcanvas;side:right;variant:floating;item:default;state:collapsed	sidebar	sidebar-trigger	button	-	true	true	32	32	32	33	true	div[xy]	16	-	-	sidebar-inset,sidebar-wrapper
sidebar	collapsible:offcanvas;side:right;variant:floating;item:default;state:collapsed	-	-	button	-	false	true	0	0	-	-	-	-	-	-	not-rendered	-
sidebar	collapsible:offcanvas;side:right;variant:floating;item:default;state:collapsed	-	-	button	-	false	true	0	0	-	-	-	-	-	-	not-rendered	-
sidebar	collapsible:offcanvas;side:right;variant:floating;item:default;state:collapsed	-	-	button	-	false	true	0	0	-	-	-	-	-	-	not-rendered	-
sidebar	collapsible:offcanvas;side:right;variant:floating;item:default;state:collapsed	-	-	a	-	false	true	0	0	-	-	-	-	-	-	not-rendered	-
sidebar	collapsible:offcanvas;side:right;variant:floating;item:default;state:collapsed	-	-	a	-	false	true	0	0	-	-	-	-	-	-	not-rendered	-
sidebar	collapsible:offcanvas;side:right;variant:floating;item:default;state:collapsed	-	-	a	-	false	true	0	0	-	-	-	-	-	-	not-rendered	-
sidebar	collapsible:offcanvas;side:right;variant:floating;item:default;state:collapsed	-	-	a	-	false	true	0	0	-	-	-	-	-	-	not-rendered	-
sidebar	collapsible:offcanvas;side:right;variant:floating;item:active;state:expanded	sidebar	sidebar-group-action	button	-	true	true	20	24	24	25	true	sidebar-content[xy]	20	24px×24px	-	sidebar-group,sidebar-content,sidebar-inner,sidebar-container,sidebar,sidebar-wrapper
sidebar	collapsible:offcanvas;side:right;variant:floating;item:active;state:expanded	sidebar	sidebar-menu-button	button	-	true	true	206	32	206	32	true	sidebar-content[xy]	16	-	-	sidebar-menu-item,sidebar-menu,sidebar-group-content,sidebar-group,sidebar-content,sidebar-inner,sidebar-container,sidebar,sidebar-wrapper
sidebar	collapsible:offcanvas;side:right;variant:floating;item:active;state:expanded	sidebar	sidebar-menu-button	button	-	true	true	206	28	180	28	true	sidebar-content[xy]	16	-	-	sidebar-menu-item,sidebar-menu,sidebar-group-content,sidebar-group,sidebar-content,sidebar-inner,sidebar-container,sidebar,sidebar-wrapper
sidebar	collapsible:offcanvas;side:right;variant:floating;item:active;state:expanded	sidebar	sidebar-menu-action	button	-	true	true	20	22.4	24	25	true	sidebar-content[xy]	20	24px×23.9844px	-	sidebar-menu-item,sidebar-menu,sidebar-group-content,sidebar-group,sidebar-content,sidebar-inner,sidebar-container,sidebar,sidebar-wrapper
sidebar	collapsible:offcanvas;side:right;variant:floating;item:active;state:expanded	sidebar	sidebar-menu-sub-button	a	-	true	true	157	28	157	28	true	sidebar-content[xy]	40	-	-	sidebar-menu-sub-item,sidebar-menu-sub,sidebar-menu-item,sidebar-menu,sidebar-group-content,sidebar-group,sidebar-content,sidebar-inner,sidebar-container,sidebar,sidebar-wrapper
sidebar	collapsible:offcanvas;side:right;variant:floating;item:active;state:expanded	sidebar	sidebar-menu-sub-button	a	-	true	true	157	28	157	28	true	sidebar-content[xy]	40	-	-	sidebar-menu-sub-item,sidebar-menu-sub,sidebar-menu-item,sidebar-menu,sidebar-group-content,sidebar-group,sidebar-content,sidebar-inner,sidebar-container,sidebar,sidebar-wrapper
sidebar	collapsible:offcanvas;side:right;variant:floating;item:active;state:expanded	sidebar	sidebar-rail	button	-	true	true	16	1800	24	319	true	div[xy]	-741	2px×1800px	-	sidebar-inner,sidebar-container,sidebar,sidebar-wrapper
sidebar	collapsible:offcanvas;side:right;variant:floating;item:active;state:expanded	sidebar	sidebar-trigger	button	-	true	true	32	32	32	33	true	div[xy]	16	-	-	sidebar-inset,sidebar-wrapper
sidebar	collapsible:offcanvas;side:right;variant:floating;item:active;state:expanded	-	-	button	-	false	true	0	0	-	-	-	-	-	-	not-rendered	-
sidebar	collapsible:offcanvas;side:right;variant:floating;item:active;state:expanded	-	-	button	-	false	true	0	0	-	-	-	-	-	-	not-rendered	-
sidebar	collapsible:offcanvas;side:right;variant:floating;item:active;state:expanded	-	-	button	-	false	true	0	0	-	-	-	-	-	-	not-rendered	-
sidebar	collapsible:offcanvas;side:right;variant:floating;item:active;state:expanded	-	-	a	-	false	true	0	0	-	-	-	-	-	-	not-rendered	-
sidebar	collapsible:offcanvas;side:right;variant:floating;item:active;state:expanded	-	-	a	-	false	true	0	0	-	-	-	-	-	-	not-rendered	-
sidebar	collapsible:offcanvas;side:right;variant:floating;item:active;state:expanded	-	-	a	-	false	true	0	0	-	-	-	-	-	-	not-rendered	-
sidebar	collapsible:offcanvas;side:right;variant:floating;item:active;state:expanded	-	-	a	-	false	true	0	0	-	-	-	-	-	-	not-rendered	-
sidebar	collapsible:offcanvas;side:right;variant:floating;item:active;state:collapsed	sidebar	sidebar-group-action	button	-	true	true	20	24	0	0	false	-	-	24px×24px	no-hit-point	sidebar-group,sidebar-content,sidebar-inner,sidebar-container,sidebar,sidebar-wrapper
sidebar	collapsible:offcanvas;side:right;variant:floating;item:active;state:collapsed	sidebar	sidebar-menu-button	button	-	true	true	206	32	0	0	false	-	-	-	no-hit-point	sidebar-menu-item,sidebar-menu,sidebar-group-content,sidebar-group,sidebar-content,sidebar-inner,sidebar-container,sidebar,sidebar-wrapper
sidebar	collapsible:offcanvas;side:right;variant:floating;item:active;state:collapsed	sidebar	sidebar-menu-button	button	-	true	true	206	28	0	0	false	-	-	-	no-hit-point	sidebar-menu-item,sidebar-menu,sidebar-group-content,sidebar-group,sidebar-content,sidebar-inner,sidebar-container,sidebar,sidebar-wrapper
sidebar	collapsible:offcanvas;side:right;variant:floating;item:active;state:collapsed	sidebar	sidebar-menu-action	button	-	true	true	20	22.4	0	0	false	-	-	24px×23.9844px	no-hit-point	sidebar-menu-item,sidebar-menu,sidebar-group-content,sidebar-group,sidebar-content,sidebar-inner,sidebar-container,sidebar,sidebar-wrapper
sidebar	collapsible:offcanvas;side:right;variant:floating;item:active;state:collapsed	sidebar	sidebar-menu-sub-button	a	-	true	true	157	28	0	0	false	-	-	-	no-hit-point	sidebar-menu-sub-item,sidebar-menu-sub,sidebar-menu-item,sidebar-menu,sidebar-group-content,sidebar-group,sidebar-content,sidebar-inner,sidebar-container,sidebar,sidebar-wrapper
sidebar	collapsible:offcanvas;side:right;variant:floating;item:active;state:collapsed	sidebar	sidebar-menu-sub-button	a	-	true	true	157	28	0	0	false	-	-	-	no-hit-point	sidebar-menu-sub-item,sidebar-menu-sub,sidebar-menu-item,sidebar-menu,sidebar-group-content,sidebar-group,sidebar-content,sidebar-inner,sidebar-container,sidebar,sidebar-wrapper
sidebar	collapsible:offcanvas;side:right;variant:floating;item:active;state:collapsed	sidebar	sidebar-rail	button	-	true	true	16	1800	0	0	false	-	-	2px×1800px	no-hit-point	sidebar-inner,sidebar-container,sidebar,sidebar-wrapper
sidebar	collapsible:offcanvas;side:right;variant:floating;item:active;state:collapsed	sidebar	sidebar-trigger	button	-	true	true	32	32	32	33	true	div[xy]	16	-	-	sidebar-inset,sidebar-wrapper
sidebar	collapsible:offcanvas;side:right;variant:floating;item:active;state:collapsed	-	-	button	-	false	true	0	0	-	-	-	-	-	-	not-rendered	-
sidebar	collapsible:offcanvas;side:right;variant:floating;item:active;state:collapsed	-	-	button	-	false	true	0	0	-	-	-	-	-	-	not-rendered	-
sidebar	collapsible:offcanvas;side:right;variant:floating;item:active;state:collapsed	-	-	button	-	false	true	0	0	-	-	-	-	-	-	not-rendered	-
sidebar	collapsible:offcanvas;side:right;variant:floating;item:active;state:collapsed	-	-	a	-	false	true	0	0	-	-	-	-	-	-	not-rendered	-
sidebar	collapsible:offcanvas;side:right;variant:floating;item:active;state:collapsed	-	-	a	-	false	true	0	0	-	-	-	-	-	-	not-rendered	-
sidebar	collapsible:offcanvas;side:right;variant:floating;item:active;state:collapsed	-	-	a	-	false	true	0	0	-	-	-	-	-	-	not-rendered	-
sidebar	collapsible:offcanvas;side:right;variant:floating;item:active;state:collapsed	-	-	a	-	false	true	0	0	-	-	-	-	-	-	not-rendered	-
sidebar	collapsible:offcanvas;side:right;variant:inset;item:default;state:expanded	sidebar	sidebar-group-action	button	-	true	true	20	24	24	25	true	sidebar-content[xy]	20	24px×24px	-	sidebar-group,sidebar-content,sidebar-inner,sidebar-container,sidebar,sidebar-wrapper
sidebar	collapsible:offcanvas;side:right;variant:inset;item:default;state:expanded	sidebar	sidebar-menu-button	button	-	true	true	208	32	208	32	true	sidebar-content[xy]	16	-	-	sidebar-menu-item,sidebar-menu,sidebar-group-content,sidebar-group,sidebar-content,sidebar-inner,sidebar-container,sidebar,sidebar-wrapper
sidebar	collapsible:offcanvas;side:right;variant:inset;item:default;state:expanded	sidebar	sidebar-menu-button	button	-	true	true	208	28	182	28	true	sidebar-content[xy]	16	-	-	sidebar-menu-item,sidebar-menu,sidebar-group-content,sidebar-group,sidebar-content,sidebar-inner,sidebar-container,sidebar,sidebar-wrapper
sidebar	collapsible:offcanvas;side:right;variant:inset;item:default;state:expanded	sidebar	sidebar-menu-action	button	-	true	true	20	22.4	24	25	true	sidebar-content[xy]	20	24px×23.9844px	-	sidebar-menu-item,sidebar-menu,sidebar-group-content,sidebar-group,sidebar-content,sidebar-inner,sidebar-container,sidebar,sidebar-wrapper
sidebar	collapsible:offcanvas;side:right;variant:inset;item:default;state:expanded	sidebar	sidebar-menu-sub-button	a	-	true	true	159	28	159	28	true	sidebar-content[xy]	40	-	-	sidebar-menu-sub-item,sidebar-menu-sub,sidebar-menu-item,sidebar-menu,sidebar-group-content,sidebar-group,sidebar-content,sidebar-inner,sidebar-container,sidebar,sidebar-wrapper
sidebar	collapsible:offcanvas;side:right;variant:inset;item:default;state:expanded	sidebar	sidebar-menu-sub-button	a	-	true	true	159	28	159	28	true	sidebar-content[xy]	40	-	-	sidebar-menu-sub-item,sidebar-menu-sub,sidebar-menu-item,sidebar-menu,sidebar-group-content,sidebar-group,sidebar-content,sidebar-inner,sidebar-container,sidebar,sidebar-wrapper
sidebar	collapsible:offcanvas;side:right;variant:inset;item:default;state:expanded	sidebar	sidebar-rail	button	-	true	true	16	1800	24	319	true	div[xy]	-741	2px×1800px	-	sidebar-inner,sidebar-container,sidebar,sidebar-wrapper
sidebar	collapsible:offcanvas;side:right;variant:inset;item:default;state:expanded	sidebar	sidebar-trigger	button	-	true	true	32	32	32	33	true	div[xy]	16	-	-	sidebar-inset,sidebar-wrapper
sidebar	collapsible:offcanvas;side:right;variant:inset;item:default;state:expanded	-	-	button	-	false	true	0	0	-	-	-	-	-	-	not-rendered	-
sidebar	collapsible:offcanvas;side:right;variant:inset;item:default;state:expanded	-	-	button	-	false	true	0	0	-	-	-	-	-	-	not-rendered	-
sidebar	collapsible:offcanvas;side:right;variant:inset;item:default;state:expanded	-	-	button	-	false	true	0	0	-	-	-	-	-	-	not-rendered	-
sidebar	collapsible:offcanvas;side:right;variant:inset;item:default;state:expanded	-	-	a	-	false	true	0	0	-	-	-	-	-	-	not-rendered	-
sidebar	collapsible:offcanvas;side:right;variant:inset;item:default;state:expanded	-	-	a	-	false	true	0	0	-	-	-	-	-	-	not-rendered	-
sidebar	collapsible:offcanvas;side:right;variant:inset;item:default;state:expanded	-	-	a	-	false	true	0	0	-	-	-	-	-	-	not-rendered	-
sidebar	collapsible:offcanvas;side:right;variant:inset;item:default;state:expanded	-	-	a	-	false	true	0	0	-	-	-	-	-	-	not-rendered	-
sidebar	collapsible:offcanvas;side:right;variant:inset;item:default;state:collapsed	sidebar	sidebar-group-action	button	-	true	true	20	24	0	0	false	-	-	24px×24px	no-hit-point	sidebar-group,sidebar-content,sidebar-inner,sidebar-container,sidebar,sidebar-wrapper
sidebar	collapsible:offcanvas;side:right;variant:inset;item:default;state:collapsed	sidebar	sidebar-menu-button	button	-	true	true	208	32	0	0	false	-	-	-	no-hit-point	sidebar-menu-item,sidebar-menu,sidebar-group-content,sidebar-group,sidebar-content,sidebar-inner,sidebar-container,sidebar,sidebar-wrapper
sidebar	collapsible:offcanvas;side:right;variant:inset;item:default;state:collapsed	sidebar	sidebar-menu-button	button	-	true	true	208	28	0	0	false	-	-	-	no-hit-point	sidebar-menu-item,sidebar-menu,sidebar-group-content,sidebar-group,sidebar-content,sidebar-inner,sidebar-container,sidebar,sidebar-wrapper
sidebar	collapsible:offcanvas;side:right;variant:inset;item:default;state:collapsed	sidebar	sidebar-menu-action	button	-	true	true	20	22.4	0	0	false	-	-	24px×23.9844px	no-hit-point	sidebar-menu-item,sidebar-menu,sidebar-group-content,sidebar-group,sidebar-content,sidebar-inner,sidebar-container,sidebar,sidebar-wrapper
sidebar	collapsible:offcanvas;side:right;variant:inset;item:default;state:collapsed	sidebar	sidebar-menu-sub-button	a	-	true	true	159	28	0	0	false	-	-	-	no-hit-point	sidebar-menu-sub-item,sidebar-menu-sub,sidebar-menu-item,sidebar-menu,sidebar-group-content,sidebar-group,sidebar-content,sidebar-inner,sidebar-container,sidebar,sidebar-wrapper
sidebar	collapsible:offcanvas;side:right;variant:inset;item:default;state:collapsed	sidebar	sidebar-menu-sub-button	a	-	true	true	159	28	0	0	false	-	-	-	no-hit-point	sidebar-menu-sub-item,sidebar-menu-sub,sidebar-menu-item,sidebar-menu,sidebar-group-content,sidebar-group,sidebar-content,sidebar-inner,sidebar-container,sidebar,sidebar-wrapper
sidebar	collapsible:offcanvas;side:right;variant:inset;item:default;state:collapsed	sidebar	sidebar-rail	button	-	true	true	16	1800	0	0	false	-	-	2px×1800px	no-hit-point	sidebar-inner,sidebar-container,sidebar,sidebar-wrapper
sidebar	collapsible:offcanvas;side:right;variant:inset;item:default;state:collapsed	sidebar	sidebar-trigger	button	-	true	true	32	32	32	33	true	div[xy]	16	-	-	sidebar-inset,sidebar-wrapper
sidebar	collapsible:offcanvas;side:right;variant:inset;item:default;state:collapsed	-	-	button	-	false	true	0	0	-	-	-	-	-	-	not-rendered	-
sidebar	collapsible:offcanvas;side:right;variant:inset;item:default;state:collapsed	-	-	button	-	false	true	0	0	-	-	-	-	-	-	not-rendered	-
sidebar	collapsible:offcanvas;side:right;variant:inset;item:default;state:collapsed	-	-	button	-	false	true	0	0	-	-	-	-	-	-	not-rendered	-
sidebar	collapsible:offcanvas;side:right;variant:inset;item:default;state:collapsed	-	-	a	-	false	true	0	0	-	-	-	-	-	-	not-rendered	-
sidebar	collapsible:offcanvas;side:right;variant:inset;item:default;state:collapsed	-	-	a	-	false	true	0	0	-	-	-	-	-	-	not-rendered	-
sidebar	collapsible:offcanvas;side:right;variant:inset;item:default;state:collapsed	-	-	a	-	false	true	0	0	-	-	-	-	-	-	not-rendered	-
sidebar	collapsible:offcanvas;side:right;variant:inset;item:default;state:collapsed	-	-	a	-	false	true	0	0	-	-	-	-	-	-	not-rendered	-
sidebar	collapsible:offcanvas;side:right;variant:inset;item:active;state:expanded	sidebar	sidebar-group-action	button	-	true	true	20	24	24	25	true	sidebar-content[xy]	20	24px×24px	-	sidebar-group,sidebar-content,sidebar-inner,sidebar-container,sidebar,sidebar-wrapper
sidebar	collapsible:offcanvas;side:right;variant:inset;item:active;state:expanded	sidebar	sidebar-menu-button	button	-	true	true	208	32	208	32	true	sidebar-content[xy]	16	-	-	sidebar-menu-item,sidebar-menu,sidebar-group-content,sidebar-group,sidebar-content,sidebar-inner,sidebar-container,sidebar,sidebar-wrapper
sidebar	collapsible:offcanvas;side:right;variant:inset;item:active;state:expanded	sidebar	sidebar-menu-button	button	-	true	true	208	28	182	28	true	sidebar-content[xy]	16	-	-	sidebar-menu-item,sidebar-menu,sidebar-group-content,sidebar-group,sidebar-content,sidebar-inner,sidebar-container,sidebar,sidebar-wrapper
sidebar	collapsible:offcanvas;side:right;variant:inset;item:active;state:expanded	sidebar	sidebar-menu-action	button	-	true	true	20	22.4	24	25	true	sidebar-content[xy]	20	24px×23.9844px	-	sidebar-menu-item,sidebar-menu,sidebar-group-content,sidebar-group,sidebar-content,sidebar-inner,sidebar-container,sidebar,sidebar-wrapper
sidebar	collapsible:offcanvas;side:right;variant:inset;item:active;state:expanded	sidebar	sidebar-menu-sub-button	a	-	true	true	159	28	159	28	true	sidebar-content[xy]	40	-	-	sidebar-menu-sub-item,sidebar-menu-sub,sidebar-menu-item,sidebar-menu,sidebar-group-content,sidebar-group,sidebar-content,sidebar-inner,sidebar-container,sidebar,sidebar-wrapper
sidebar	collapsible:offcanvas;side:right;variant:inset;item:active;state:expanded	sidebar	sidebar-menu-sub-button	a	-	true	true	159	28	159	28	true	sidebar-content[xy]	40	-	-	sidebar-menu-sub-item,sidebar-menu-sub,sidebar-menu-item,sidebar-menu,sidebar-group-content,sidebar-group,sidebar-content,sidebar-inner,sidebar-container,sidebar,sidebar-wrapper
sidebar	collapsible:offcanvas;side:right;variant:inset;item:active;state:expanded	sidebar	sidebar-rail	button	-	true	true	16	1800	24	319	true	div[xy]	-741	2px×1800px	-	sidebar-inner,sidebar-container,sidebar,sidebar-wrapper
sidebar	collapsible:offcanvas;side:right;variant:inset;item:active;state:expanded	sidebar	sidebar-trigger	button	-	true	true	32	32	32	33	true	div[xy]	16	-	-	sidebar-inset,sidebar-wrapper
sidebar	collapsible:offcanvas;side:right;variant:inset;item:active;state:expanded	-	-	button	-	false	true	0	0	-	-	-	-	-	-	not-rendered	-
sidebar	collapsible:offcanvas;side:right;variant:inset;item:active;state:expanded	-	-	button	-	false	true	0	0	-	-	-	-	-	-	not-rendered	-
sidebar	collapsible:offcanvas;side:right;variant:inset;item:active;state:expanded	-	-	button	-	false	true	0	0	-	-	-	-	-	-	not-rendered	-
sidebar	collapsible:offcanvas;side:right;variant:inset;item:active;state:expanded	-	-	a	-	false	true	0	0	-	-	-	-	-	-	not-rendered	-
sidebar	collapsible:offcanvas;side:right;variant:inset;item:active;state:expanded	-	-	a	-	false	true	0	0	-	-	-	-	-	-	not-rendered	-
sidebar	collapsible:offcanvas;side:right;variant:inset;item:active;state:expanded	-	-	a	-	false	true	0	0	-	-	-	-	-	-	not-rendered	-
sidebar	collapsible:offcanvas;side:right;variant:inset;item:active;state:expanded	-	-	a	-	false	true	0	0	-	-	-	-	-	-	not-rendered	-
sidebar	collapsible:offcanvas;side:right;variant:inset;item:active;state:collapsed	sidebar	sidebar-group-action	button	-	true	true	20	24	0	0	false	-	-	24px×24px	no-hit-point	sidebar-group,sidebar-content,sidebar-inner,sidebar-container,sidebar,sidebar-wrapper
sidebar	collapsible:offcanvas;side:right;variant:inset;item:active;state:collapsed	sidebar	sidebar-menu-button	button	-	true	true	208	32	0	0	false	-	-	-	no-hit-point	sidebar-menu-item,sidebar-menu,sidebar-group-content,sidebar-group,sidebar-content,sidebar-inner,sidebar-container,sidebar,sidebar-wrapper
sidebar	collapsible:offcanvas;side:right;variant:inset;item:active;state:collapsed	sidebar	sidebar-menu-button	button	-	true	true	208	28	0	0	false	-	-	-	no-hit-point	sidebar-menu-item,sidebar-menu,sidebar-group-content,sidebar-group,sidebar-content,sidebar-inner,sidebar-container,sidebar,sidebar-wrapper
sidebar	collapsible:offcanvas;side:right;variant:inset;item:active;state:collapsed	sidebar	sidebar-menu-action	button	-	true	true	20	22.4	0	0	false	-	-	24px×23.9844px	no-hit-point	sidebar-menu-item,sidebar-menu,sidebar-group-content,sidebar-group,sidebar-content,sidebar-inner,sidebar-container,sidebar,sidebar-wrapper
sidebar	collapsible:offcanvas;side:right;variant:inset;item:active;state:collapsed	sidebar	sidebar-menu-sub-button	a	-	true	true	159	28	0	0	false	-	-	-	no-hit-point	sidebar-menu-sub-item,sidebar-menu-sub,sidebar-menu-item,sidebar-menu,sidebar-group-content,sidebar-group,sidebar-content,sidebar-inner,sidebar-container,sidebar,sidebar-wrapper
sidebar	collapsible:offcanvas;side:right;variant:inset;item:active;state:collapsed	sidebar	sidebar-menu-sub-button	a	-	true	true	159	28	0	0	false	-	-	-	no-hit-point	sidebar-menu-sub-item,sidebar-menu-sub,sidebar-menu-item,sidebar-menu,sidebar-group-content,sidebar-group,sidebar-content,sidebar-inner,sidebar-container,sidebar,sidebar-wrapper
sidebar	collapsible:offcanvas;side:right;variant:inset;item:active;state:collapsed	sidebar	sidebar-rail	button	-	true	true	16	1800	0	0	false	-	-	2px×1800px	no-hit-point	sidebar-inner,sidebar-container,sidebar,sidebar-wrapper
sidebar	collapsible:offcanvas;side:right;variant:inset;item:active;state:collapsed	sidebar	sidebar-trigger	button	-	true	true	32	32	32	33	true	div[xy]	16	-	-	sidebar-inset,sidebar-wrapper
sidebar	collapsible:offcanvas;side:right;variant:inset;item:active;state:collapsed	-	-	button	-	false	true	0	0	-	-	-	-	-	-	not-rendered	-
sidebar	collapsible:offcanvas;side:right;variant:inset;item:active;state:collapsed	-	-	button	-	false	true	0	0	-	-	-	-	-	-	not-rendered	-
sidebar	collapsible:offcanvas;side:right;variant:inset;item:active;state:collapsed	-	-	button	-	false	true	0	0	-	-	-	-	-	-	not-rendered	-
sidebar	collapsible:offcanvas;side:right;variant:inset;item:active;state:collapsed	-	-	a	-	false	true	0	0	-	-	-	-	-	-	not-rendered	-
sidebar	collapsible:offcanvas;side:right;variant:inset;item:active;state:collapsed	-	-	a	-	false	true	0	0	-	-	-	-	-	-	not-rendered	-
sidebar	collapsible:offcanvas;side:right;variant:inset;item:active;state:collapsed	-	-	a	-	false	true	0	0	-	-	-	-	-	-	not-rendered	-
sidebar	collapsible:offcanvas;side:right;variant:inset;item:active;state:collapsed	-	-	a	-	false	true	0	0	-	-	-	-	-	-	not-rendered	-
sidebar	collapsible:icon;side:left;variant:sidebar;item:default;state:expanded	sidebar	sidebar-group-action	button	-	true	true	20	24	24	25	true	sidebar-content[xy]	20	24px×24px	-	sidebar-group,sidebar-content,sidebar-inner,sidebar-container,sidebar,sidebar-wrapper
sidebar	collapsible:icon;side:left;variant:sidebar;item:default;state:expanded	sidebar	sidebar-menu-button	button	-	true	true	223	32	223	32	true	sidebar-content[xy]	16	-	-	sidebar-menu-item,sidebar-menu,sidebar-group-content,sidebar-group,sidebar-content,sidebar-inner,sidebar-container,sidebar,sidebar-wrapper
sidebar	collapsible:icon;side:left;variant:sidebar;item:default;state:expanded	sidebar	sidebar-menu-button	button	-	true	true	223	28	197	28	true	sidebar-content[xy]	16	-	-	sidebar-menu-item,sidebar-menu,sidebar-group-content,sidebar-group,sidebar-content,sidebar-inner,sidebar-container,sidebar,sidebar-wrapper
sidebar	collapsible:icon;side:left;variant:sidebar;item:default;state:expanded	sidebar	sidebar-menu-action	button	-	true	true	20	22.4	24	25	true	sidebar-content[xy]	20	24px×23.9844px	-	sidebar-menu-item,sidebar-menu,sidebar-group-content,sidebar-group,sidebar-content,sidebar-inner,sidebar-container,sidebar,sidebar-wrapper
sidebar	collapsible:icon;side:left;variant:sidebar;item:default;state:expanded	sidebar	sidebar-menu-sub-button	a	-	true	true	174	28	174	28	true	sidebar-content[xy]	40	-	-	sidebar-menu-sub-item,sidebar-menu-sub,sidebar-menu-item,sidebar-menu,sidebar-group-content,sidebar-group,sidebar-content,sidebar-inner,sidebar-container,sidebar,sidebar-wrapper
sidebar	collapsible:icon;side:left;variant:sidebar;item:default;state:expanded	sidebar	sidebar-menu-sub-button	a	-	true	true	174	28	174	28	true	sidebar-content[xy]	40	-	-	sidebar-menu-sub-item,sidebar-menu-sub,sidebar-menu-item,sidebar-menu,sidebar-group-content,sidebar-group,sidebar-content,sidebar-inner,sidebar-container,sidebar,sidebar-wrapper
sidebar	collapsible:icon;side:left;variant:sidebar;item:default;state:expanded	sidebar	sidebar-rail	button	-	true	true	16	1800	12	310	false	div[xy]	-741	2px×1800px	-	sidebar-inner,sidebar-container,sidebar,sidebar-wrapper
sidebar	collapsible:icon;side:left;variant:sidebar;item:default;state:expanded	sidebar	sidebar-trigger	button	-	true	true	32	32	32	33	true	div[xy]	16	-	-	sidebar-inset,sidebar-wrapper
sidebar	collapsible:icon;side:left;variant:sidebar;item:default;state:expanded	-	-	button	-	false	true	0	0	-	-	-	-	-	-	not-rendered	-
sidebar	collapsible:icon;side:left;variant:sidebar;item:default;state:expanded	-	-	button	-	false	true	0	0	-	-	-	-	-	-	not-rendered	-
sidebar	collapsible:icon;side:left;variant:sidebar;item:default;state:expanded	-	-	button	-	false	true	0	0	-	-	-	-	-	-	not-rendered	-
sidebar	collapsible:icon;side:left;variant:sidebar;item:default;state:expanded	-	-	a	-	false	true	0	0	-	-	-	-	-	-	not-rendered	-
sidebar	collapsible:icon;side:left;variant:sidebar;item:default;state:expanded	-	-	a	-	false	true	0	0	-	-	-	-	-	-	not-rendered	-
sidebar	collapsible:icon;side:left;variant:sidebar;item:default;state:expanded	-	-	a	-	false	true	0	0	-	-	-	-	-	-	not-rendered	-
sidebar	collapsible:icon;side:left;variant:sidebar;item:default;state:expanded	-	-	a	-	false	true	0	0	-	-	-	-	-	-	not-rendered	-
sidebar	collapsible:icon;side:left;variant:sidebar;item:default;state:collapsed	sidebar	sidebar-group-action	button	-	true	true	20	24	17	25	false	sidebar-content[xy]	7	24px×24px	-	sidebar-group,sidebar-content,sidebar-inner,sidebar-container,sidebar,sidebar-wrapper
sidebar	collapsible:icon;side:left;variant:sidebar;item:default;state:collapsed	sidebar	sidebar-menu-button	button	-	true	true	16	32	16	33	false	sidebar-content[xy]	15	-	-	sidebar-menu-item,sidebar-menu,sidebar-group-content,sidebar-group,sidebar-content,sidebar-inner,sidebar-container,sidebar,sidebar-wrapper
sidebar	collapsible:icon;side:left;variant:sidebar;item:default;state:collapsed	sidebar	sidebar-menu-button	button	-	true	true	16	28	4	5	false	sidebar-content[xy]	15	-	center-miss	sidebar-menu-item,sidebar-menu,sidebar-group-content,sidebar-group,sidebar-content,sidebar-inner,sidebar-container,sidebar,sidebar-wrapper
sidebar	collapsible:icon;side:left;variant:sidebar;item:default;state:collapsed	sidebar	sidebar-menu-action	button	-	true	true	20	22.4	17	25	false	sidebar-content[xy]	7	24px×23.9844px	-	sidebar-menu-item,sidebar-menu,sidebar-group-content,sidebar-group,sidebar-content,sidebar-inner,sidebar-container,sidebar,sidebar-wrapper
sidebar	collapsible:icon;side:left;variant:sidebar;item:default;state:collapsed	sidebar	sidebar-menu-sub-button	a	-	true	true	16	28	16	29	false	sidebar-content[xy]	0	-	-	sidebar-menu-sub-item,sidebar-menu-sub,sidebar-menu-item,sidebar-menu,sidebar-group-content,sidebar-group,sidebar-content,sidebar-inner,sidebar-container,sidebar,sidebar-wrapper
sidebar	collapsible:icon;side:left;variant:sidebar;item:default;state:collapsed	sidebar	sidebar-menu-sub-button	a	-	true	true	16	28	16	29	false	sidebar-content[xy]	0	-	-	sidebar-menu-sub-item,sidebar-menu-sub,sidebar-menu-item,sidebar-menu,sidebar-group-content,sidebar-group,sidebar-content,sidebar-inner,sidebar-container,sidebar,sidebar-wrapper
sidebar	collapsible:icon;side:left;variant:sidebar;item:default;state:collapsed	sidebar	sidebar-rail	button	-	true	true	16	1800	12	310	false	div[xy]	-741	2px×1800px	-	sidebar-inner,sidebar-container,sidebar,sidebar-wrapper
sidebar	collapsible:icon;side:left;variant:sidebar;item:default;state:collapsed	sidebar	sidebar-trigger	button	-	true	true	32	32	32	33	true	div[xy]	16	-	-	sidebar-inset,sidebar-wrapper
sidebar	collapsible:icon;side:left;variant:sidebar;item:default;state:collapsed	-	-	button	-	false	true	0	0	-	-	-	-	-	-	not-rendered	-
sidebar	collapsible:icon;side:left;variant:sidebar;item:default;state:collapsed	-	-	button	-	false	true	0	0	-	-	-	-	-	-	not-rendered	-
sidebar	collapsible:icon;side:left;variant:sidebar;item:default;state:collapsed	-	-	button	-	false	true	0	0	-	-	-	-	-	-	not-rendered	-
sidebar	collapsible:icon;side:left;variant:sidebar;item:default;state:collapsed	-	-	a	-	false	true	0	0	-	-	-	-	-	-	not-rendered	-
sidebar	collapsible:icon;side:left;variant:sidebar;item:default;state:collapsed	-	-	a	-	false	true	0	0	-	-	-	-	-	-	not-rendered	-
sidebar	collapsible:icon;side:left;variant:sidebar;item:default;state:collapsed	-	-	a	-	false	true	0	0	-	-	-	-	-	-	not-rendered	-
sidebar	collapsible:icon;side:left;variant:sidebar;item:default;state:collapsed	-	-	a	-	false	true	0	0	-	-	-	-	-	-	not-rendered	-
sidebar	collapsible:icon;side:left;variant:sidebar;item:active;state:expanded	sidebar	sidebar-group-action	button	-	true	true	20	24	24	25	true	sidebar-content[xy]	20	24px×24px	-	sidebar-group,sidebar-content,sidebar-inner,sidebar-container,sidebar,sidebar-wrapper
sidebar	collapsible:icon;side:left;variant:sidebar;item:active;state:expanded	sidebar	sidebar-menu-button	button	-	true	true	223	32	223	32	true	sidebar-content[xy]	16	-	-	sidebar-menu-item,sidebar-menu,sidebar-group-content,sidebar-group,sidebar-content,sidebar-inner,sidebar-container,sidebar,sidebar-wrapper
sidebar	collapsible:icon;side:left;variant:sidebar;item:active;state:expanded	sidebar	sidebar-menu-button	button	-	true	true	223	28	197	28	true	sidebar-content[xy]	16	-	-	sidebar-menu-item,sidebar-menu,sidebar-group-content,sidebar-group,sidebar-content,sidebar-inner,sidebar-container,sidebar,sidebar-wrapper
sidebar	collapsible:icon;side:left;variant:sidebar;item:active;state:expanded	sidebar	sidebar-menu-action	button	-	true	true	20	22.4	24	25	true	sidebar-content[xy]	20	24px×23.9844px	-	sidebar-menu-item,sidebar-menu,sidebar-group-content,sidebar-group,sidebar-content,sidebar-inner,sidebar-container,sidebar,sidebar-wrapper
sidebar	collapsible:icon;side:left;variant:sidebar;item:active;state:expanded	sidebar	sidebar-menu-sub-button	a	-	true	true	174	28	174	28	true	sidebar-content[xy]	40	-	-	sidebar-menu-sub-item,sidebar-menu-sub,sidebar-menu-item,sidebar-menu,sidebar-group-content,sidebar-group,sidebar-content,sidebar-inner,sidebar-container,sidebar,sidebar-wrapper
sidebar	collapsible:icon;side:left;variant:sidebar;item:active;state:expanded	sidebar	sidebar-menu-sub-button	a	-	true	true	174	28	174	28	true	sidebar-content[xy]	40	-	-	sidebar-menu-sub-item,sidebar-menu-sub,sidebar-menu-item,sidebar-menu,sidebar-group-content,sidebar-group,sidebar-content,sidebar-inner,sidebar-container,sidebar,sidebar-wrapper
sidebar	collapsible:icon;side:left;variant:sidebar;item:active;state:expanded	sidebar	sidebar-rail	button	-	true	true	16	1800	12	310	false	div[xy]	-741	2px×1800px	-	sidebar-inner,sidebar-container,sidebar,sidebar-wrapper
sidebar	collapsible:icon;side:left;variant:sidebar;item:active;state:expanded	sidebar	sidebar-trigger	button	-	true	true	32	32	32	33	true	div[xy]	16	-	-	sidebar-inset,sidebar-wrapper
sidebar	collapsible:icon;side:left;variant:sidebar;item:active;state:expanded	-	-	button	-	false	true	0	0	-	-	-	-	-	-	not-rendered	-
sidebar	collapsible:icon;side:left;variant:sidebar;item:active;state:expanded	-	-	button	-	false	true	0	0	-	-	-	-	-	-	not-rendered	-
sidebar	collapsible:icon;side:left;variant:sidebar;item:active;state:expanded	-	-	button	-	false	true	0	0	-	-	-	-	-	-	not-rendered	-
sidebar	collapsible:icon;side:left;variant:sidebar;item:active;state:expanded	-	-	a	-	false	true	0	0	-	-	-	-	-	-	not-rendered	-
sidebar	collapsible:icon;side:left;variant:sidebar;item:active;state:expanded	-	-	a	-	false	true	0	0	-	-	-	-	-	-	not-rendered	-
sidebar	collapsible:icon;side:left;variant:sidebar;item:active;state:expanded	-	-	a	-	false	true	0	0	-	-	-	-	-	-	not-rendered	-
sidebar	collapsible:icon;side:left;variant:sidebar;item:active;state:expanded	-	-	a	-	false	true	0	0	-	-	-	-	-	-	not-rendered	-
sidebar	collapsible:icon;side:left;variant:sidebar;item:active;state:collapsed	sidebar	sidebar-group-action	button	-	true	true	20	24	17	25	false	sidebar-content[xy]	7	24px×24px	-	sidebar-group,sidebar-content,sidebar-inner,sidebar-container,sidebar,sidebar-wrapper
sidebar	collapsible:icon;side:left;variant:sidebar;item:active;state:collapsed	sidebar	sidebar-menu-button	button	-	true	true	16	32	16	33	false	sidebar-content[xy]	15	-	-	sidebar-menu-item,sidebar-menu,sidebar-group-content,sidebar-group,sidebar-content,sidebar-inner,sidebar-container,sidebar,sidebar-wrapper
sidebar	collapsible:icon;side:left;variant:sidebar;item:active;state:collapsed	sidebar	sidebar-menu-button	button	-	true	true	16	28	4	5	false	sidebar-content[xy]	15	-	center-miss	sidebar-menu-item,sidebar-menu,sidebar-group-content,sidebar-group,sidebar-content,sidebar-inner,sidebar-container,sidebar,sidebar-wrapper
sidebar	collapsible:icon;side:left;variant:sidebar;item:active;state:collapsed	sidebar	sidebar-menu-action	button	-	true	true	20	22.4	17	25	false	sidebar-content[xy]	7	24px×23.9844px	-	sidebar-menu-item,sidebar-menu,sidebar-group-content,sidebar-group,sidebar-content,sidebar-inner,sidebar-container,sidebar,sidebar-wrapper
sidebar	collapsible:icon;side:left;variant:sidebar;item:active;state:collapsed	sidebar	sidebar-menu-sub-button	a	-	true	true	16	28	16	29	false	sidebar-content[xy]	0	-	-	sidebar-menu-sub-item,sidebar-menu-sub,sidebar-menu-item,sidebar-menu,sidebar-group-content,sidebar-group,sidebar-content,sidebar-inner,sidebar-container,sidebar,sidebar-wrapper
sidebar	collapsible:icon;side:left;variant:sidebar;item:active;state:collapsed	sidebar	sidebar-menu-sub-button	a	-	true	true	16	28	16	29	false	sidebar-content[xy]	0	-	-	sidebar-menu-sub-item,sidebar-menu-sub,sidebar-menu-item,sidebar-menu,sidebar-group-content,sidebar-group,sidebar-content,sidebar-inner,sidebar-container,sidebar,sidebar-wrapper
sidebar	collapsible:icon;side:left;variant:sidebar;item:active;state:collapsed	sidebar	sidebar-rail	button	-	true	true	16	1800	12	310	false	div[xy]	-741	2px×1800px	-	sidebar-inner,sidebar-container,sidebar,sidebar-wrapper
sidebar	collapsible:icon;side:left;variant:sidebar;item:active;state:collapsed	sidebar	sidebar-trigger	button	-	true	true	32	32	32	33	true	div[xy]	16	-	-	sidebar-inset,sidebar-wrapper
sidebar	collapsible:icon;side:left;variant:sidebar;item:active;state:collapsed	-	-	button	-	false	true	0	0	-	-	-	-	-	-	not-rendered	-
sidebar	collapsible:icon;side:left;variant:sidebar;item:active;state:collapsed	-	-	button	-	false	true	0	0	-	-	-	-	-	-	not-rendered	-
sidebar	collapsible:icon;side:left;variant:sidebar;item:active;state:collapsed	-	-	button	-	false	true	0	0	-	-	-	-	-	-	not-rendered	-
sidebar	collapsible:icon;side:left;variant:sidebar;item:active;state:collapsed	-	-	a	-	false	true	0	0	-	-	-	-	-	-	not-rendered	-
sidebar	collapsible:icon;side:left;variant:sidebar;item:active;state:collapsed	-	-	a	-	false	true	0	0	-	-	-	-	-	-	not-rendered	-
sidebar	collapsible:icon;side:left;variant:sidebar;item:active;state:collapsed	-	-	a	-	false	true	0	0	-	-	-	-	-	-	not-rendered	-
sidebar	collapsible:icon;side:left;variant:sidebar;item:active;state:collapsed	-	-	a	-	false	true	0	0	-	-	-	-	-	-	not-rendered	-
sidebar	collapsible:icon;side:left;variant:floating;item:default;state:expanded	sidebar	sidebar-group-action	button	-	true	true	20	24	24	25	true	sidebar-content[xy]	20	24px×24px	-	sidebar-group,sidebar-content,sidebar-inner,sidebar-container,sidebar,sidebar-wrapper
sidebar	collapsible:icon;side:left;variant:floating;item:default;state:expanded	sidebar	sidebar-menu-button	button	-	true	true	206	32	206	32	true	sidebar-content[xy]	16	-	-	sidebar-menu-item,sidebar-menu,sidebar-group-content,sidebar-group,sidebar-content,sidebar-inner,sidebar-container,sidebar,sidebar-wrapper
sidebar	collapsible:icon;side:left;variant:floating;item:default;state:expanded	sidebar	sidebar-menu-button	button	-	true	true	206	28	180	28	true	sidebar-content[xy]	16	-	-	sidebar-menu-item,sidebar-menu,sidebar-group-content,sidebar-group,sidebar-content,sidebar-inner,sidebar-container,sidebar,sidebar-wrapper
sidebar	collapsible:icon;side:left;variant:floating;item:default;state:expanded	sidebar	sidebar-menu-action	button	-	true	true	20	22.4	24	25	true	sidebar-content[xy]	20	24px×23.9844px	-	sidebar-menu-item,sidebar-menu,sidebar-group-content,sidebar-group,sidebar-content,sidebar-inner,sidebar-container,sidebar,sidebar-wrapper
sidebar	collapsible:icon;side:left;variant:floating;item:default;state:expanded	sidebar	sidebar-menu-sub-button	a	-	true	true	157	28	157	28	true	sidebar-content[xy]	40	-	-	sidebar-menu-sub-item,sidebar-menu-sub,sidebar-menu-item,sidebar-menu,sidebar-group-content,sidebar-group,sidebar-content,sidebar-inner,sidebar-container,sidebar,sidebar-wrapper
sidebar	collapsible:icon;side:left;variant:floating;item:default;state:expanded	sidebar	sidebar-menu-sub-button	a	-	true	true	157	28	157	28	true	sidebar-content[xy]	40	-	-	sidebar-menu-sub-item,sidebar-menu-sub,sidebar-menu-item,sidebar-menu,sidebar-group-content,sidebar-group,sidebar-content,sidebar-inner,sidebar-container,sidebar,sidebar-wrapper
sidebar	collapsible:icon;side:left;variant:floating;item:default;state:expanded	sidebar	sidebar-rail	button	-	true	true	16	1800	21	319	false	div[xy]	-741	2px×1800px	-	sidebar-inner,sidebar-container,sidebar,sidebar-wrapper
sidebar	collapsible:icon;side:left;variant:floating;item:default;state:expanded	sidebar	sidebar-trigger	button	-	true	true	32	32	32	33	true	div[xy]	16	-	-	sidebar-inset,sidebar-wrapper
sidebar	collapsible:icon;side:left;variant:floating;item:default;state:expanded	-	-	button	-	false	true	0	0	-	-	-	-	-	-	not-rendered	-
sidebar	collapsible:icon;side:left;variant:floating;item:default;state:expanded	-	-	button	-	false	true	0	0	-	-	-	-	-	-	not-rendered	-
sidebar	collapsible:icon;side:left;variant:floating;item:default;state:expanded	-	-	button	-	false	true	0	0	-	-	-	-	-	-	not-rendered	-
sidebar	collapsible:icon;side:left;variant:floating;item:default;state:expanded	-	-	a	-	false	true	0	0	-	-	-	-	-	-	not-rendered	-
sidebar	collapsible:icon;side:left;variant:floating;item:default;state:expanded	-	-	a	-	false	true	0	0	-	-	-	-	-	-	not-rendered	-
sidebar	collapsible:icon;side:left;variant:floating;item:default;state:expanded	-	-	a	-	false	true	0	0	-	-	-	-	-	-	not-rendered	-
sidebar	collapsible:icon;side:left;variant:floating;item:default;state:expanded	-	-	a	-	false	true	0	0	-	-	-	-	-	-	not-rendered	-
sidebar	collapsible:icon;side:left;variant:floating;item:default;state:collapsed	sidebar	sidebar-group-action	button	-	true	true	20	24	2	25	false	sidebar-content[xy]	-8	24px×24px	center-miss	sidebar-group,sidebar-content,sidebar-inner,sidebar-container,sidebar,sidebar-wrapper
sidebar	collapsible:icon;side:left;variant:floating;item:default;state:collapsed	sidebar	sidebar-menu-button	button	-	true	true	16	32	11	33	false	sidebar-content[xy]	7	-	-	sidebar-menu-item,sidebar-menu,sidebar-group-content,sidebar-group,sidebar-content,sidebar-inner,sidebar-container,sidebar,sidebar-wrapper
sidebar	collapsible:icon;side:left;variant:floating;item:default;state:collapsed	sidebar	sidebar-menu-button	button	-	true	true	16	28	11	29	false	sidebar-content[xy]	7	-	-	sidebar-menu-item,sidebar-menu,sidebar-group-content,sidebar-group,sidebar-content,sidebar-inner,sidebar-container,sidebar,sidebar-wrapper
sidebar	collapsible:icon;side:left;variant:floating;item:default;state:collapsed	sidebar	sidebar-menu-action	button	-	true	true	20	22.4	2	25	false	sidebar-content[xy]	-8	24px×23.9844px	center-miss	sidebar-menu-item,sidebar-menu,sidebar-group-content,sidebar-group,sidebar-content,sidebar-inner,sidebar-container,sidebar,sidebar-wrapper
sidebar	collapsible:icon;side:left;variant:floating;item:default;state:collapsed	sidebar	sidebar-menu-sub-button	a	-	true	true	16	28	16	29	false	sidebar-content[xy]	0	-	-	sidebar-menu-sub-item,sidebar-menu-sub,sidebar-menu-item,sidebar-menu,sidebar-group-content,sidebar-group,sidebar-content,sidebar-inner,sidebar-container,sidebar,sidebar-wrapper
sidebar	collapsible:icon;side:left;variant:floating;item:default;state:collapsed	sidebar	sidebar-menu-sub-button	a	-	true	true	16	28	16	29	false	sidebar-content[xy]	0	-	-	sidebar-menu-sub-item,sidebar-menu-sub,sidebar-menu-item,sidebar-menu,sidebar-group-content,sidebar-group,sidebar-content,sidebar-inner,sidebar-container,sidebar,sidebar-wrapper
sidebar	collapsible:icon;side:left;variant:floating;item:default;state:collapsed	sidebar	sidebar-rail	button	-	true	true	16	1800	21	319	false	div[xy]	-741	2px×1800px	-	sidebar-inner,sidebar-container,sidebar,sidebar-wrapper
sidebar	collapsible:icon;side:left;variant:floating;item:default;state:collapsed	sidebar	sidebar-trigger	button	-	true	true	32	32	32	33	true	div[xy]	16	-	-	sidebar-inset,sidebar-wrapper
sidebar	collapsible:icon;side:left;variant:floating;item:default;state:collapsed	-	-	button	-	false	true	0	0	-	-	-	-	-	-	not-rendered	-
sidebar	collapsible:icon;side:left;variant:floating;item:default;state:collapsed	-	-	button	-	false	true	0	0	-	-	-	-	-	-	not-rendered	-
sidebar	collapsible:icon;side:left;variant:floating;item:default;state:collapsed	-	-	button	-	false	true	0	0	-	-	-	-	-	-	not-rendered	-
sidebar	collapsible:icon;side:left;variant:floating;item:default;state:collapsed	-	-	a	-	false	true	0	0	-	-	-	-	-	-	not-rendered	-
sidebar	collapsible:icon;side:left;variant:floating;item:default;state:collapsed	-	-	a	-	false	true	0	0	-	-	-	-	-	-	not-rendered	-
sidebar	collapsible:icon;side:left;variant:floating;item:default;state:collapsed	-	-	a	-	false	true	0	0	-	-	-	-	-	-	not-rendered	-
sidebar	collapsible:icon;side:left;variant:floating;item:default;state:collapsed	-	-	a	-	false	true	0	0	-	-	-	-	-	-	not-rendered	-
sidebar	collapsible:icon;side:left;variant:floating;item:active;state:expanded	sidebar	sidebar-group-action	button	-	true	true	20	24	24	25	true	sidebar-content[xy]	20	24px×24px	-	sidebar-group,sidebar-content,sidebar-inner,sidebar-container,sidebar,sidebar-wrapper
sidebar	collapsible:icon;side:left;variant:floating;item:active;state:expanded	sidebar	sidebar-menu-button	button	-	true	true	206	32	206	32	true	sidebar-content[xy]	16	-	-	sidebar-menu-item,sidebar-menu,sidebar-group-content,sidebar-group,sidebar-content,sidebar-inner,sidebar-container,sidebar,sidebar-wrapper
sidebar	collapsible:icon;side:left;variant:floating;item:active;state:expanded	sidebar	sidebar-menu-button	button	-	true	true	206	28	180	28	true	sidebar-content[xy]	16	-	-	sidebar-menu-item,sidebar-menu,sidebar-group-content,sidebar-group,sidebar-content,sidebar-inner,sidebar-container,sidebar,sidebar-wrapper
sidebar	collapsible:icon;side:left;variant:floating;item:active;state:expanded	sidebar	sidebar-menu-action	button	-	true	true	20	22.4	24	25	true	sidebar-content[xy]	20	24px×23.9844px	-	sidebar-menu-item,sidebar-menu,sidebar-group-content,sidebar-group,sidebar-content,sidebar-inner,sidebar-container,sidebar,sidebar-wrapper
sidebar	collapsible:icon;side:left;variant:floating;item:active;state:expanded	sidebar	sidebar-menu-sub-button	a	-	true	true	157	28	157	28	true	sidebar-content[xy]	40	-	-	sidebar-menu-sub-item,sidebar-menu-sub,sidebar-menu-item,sidebar-menu,sidebar-group-content,sidebar-group,sidebar-content,sidebar-inner,sidebar-container,sidebar,sidebar-wrapper
sidebar	collapsible:icon;side:left;variant:floating;item:active;state:expanded	sidebar	sidebar-menu-sub-button	a	-	true	true	157	28	157	28	true	sidebar-content[xy]	40	-	-	sidebar-menu-sub-item,sidebar-menu-sub,sidebar-menu-item,sidebar-menu,sidebar-group-content,sidebar-group,sidebar-content,sidebar-inner,sidebar-container,sidebar,sidebar-wrapper
sidebar	collapsible:icon;side:left;variant:floating;item:active;state:expanded	sidebar	sidebar-rail	button	-	true	true	16	1800	21	319	false	div[xy]	-741	2px×1800px	-	sidebar-inner,sidebar-container,sidebar,sidebar-wrapper
sidebar	collapsible:icon;side:left;variant:floating;item:active;state:expanded	sidebar	sidebar-trigger	button	-	true	true	32	32	32	33	true	div[xy]	16	-	-	sidebar-inset,sidebar-wrapper
sidebar	collapsible:icon;side:left;variant:floating;item:active;state:expanded	-	-	button	-	false	true	0	0	-	-	-	-	-	-	not-rendered	-
sidebar	collapsible:icon;side:left;variant:floating;item:active;state:expanded	-	-	button	-	false	true	0	0	-	-	-	-	-	-	not-rendered	-
sidebar	collapsible:icon;side:left;variant:floating;item:active;state:expanded	-	-	button	-	false	true	0	0	-	-	-	-	-	-	not-rendered	-
sidebar	collapsible:icon;side:left;variant:floating;item:active;state:expanded	-	-	a	-	false	true	0	0	-	-	-	-	-	-	not-rendered	-
sidebar	collapsible:icon;side:left;variant:floating;item:active;state:expanded	-	-	a	-	false	true	0	0	-	-	-	-	-	-	not-rendered	-
sidebar	collapsible:icon;side:left;variant:floating;item:active;state:expanded	-	-	a	-	false	true	0	0	-	-	-	-	-	-	not-rendered	-
sidebar	collapsible:icon;side:left;variant:floating;item:active;state:expanded	-	-	a	-	false	true	0	0	-	-	-	-	-	-	not-rendered	-
sidebar	collapsible:icon;side:left;variant:floating;item:active;state:collapsed	sidebar	sidebar-group-action	button	-	true	true	20	24	2	25	false	sidebar-content[xy]	-8	24px×24px	center-miss	sidebar-group,sidebar-content,sidebar-inner,sidebar-container,sidebar,sidebar-wrapper
sidebar	collapsible:icon;side:left;variant:floating;item:active;state:collapsed	sidebar	sidebar-menu-button	button	-	true	true	16	32	11	33	false	sidebar-content[xy]	7	-	-	sidebar-menu-item,sidebar-menu,sidebar-group-content,sidebar-group,sidebar-content,sidebar-inner,sidebar-container,sidebar,sidebar-wrapper
sidebar	collapsible:icon;side:left;variant:floating;item:active;state:collapsed	sidebar	sidebar-menu-button	button	-	true	true	16	28	11	29	false	sidebar-content[xy]	7	-	-	sidebar-menu-item,sidebar-menu,sidebar-group-content,sidebar-group,sidebar-content,sidebar-inner,sidebar-container,sidebar,sidebar-wrapper
sidebar	collapsible:icon;side:left;variant:floating;item:active;state:collapsed	sidebar	sidebar-menu-action	button	-	true	true	20	22.4	2	25	false	sidebar-content[xy]	-8	24px×23.9844px	center-miss	sidebar-menu-item,sidebar-menu,sidebar-group-content,sidebar-group,sidebar-content,sidebar-inner,sidebar-container,sidebar,sidebar-wrapper
sidebar	collapsible:icon;side:left;variant:floating;item:active;state:collapsed	sidebar	sidebar-menu-sub-button	a	-	true	true	16	28	16	29	false	sidebar-content[xy]	0	-	-	sidebar-menu-sub-item,sidebar-menu-sub,sidebar-menu-item,sidebar-menu,sidebar-group-content,sidebar-group,sidebar-content,sidebar-inner,sidebar-container,sidebar,sidebar-wrapper
sidebar	collapsible:icon;side:left;variant:floating;item:active;state:collapsed	sidebar	sidebar-menu-sub-button	a	-	true	true	16	28	16	29	false	sidebar-content[xy]	0	-	-	sidebar-menu-sub-item,sidebar-menu-sub,sidebar-menu-item,sidebar-menu,sidebar-group-content,sidebar-group,sidebar-content,sidebar-inner,sidebar-container,sidebar,sidebar-wrapper
sidebar	collapsible:icon;side:left;variant:floating;item:active;state:collapsed	sidebar	sidebar-rail	button	-	true	true	16	1800	21	319	false	div[xy]	-741	2px×1800px	-	sidebar-inner,sidebar-container,sidebar,sidebar-wrapper
sidebar	collapsible:icon;side:left;variant:floating;item:active;state:collapsed	sidebar	sidebar-trigger	button	-	true	true	32	32	32	33	true	div[xy]	16	-	-	sidebar-inset,sidebar-wrapper
sidebar	collapsible:icon;side:left;variant:floating;item:active;state:collapsed	-	-	button	-	false	true	0	0	-	-	-	-	-	-	not-rendered	-
sidebar	collapsible:icon;side:left;variant:floating;item:active;state:collapsed	-	-	button	-	false	true	0	0	-	-	-	-	-	-	not-rendered	-
sidebar	collapsible:icon;side:left;variant:floating;item:active;state:collapsed	-	-	button	-	false	true	0	0	-	-	-	-	-	-	not-rendered	-
sidebar	collapsible:icon;side:left;variant:floating;item:active;state:collapsed	-	-	a	-	false	true	0	0	-	-	-	-	-	-	not-rendered	-
sidebar	collapsible:icon;side:left;variant:floating;item:active;state:collapsed	-	-	a	-	false	true	0	0	-	-	-	-	-	-	not-rendered	-
sidebar	collapsible:icon;side:left;variant:floating;item:active;state:collapsed	-	-	a	-	false	true	0	0	-	-	-	-	-	-	not-rendered	-
sidebar	collapsible:icon;side:left;variant:floating;item:active;state:collapsed	-	-	a	-	false	true	0	0	-	-	-	-	-	-	not-rendered	-
sidebar	collapsible:icon;side:left;variant:inset;item:default;state:expanded	sidebar	sidebar-group-action	button	-	true	true	20	24	24	25	true	sidebar-content[xy]	20	24px×24px	-	sidebar-group,sidebar-content,sidebar-inner,sidebar-container,sidebar,sidebar-wrapper
sidebar	collapsible:icon;side:left;variant:inset;item:default;state:expanded	sidebar	sidebar-menu-button	button	-	true	true	208	32	208	32	true	sidebar-content[xy]	16	-	-	sidebar-menu-item,sidebar-menu,sidebar-group-content,sidebar-group,sidebar-content,sidebar-inner,sidebar-container,sidebar,sidebar-wrapper
sidebar	collapsible:icon;side:left;variant:inset;item:default;state:expanded	sidebar	sidebar-menu-button	button	-	true	true	208	28	182	28	true	sidebar-content[xy]	16	-	-	sidebar-menu-item,sidebar-menu,sidebar-group-content,sidebar-group,sidebar-content,sidebar-inner,sidebar-container,sidebar,sidebar-wrapper
sidebar	collapsible:icon;side:left;variant:inset;item:default;state:expanded	sidebar	sidebar-menu-action	button	-	true	true	20	22.4	24	25	true	sidebar-content[xy]	20	24px×23.9844px	-	sidebar-menu-item,sidebar-menu,sidebar-group-content,sidebar-group,sidebar-content,sidebar-inner,sidebar-container,sidebar,sidebar-wrapper
sidebar	collapsible:icon;side:left;variant:inset;item:default;state:expanded	sidebar	sidebar-menu-sub-button	a	-	true	true	159	28	159	28	true	sidebar-content[xy]	40	-	-	sidebar-menu-sub-item,sidebar-menu-sub,sidebar-menu-item,sidebar-menu,sidebar-group-content,sidebar-group,sidebar-content,sidebar-inner,sidebar-container,sidebar,sidebar-wrapper
sidebar	collapsible:icon;side:left;variant:inset;item:default;state:expanded	sidebar	sidebar-menu-sub-button	a	-	true	true	159	28	159	28	true	sidebar-content[xy]	40	-	-	sidebar-menu-sub-item,sidebar-menu-sub,sidebar-menu-item,sidebar-menu,sidebar-group-content,sidebar-group,sidebar-content,sidebar-inner,sidebar-container,sidebar,sidebar-wrapper
sidebar	collapsible:icon;side:left;variant:inset;item:default;state:expanded	sidebar	sidebar-rail	button	-	true	true	16	1800	20	319	false	div[xy]	-741	2px×1800px	-	sidebar-inner,sidebar-container,sidebar,sidebar-wrapper
sidebar	collapsible:icon;side:left;variant:inset;item:default;state:expanded	sidebar	sidebar-trigger	button	-	true	true	32	32	32	33	true	div[xy]	16	-	-	sidebar-inset,sidebar-wrapper
sidebar	collapsible:icon;side:left;variant:inset;item:default;state:expanded	-	-	button	-	false	true	0	0	-	-	-	-	-	-	not-rendered	-
sidebar	collapsible:icon;side:left;variant:inset;item:default;state:expanded	-	-	button	-	false	true	0	0	-	-	-	-	-	-	not-rendered	-
sidebar	collapsible:icon;side:left;variant:inset;item:default;state:expanded	-	-	button	-	false	true	0	0	-	-	-	-	-	-	not-rendered	-
sidebar	collapsible:icon;side:left;variant:inset;item:default;state:expanded	-	-	a	-	false	true	0	0	-	-	-	-	-	-	not-rendered	-
sidebar	collapsible:icon;side:left;variant:inset;item:default;state:expanded	-	-	a	-	false	true	0	0	-	-	-	-	-	-	not-rendered	-
sidebar	collapsible:icon;side:left;variant:inset;item:default;state:expanded	-	-	a	-	false	true	0	0	-	-	-	-	-	-	not-rendered	-
sidebar	collapsible:icon;side:left;variant:inset;item:default;state:expanded	-	-	a	-	false	true	0	0	-	-	-	-	-	-	not-rendered	-
sidebar	collapsible:icon;side:left;variant:inset;item:default;state:collapsed	sidebar	sidebar-group-action	button	-	true	true	20	24	2	25	false	sidebar-content[xy]	-8	24px×24px	center-miss	sidebar-group,sidebar-content,sidebar-inner,sidebar-container,sidebar,sidebar-wrapper
sidebar	collapsible:icon;side:left;variant:inset;item:default;state:collapsed	sidebar	sidebar-menu-button	button	-	true	true	16	32	12	33	false	sidebar-content[xy]	8	-	-	sidebar-menu-item,sidebar-menu,sidebar-group-content,sidebar-group,sidebar-content,sidebar-inner,sidebar-container,sidebar,sidebar-wrapper
sidebar	collapsible:icon;side:left;variant:inset;item:default;state:collapsed	sidebar	sidebar-menu-button	button	-	true	true	16	28	12	29	false	sidebar-content[xy]	8	-	-	sidebar-menu-item,sidebar-menu,sidebar-group-content,sidebar-group,sidebar-content,sidebar-inner,sidebar-container,sidebar,sidebar-wrapper
sidebar	collapsible:icon;side:left;variant:inset;item:default;state:collapsed	sidebar	sidebar-menu-action	button	-	true	true	20	22.4	2	25	false	sidebar-content[xy]	-8	24px×23.9844px	center-miss	sidebar-menu-item,sidebar-menu,sidebar-group-content,sidebar-group,sidebar-content,sidebar-inner,sidebar-container,sidebar,sidebar-wrapper
sidebar	collapsible:icon;side:left;variant:inset;item:default;state:collapsed	sidebar	sidebar-menu-sub-button	a	-	true	true	16	28	16	29	false	sidebar-content[xy]	0	-	-	sidebar-menu-sub-item,sidebar-menu-sub,sidebar-menu-item,sidebar-menu,sidebar-group-content,sidebar-group,sidebar-content,sidebar-inner,sidebar-container,sidebar,sidebar-wrapper
sidebar	collapsible:icon;side:left;variant:inset;item:default;state:collapsed	sidebar	sidebar-menu-sub-button	a	-	true	true	16	28	16	29	false	sidebar-content[xy]	0	-	-	sidebar-menu-sub-item,sidebar-menu-sub,sidebar-menu-item,sidebar-menu,sidebar-group-content,sidebar-group,sidebar-content,sidebar-inner,sidebar-container,sidebar,sidebar-wrapper
sidebar	collapsible:icon;side:left;variant:inset;item:default;state:collapsed	sidebar	sidebar-rail	button	-	true	true	16	1800	20	319	false	div[xy]	-741	2px×1800px	-	sidebar-inner,sidebar-container,sidebar,sidebar-wrapper
sidebar	collapsible:icon;side:left;variant:inset;item:default;state:collapsed	sidebar	sidebar-trigger	button	-	true	true	32	32	32	33	true	div[xy]	16	-	-	sidebar-inset,sidebar-wrapper
sidebar	collapsible:icon;side:left;variant:inset;item:default;state:collapsed	-	-	button	-	false	true	0	0	-	-	-	-	-	-	not-rendered	-
sidebar	collapsible:icon;side:left;variant:inset;item:default;state:collapsed	-	-	button	-	false	true	0	0	-	-	-	-	-	-	not-rendered	-
sidebar	collapsible:icon;side:left;variant:inset;item:default;state:collapsed	-	-	button	-	false	true	0	0	-	-	-	-	-	-	not-rendered	-
sidebar	collapsible:icon;side:left;variant:inset;item:default;state:collapsed	-	-	a	-	false	true	0	0	-	-	-	-	-	-	not-rendered	-
sidebar	collapsible:icon;side:left;variant:inset;item:default;state:collapsed	-	-	a	-	false	true	0	0	-	-	-	-	-	-	not-rendered	-
sidebar	collapsible:icon;side:left;variant:inset;item:default;state:collapsed	-	-	a	-	false	true	0	0	-	-	-	-	-	-	not-rendered	-
sidebar	collapsible:icon;side:left;variant:inset;item:default;state:collapsed	-	-	a	-	false	true	0	0	-	-	-	-	-	-	not-rendered	-
sidebar	collapsible:icon;side:left;variant:inset;item:active;state:expanded	sidebar	sidebar-group-action	button	-	true	true	20	24	24	25	true	sidebar-content[xy]	20	24px×24px	-	sidebar-group,sidebar-content,sidebar-inner,sidebar-container,sidebar,sidebar-wrapper
sidebar	collapsible:icon;side:left;variant:inset;item:active;state:expanded	sidebar	sidebar-menu-button	button	-	true	true	208	32	208	32	true	sidebar-content[xy]	16	-	-	sidebar-menu-item,sidebar-menu,sidebar-group-content,sidebar-group,sidebar-content,sidebar-inner,sidebar-container,sidebar,sidebar-wrapper
sidebar	collapsible:icon;side:left;variant:inset;item:active;state:expanded	sidebar	sidebar-menu-button	button	-	true	true	208	28	182	28	true	sidebar-content[xy]	16	-	-	sidebar-menu-item,sidebar-menu,sidebar-group-content,sidebar-group,sidebar-content,sidebar-inner,sidebar-container,sidebar,sidebar-wrapper
sidebar	collapsible:icon;side:left;variant:inset;item:active;state:expanded	sidebar	sidebar-menu-action	button	-	true	true	20	22.4	24	25	true	sidebar-content[xy]	20	24px×23.9844px	-	sidebar-menu-item,sidebar-menu,sidebar-group-content,sidebar-group,sidebar-content,sidebar-inner,sidebar-container,sidebar,sidebar-wrapper
sidebar	collapsible:icon;side:left;variant:inset;item:active;state:expanded	sidebar	sidebar-menu-sub-button	a	-	true	true	159	28	159	28	true	sidebar-content[xy]	40	-	-	sidebar-menu-sub-item,sidebar-menu-sub,sidebar-menu-item,sidebar-menu,sidebar-group-content,sidebar-group,sidebar-content,sidebar-inner,sidebar-container,sidebar,sidebar-wrapper
sidebar	collapsible:icon;side:left;variant:inset;item:active;state:expanded	sidebar	sidebar-menu-sub-button	a	-	true	true	159	28	159	28	true	sidebar-content[xy]	40	-	-	sidebar-menu-sub-item,sidebar-menu-sub,sidebar-menu-item,sidebar-menu,sidebar-group-content,sidebar-group,sidebar-content,sidebar-inner,sidebar-container,sidebar,sidebar-wrapper
sidebar	collapsible:icon;side:left;variant:inset;item:active;state:expanded	sidebar	sidebar-rail	button	-	true	true	16	1800	20	319	false	div[xy]	-741	2px×1800px	-	sidebar-inner,sidebar-container,sidebar,sidebar-wrapper
sidebar	collapsible:icon;side:left;variant:inset;item:active;state:expanded	sidebar	sidebar-trigger	button	-	true	true	32	32	32	33	true	div[xy]	16	-	-	sidebar-inset,sidebar-wrapper
sidebar	collapsible:icon;side:left;variant:inset;item:active;state:expanded	-	-	button	-	false	true	0	0	-	-	-	-	-	-	not-rendered	-
sidebar	collapsible:icon;side:left;variant:inset;item:active;state:expanded	-	-	button	-	false	true	0	0	-	-	-	-	-	-	not-rendered	-
sidebar	collapsible:icon;side:left;variant:inset;item:active;state:expanded	-	-	button	-	false	true	0	0	-	-	-	-	-	-	not-rendered	-
sidebar	collapsible:icon;side:left;variant:inset;item:active;state:expanded	-	-	a	-	false	true	0	0	-	-	-	-	-	-	not-rendered	-
sidebar	collapsible:icon;side:left;variant:inset;item:active;state:expanded	-	-	a	-	false	true	0	0	-	-	-	-	-	-	not-rendered	-
sidebar	collapsible:icon;side:left;variant:inset;item:active;state:expanded	-	-	a	-	false	true	0	0	-	-	-	-	-	-	not-rendered	-
sidebar	collapsible:icon;side:left;variant:inset;item:active;state:expanded	-	-	a	-	false	true	0	0	-	-	-	-	-	-	not-rendered	-
sidebar	collapsible:icon;side:left;variant:inset;item:active;state:collapsed	sidebar	sidebar-group-action	button	-	true	true	20	24	2	25	false	sidebar-content[xy]	-8	24px×24px	center-miss	sidebar-group,sidebar-content,sidebar-inner,sidebar-container,sidebar,sidebar-wrapper
sidebar	collapsible:icon;side:left;variant:inset;item:active;state:collapsed	sidebar	sidebar-menu-button	button	-	true	true	16	32	12	33	false	sidebar-content[xy]	8	-	-	sidebar-menu-item,sidebar-menu,sidebar-group-content,sidebar-group,sidebar-content,sidebar-inner,sidebar-container,sidebar,sidebar-wrapper
sidebar	collapsible:icon;side:left;variant:inset;item:active;state:collapsed	sidebar	sidebar-menu-button	button	-	true	true	16	28	12	29	false	sidebar-content[xy]	8	-	-	sidebar-menu-item,sidebar-menu,sidebar-group-content,sidebar-group,sidebar-content,sidebar-inner,sidebar-container,sidebar,sidebar-wrapper
sidebar	collapsible:icon;side:left;variant:inset;item:active;state:collapsed	sidebar	sidebar-menu-action	button	-	true	true	20	22.4	2	25	false	sidebar-content[xy]	-8	24px×23.9844px	center-miss	sidebar-menu-item,sidebar-menu,sidebar-group-content,sidebar-group,sidebar-content,sidebar-inner,sidebar-container,sidebar,sidebar-wrapper
sidebar	collapsible:icon;side:left;variant:inset;item:active;state:collapsed	sidebar	sidebar-menu-sub-button	a	-	true	true	16	28	16	29	false	sidebar-content[xy]	0	-	-	sidebar-menu-sub-item,sidebar-menu-sub,sidebar-menu-item,sidebar-menu,sidebar-group-content,sidebar-group,sidebar-content,sidebar-inner,sidebar-container,sidebar,sidebar-wrapper
sidebar	collapsible:icon;side:left;variant:inset;item:active;state:collapsed	sidebar	sidebar-menu-sub-button	a	-	true	true	16	28	16	29	false	sidebar-content[xy]	0	-	-	sidebar-menu-sub-item,sidebar-menu-sub,sidebar-menu-item,sidebar-menu,sidebar-group-content,sidebar-group,sidebar-content,sidebar-inner,sidebar-container,sidebar,sidebar-wrapper
sidebar	collapsible:icon;side:left;variant:inset;item:active;state:collapsed	sidebar	sidebar-rail	button	-	true	true	16	1800	20	319	false	div[xy]	-741	2px×1800px	-	sidebar-inner,sidebar-container,sidebar,sidebar-wrapper
sidebar	collapsible:icon;side:left;variant:inset;item:active;state:collapsed	sidebar	sidebar-trigger	button	-	true	true	32	32	32	33	true	div[xy]	16	-	-	sidebar-inset,sidebar-wrapper
sidebar	collapsible:icon;side:left;variant:inset;item:active;state:collapsed	-	-	button	-	false	true	0	0	-	-	-	-	-	-	not-rendered	-
sidebar	collapsible:icon;side:left;variant:inset;item:active;state:collapsed	-	-	button	-	false	true	0	0	-	-	-	-	-	-	not-rendered	-
sidebar	collapsible:icon;side:left;variant:inset;item:active;state:collapsed	-	-	button	-	false	true	0	0	-	-	-	-	-	-	not-rendered	-
sidebar	collapsible:icon;side:left;variant:inset;item:active;state:collapsed	-	-	a	-	false	true	0	0	-	-	-	-	-	-	not-rendered	-
sidebar	collapsible:icon;side:left;variant:inset;item:active;state:collapsed	-	-	a	-	false	true	0	0	-	-	-	-	-	-	not-rendered	-
sidebar	collapsible:icon;side:left;variant:inset;item:active;state:collapsed	-	-	a	-	false	true	0	0	-	-	-	-	-	-	not-rendered	-
sidebar	collapsible:icon;side:left;variant:inset;item:active;state:collapsed	-	-	a	-	false	true	0	0	-	-	-	-	-	-	not-rendered	-
sidebar	collapsible:icon;side:right;variant:sidebar;item:default;state:expanded	sidebar	sidebar-group-action	button	-	true	true	20	24	24	25	true	sidebar-content[xy]	20	24px×24px	-	sidebar-group,sidebar-content,sidebar-inner,sidebar-container,sidebar,sidebar-wrapper
sidebar	collapsible:icon;side:right;variant:sidebar;item:default;state:expanded	sidebar	sidebar-menu-button	button	-	true	true	223	32	223	32	true	sidebar-content[xy]	16	-	-	sidebar-menu-item,sidebar-menu,sidebar-group-content,sidebar-group,sidebar-content,sidebar-inner,sidebar-container,sidebar,sidebar-wrapper
sidebar	collapsible:icon;side:right;variant:sidebar;item:default;state:expanded	sidebar	sidebar-menu-button	button	-	true	true	223	28	197	28	true	sidebar-content[xy]	16	-	-	sidebar-menu-item,sidebar-menu,sidebar-group-content,sidebar-group,sidebar-content,sidebar-inner,sidebar-container,sidebar,sidebar-wrapper
sidebar	collapsible:icon;side:right;variant:sidebar;item:default;state:expanded	sidebar	sidebar-menu-action	button	-	true	true	20	22.4	24	25	true	sidebar-content[xy]	20	24px×23.9844px	-	sidebar-menu-item,sidebar-menu,sidebar-group-content,sidebar-group,sidebar-content,sidebar-inner,sidebar-container,sidebar,sidebar-wrapper
sidebar	collapsible:icon;side:right;variant:sidebar;item:default;state:expanded	sidebar	sidebar-menu-sub-button	a	-	true	true	174	28	174	28	true	sidebar-content[xy]	40	-	-	sidebar-menu-sub-item,sidebar-menu-sub,sidebar-menu-item,sidebar-menu,sidebar-group-content,sidebar-group,sidebar-content,sidebar-inner,sidebar-container,sidebar,sidebar-wrapper
sidebar	collapsible:icon;side:right;variant:sidebar;item:default;state:expanded	sidebar	sidebar-menu-sub-button	a	-	true	true	174	28	174	28	true	sidebar-content[xy]	40	-	-	sidebar-menu-sub-item,sidebar-menu-sub,sidebar-menu-item,sidebar-menu,sidebar-group-content,sidebar-group,sidebar-content,sidebar-inner,sidebar-container,sidebar,sidebar-wrapper
sidebar	collapsible:icon;side:right;variant:sidebar;item:default;state:expanded	sidebar	sidebar-rail	button	-	true	true	16	1800	24	319	true	div[xy]	-741	2px×1800px	-	sidebar-inner,sidebar-container,sidebar,sidebar-wrapper
sidebar	collapsible:icon;side:right;variant:sidebar;item:default;state:expanded	sidebar	sidebar-trigger	button	-	true	true	32	32	32	33	true	div[xy]	16	-	-	sidebar-inset,sidebar-wrapper
sidebar	collapsible:icon;side:right;variant:sidebar;item:default;state:expanded	-	-	button	-	false	true	0	0	-	-	-	-	-	-	not-rendered	-
sidebar	collapsible:icon;side:right;variant:sidebar;item:default;state:expanded	-	-	button	-	false	true	0	0	-	-	-	-	-	-	not-rendered	-
sidebar	collapsible:icon;side:right;variant:sidebar;item:default;state:expanded	-	-	button	-	false	true	0	0	-	-	-	-	-	-	not-rendered	-
sidebar	collapsible:icon;side:right;variant:sidebar;item:default;state:expanded	-	-	a	-	false	true	0	0	-	-	-	-	-	-	not-rendered	-
sidebar	collapsible:icon;side:right;variant:sidebar;item:default;state:expanded	-	-	a	-	false	true	0	0	-	-	-	-	-	-	not-rendered	-
sidebar	collapsible:icon;side:right;variant:sidebar;item:default;state:expanded	-	-	a	-	false	true	0	0	-	-	-	-	-	-	not-rendered	-
sidebar	collapsible:icon;side:right;variant:sidebar;item:default;state:expanded	-	-	a	-	false	true	0	0	-	-	-	-	-	-	not-rendered	-
sidebar	collapsible:icon;side:right;variant:sidebar;item:default;state:collapsed	sidebar	sidebar-group-action	button	-	true	true	20	24	17	25	false	sidebar-content[xy]	7	24px×24px	-	sidebar-group,sidebar-content,sidebar-inner,sidebar-container,sidebar,sidebar-wrapper
sidebar	collapsible:icon;side:right;variant:sidebar;item:default;state:collapsed	sidebar	sidebar-menu-button	button	-	true	true	16	32	16	33	false	sidebar-content[xy]	15	-	-	sidebar-menu-item,sidebar-menu,sidebar-group-content,sidebar-group,sidebar-content,sidebar-inner,sidebar-container,sidebar,sidebar-wrapper
sidebar	collapsible:icon;side:right;variant:sidebar;item:default;state:collapsed	sidebar	sidebar-menu-button	button	-	true	true	16	28	4	5	false	sidebar-content[xy]	15	-	center-miss	sidebar-menu-item,sidebar-menu,sidebar-group-content,sidebar-group,sidebar-content,sidebar-inner,sidebar-container,sidebar,sidebar-wrapper
sidebar	collapsible:icon;side:right;variant:sidebar;item:default;state:collapsed	sidebar	sidebar-menu-action	button	-	true	true	20	22.4	17	25	false	sidebar-content[xy]	7	24px×23.9844px	-	sidebar-menu-item,sidebar-menu,sidebar-group-content,sidebar-group,sidebar-content,sidebar-inner,sidebar-container,sidebar,sidebar-wrapper
sidebar	collapsible:icon;side:right;variant:sidebar;item:default;state:collapsed	sidebar	sidebar-menu-sub-button	a	-	true	true	16	28	16	29	false	sidebar-content[xy]	0	-	-	sidebar-menu-sub-item,sidebar-menu-sub,sidebar-menu-item,sidebar-menu,sidebar-group-content,sidebar-group,sidebar-content,sidebar-inner,sidebar-container,sidebar,sidebar-wrapper
sidebar	collapsible:icon;side:right;variant:sidebar;item:default;state:collapsed	sidebar	sidebar-menu-sub-button	a	-	true	true	16	28	16	29	false	sidebar-content[xy]	0	-	-	sidebar-menu-sub-item,sidebar-menu-sub,sidebar-menu-item,sidebar-menu,sidebar-group-content,sidebar-group,sidebar-content,sidebar-inner,sidebar-container,sidebar,sidebar-wrapper
sidebar	collapsible:icon;side:right;variant:sidebar;item:default;state:collapsed	sidebar	sidebar-rail	button	-	true	true	16	1800	24	319	true	div[xy]	-741	2px×1800px	-	sidebar-inner,sidebar-container,sidebar,sidebar-wrapper
sidebar	collapsible:icon;side:right;variant:sidebar;item:default;state:collapsed	sidebar	sidebar-trigger	button	-	true	true	32	32	32	33	true	div[xy]	16	-	-	sidebar-inset,sidebar-wrapper
sidebar	collapsible:icon;side:right;variant:sidebar;item:default;state:collapsed	-	-	button	-	false	true	0	0	-	-	-	-	-	-	not-rendered	-
sidebar	collapsible:icon;side:right;variant:sidebar;item:default;state:collapsed	-	-	button	-	false	true	0	0	-	-	-	-	-	-	not-rendered	-
sidebar	collapsible:icon;side:right;variant:sidebar;item:default;state:collapsed	-	-	button	-	false	true	0	0	-	-	-	-	-	-	not-rendered	-
sidebar	collapsible:icon;side:right;variant:sidebar;item:default;state:collapsed	-	-	a	-	false	true	0	0	-	-	-	-	-	-	not-rendered	-
sidebar	collapsible:icon;side:right;variant:sidebar;item:default;state:collapsed	-	-	a	-	false	true	0	0	-	-	-	-	-	-	not-rendered	-
sidebar	collapsible:icon;side:right;variant:sidebar;item:default;state:collapsed	-	-	a	-	false	true	0	0	-	-	-	-	-	-	not-rendered	-
sidebar	collapsible:icon;side:right;variant:sidebar;item:default;state:collapsed	-	-	a	-	false	true	0	0	-	-	-	-	-	-	not-rendered	-
sidebar	collapsible:icon;side:right;variant:sidebar;item:active;state:expanded	sidebar	sidebar-group-action	button	-	true	true	20	24	24	25	true	sidebar-content[xy]	20	24px×24px	-	sidebar-group,sidebar-content,sidebar-inner,sidebar-container,sidebar,sidebar-wrapper
sidebar	collapsible:icon;side:right;variant:sidebar;item:active;state:expanded	sidebar	sidebar-menu-button	button	-	true	true	223	32	223	32	true	sidebar-content[xy]	16	-	-	sidebar-menu-item,sidebar-menu,sidebar-group-content,sidebar-group,sidebar-content,sidebar-inner,sidebar-container,sidebar,sidebar-wrapper
sidebar	collapsible:icon;side:right;variant:sidebar;item:active;state:expanded	sidebar	sidebar-menu-button	button	-	true	true	223	28	197	28	true	sidebar-content[xy]	16	-	-	sidebar-menu-item,sidebar-menu,sidebar-group-content,sidebar-group,sidebar-content,sidebar-inner,sidebar-container,sidebar,sidebar-wrapper
sidebar	collapsible:icon;side:right;variant:sidebar;item:active;state:expanded	sidebar	sidebar-menu-action	button	-	true	true	20	22.4	24	25	true	sidebar-content[xy]	20	24px×23.9844px	-	sidebar-menu-item,sidebar-menu,sidebar-group-content,sidebar-group,sidebar-content,sidebar-inner,sidebar-container,sidebar,sidebar-wrapper
sidebar	collapsible:icon;side:right;variant:sidebar;item:active;state:expanded	sidebar	sidebar-menu-sub-button	a	-	true	true	174	28	174	28	true	sidebar-content[xy]	40	-	-	sidebar-menu-sub-item,sidebar-menu-sub,sidebar-menu-item,sidebar-menu,sidebar-group-content,sidebar-group,sidebar-content,sidebar-inner,sidebar-container,sidebar,sidebar-wrapper
sidebar	collapsible:icon;side:right;variant:sidebar;item:active;state:expanded	sidebar	sidebar-menu-sub-button	a	-	true	true	174	28	174	28	true	sidebar-content[xy]	40	-	-	sidebar-menu-sub-item,sidebar-menu-sub,sidebar-menu-item,sidebar-menu,sidebar-group-content,sidebar-group,sidebar-content,sidebar-inner,sidebar-container,sidebar,sidebar-wrapper
sidebar	collapsible:icon;side:right;variant:sidebar;item:active;state:expanded	sidebar	sidebar-rail	button	-	true	true	16	1800	24	319	true	div[xy]	-741	2px×1800px	-	sidebar-inner,sidebar-container,sidebar,sidebar-wrapper
sidebar	collapsible:icon;side:right;variant:sidebar;item:active;state:expanded	sidebar	sidebar-trigger	button	-	true	true	32	32	32	33	true	div[xy]	16	-	-	sidebar-inset,sidebar-wrapper
sidebar	collapsible:icon;side:right;variant:sidebar;item:active;state:expanded	-	-	button	-	false	true	0	0	-	-	-	-	-	-	not-rendered	-
sidebar	collapsible:icon;side:right;variant:sidebar;item:active;state:expanded	-	-	button	-	false	true	0	0	-	-	-	-	-	-	not-rendered	-
sidebar	collapsible:icon;side:right;variant:sidebar;item:active;state:expanded	-	-	button	-	false	true	0	0	-	-	-	-	-	-	not-rendered	-
sidebar	collapsible:icon;side:right;variant:sidebar;item:active;state:expanded	-	-	a	-	false	true	0	0	-	-	-	-	-	-	not-rendered	-
sidebar	collapsible:icon;side:right;variant:sidebar;item:active;state:expanded	-	-	a	-	false	true	0	0	-	-	-	-	-	-	not-rendered	-
sidebar	collapsible:icon;side:right;variant:sidebar;item:active;state:expanded	-	-	a	-	false	true	0	0	-	-	-	-	-	-	not-rendered	-
sidebar	collapsible:icon;side:right;variant:sidebar;item:active;state:expanded	-	-	a	-	false	true	0	0	-	-	-	-	-	-	not-rendered	-
sidebar	collapsible:icon;side:right;variant:sidebar;item:active;state:collapsed	sidebar	sidebar-group-action	button	-	true	true	20	24	17	25	false	sidebar-content[xy]	7	24px×24px	-	sidebar-group,sidebar-content,sidebar-inner,sidebar-container,sidebar,sidebar-wrapper
sidebar	collapsible:icon;side:right;variant:sidebar;item:active;state:collapsed	sidebar	sidebar-menu-button	button	-	true	true	16	32	16	33	false	sidebar-content[xy]	15	-	-	sidebar-menu-item,sidebar-menu,sidebar-group-content,sidebar-group,sidebar-content,sidebar-inner,sidebar-container,sidebar,sidebar-wrapper
sidebar	collapsible:icon;side:right;variant:sidebar;item:active;state:collapsed	sidebar	sidebar-menu-button	button	-	true	true	16	28	4	5	false	sidebar-content[xy]	15	-	center-miss	sidebar-menu-item,sidebar-menu,sidebar-group-content,sidebar-group,sidebar-content,sidebar-inner,sidebar-container,sidebar,sidebar-wrapper
sidebar	collapsible:icon;side:right;variant:sidebar;item:active;state:collapsed	sidebar	sidebar-menu-action	button	-	true	true	20	22.4	17	25	false	sidebar-content[xy]	7	24px×23.9844px	-	sidebar-menu-item,sidebar-menu,sidebar-group-content,sidebar-group,sidebar-content,sidebar-inner,sidebar-container,sidebar,sidebar-wrapper
sidebar	collapsible:icon;side:right;variant:sidebar;item:active;state:collapsed	sidebar	sidebar-menu-sub-button	a	-	true	true	16	28	16	29	false	sidebar-content[xy]	0	-	-	sidebar-menu-sub-item,sidebar-menu-sub,sidebar-menu-item,sidebar-menu,sidebar-group-content,sidebar-group,sidebar-content,sidebar-inner,sidebar-container,sidebar,sidebar-wrapper
sidebar	collapsible:icon;side:right;variant:sidebar;item:active;state:collapsed	sidebar	sidebar-menu-sub-button	a	-	true	true	16	28	16	29	false	sidebar-content[xy]	0	-	-	sidebar-menu-sub-item,sidebar-menu-sub,sidebar-menu-item,sidebar-menu,sidebar-group-content,sidebar-group,sidebar-content,sidebar-inner,sidebar-container,sidebar,sidebar-wrapper
sidebar	collapsible:icon;side:right;variant:sidebar;item:active;state:collapsed	sidebar	sidebar-rail	button	-	true	true	16	1800	24	319	true	div[xy]	-741	2px×1800px	-	sidebar-inner,sidebar-container,sidebar,sidebar-wrapper
sidebar	collapsible:icon;side:right;variant:sidebar;item:active;state:collapsed	sidebar	sidebar-trigger	button	-	true	true	32	32	32	33	true	div[xy]	16	-	-	sidebar-inset,sidebar-wrapper
sidebar	collapsible:icon;side:right;variant:sidebar;item:active;state:collapsed	-	-	button	-	false	true	0	0	-	-	-	-	-	-	not-rendered	-
sidebar	collapsible:icon;side:right;variant:sidebar;item:active;state:collapsed	-	-	button	-	false	true	0	0	-	-	-	-	-	-	not-rendered	-
sidebar	collapsible:icon;side:right;variant:sidebar;item:active;state:collapsed	-	-	button	-	false	true	0	0	-	-	-	-	-	-	not-rendered	-
sidebar	collapsible:icon;side:right;variant:sidebar;item:active;state:collapsed	-	-	a	-	false	true	0	0	-	-	-	-	-	-	not-rendered	-
sidebar	collapsible:icon;side:right;variant:sidebar;item:active;state:collapsed	-	-	a	-	false	true	0	0	-	-	-	-	-	-	not-rendered	-
sidebar	collapsible:icon;side:right;variant:sidebar;item:active;state:collapsed	-	-	a	-	false	true	0	0	-	-	-	-	-	-	not-rendered	-
sidebar	collapsible:icon;side:right;variant:sidebar;item:active;state:collapsed	-	-	a	-	false	true	0	0	-	-	-	-	-	-	not-rendered	-
sidebar	collapsible:icon;side:right;variant:floating;item:default;state:expanded	sidebar	sidebar-group-action	button	-	true	true	20	24	24	25	true	sidebar-content[xy]	20	24px×24px	-	sidebar-group,sidebar-content,sidebar-inner,sidebar-container,sidebar,sidebar-wrapper
sidebar	collapsible:icon;side:right;variant:floating;item:default;state:expanded	sidebar	sidebar-menu-button	button	-	true	true	206	32	206	32	true	sidebar-content[xy]	16	-	-	sidebar-menu-item,sidebar-menu,sidebar-group-content,sidebar-group,sidebar-content,sidebar-inner,sidebar-container,sidebar,sidebar-wrapper
sidebar	collapsible:icon;side:right;variant:floating;item:default;state:expanded	sidebar	sidebar-menu-button	button	-	true	true	206	28	180	28	true	sidebar-content[xy]	16	-	-	sidebar-menu-item,sidebar-menu,sidebar-group-content,sidebar-group,sidebar-content,sidebar-inner,sidebar-container,sidebar,sidebar-wrapper
sidebar	collapsible:icon;side:right;variant:floating;item:default;state:expanded	sidebar	sidebar-menu-action	button	-	true	true	20	22.4	24	25	true	sidebar-content[xy]	20	24px×23.9844px	-	sidebar-menu-item,sidebar-menu,sidebar-group-content,sidebar-group,sidebar-content,sidebar-inner,sidebar-container,sidebar,sidebar-wrapper
sidebar	collapsible:icon;side:right;variant:floating;item:default;state:expanded	sidebar	sidebar-menu-sub-button	a	-	true	true	157	28	157	28	true	sidebar-content[xy]	40	-	-	sidebar-menu-sub-item,sidebar-menu-sub,sidebar-menu-item,sidebar-menu,sidebar-group-content,sidebar-group,sidebar-content,sidebar-inner,sidebar-container,sidebar,sidebar-wrapper
sidebar	collapsible:icon;side:right;variant:floating;item:default;state:expanded	sidebar	sidebar-menu-sub-button	a	-	true	true	157	28	157	28	true	sidebar-content[xy]	40	-	-	sidebar-menu-sub-item,sidebar-menu-sub,sidebar-menu-item,sidebar-menu,sidebar-group-content,sidebar-group,sidebar-content,sidebar-inner,sidebar-container,sidebar,sidebar-wrapper
sidebar	collapsible:icon;side:right;variant:floating;item:default;state:expanded	sidebar	sidebar-rail	button	-	true	true	16	1800	24	319	true	div[xy]	-741	2px×1800px	-	sidebar-inner,sidebar-container,sidebar,sidebar-wrapper
sidebar	collapsible:icon;side:right;variant:floating;item:default;state:expanded	sidebar	sidebar-trigger	button	-	true	true	32	32	32	33	true	div[xy]	16	-	-	sidebar-inset,sidebar-wrapper
sidebar	collapsible:icon;side:right;variant:floating;item:default;state:expanded	-	-	button	-	false	true	0	0	-	-	-	-	-	-	not-rendered	-
sidebar	collapsible:icon;side:right;variant:floating;item:default;state:expanded	-	-	button	-	false	true	0	0	-	-	-	-	-	-	not-rendered	-
sidebar	collapsible:icon;side:right;variant:floating;item:default;state:expanded	-	-	button	-	false	true	0	0	-	-	-	-	-	-	not-rendered	-
sidebar	collapsible:icon;side:right;variant:floating;item:default;state:expanded	-	-	a	-	false	true	0	0	-	-	-	-	-	-	not-rendered	-
sidebar	collapsible:icon;side:right;variant:floating;item:default;state:expanded	-	-	a	-	false	true	0	0	-	-	-	-	-	-	not-rendered	-
sidebar	collapsible:icon;side:right;variant:floating;item:default;state:expanded	-	-	a	-	false	true	0	0	-	-	-	-	-	-	not-rendered	-
sidebar	collapsible:icon;side:right;variant:floating;item:default;state:expanded	-	-	a	-	false	true	0	0	-	-	-	-	-	-	not-rendered	-
sidebar	collapsible:icon;side:right;variant:floating;item:default;state:collapsed	sidebar	sidebar-group-action	button	-	true	true	20	24	2	25	false	sidebar-content[xy]	-8	24px×24px	center-miss	sidebar-group,sidebar-content,sidebar-inner,sidebar-container,sidebar,sidebar-wrapper
sidebar	collapsible:icon;side:right;variant:floating;item:default;state:collapsed	sidebar	sidebar-menu-button	button	-	true	true	16	32	11	33	false	sidebar-content[xy]	7	-	-	sidebar-menu-item,sidebar-menu,sidebar-group-content,sidebar-group,sidebar-content,sidebar-inner,sidebar-container,sidebar,sidebar-wrapper
sidebar	collapsible:icon;side:right;variant:floating;item:default;state:collapsed	sidebar	sidebar-menu-button	button	-	true	true	16	28	11	29	false	sidebar-content[xy]	7	-	-	sidebar-menu-item,sidebar-menu,sidebar-group-content,sidebar-group,sidebar-content,sidebar-inner,sidebar-container,sidebar,sidebar-wrapper
sidebar	collapsible:icon;side:right;variant:floating;item:default;state:collapsed	sidebar	sidebar-menu-action	button	-	true	true	20	22.4	2	25	false	sidebar-content[xy]	-8	24px×23.9844px	center-miss	sidebar-menu-item,sidebar-menu,sidebar-group-content,sidebar-group,sidebar-content,sidebar-inner,sidebar-container,sidebar,sidebar-wrapper
sidebar	collapsible:icon;side:right;variant:floating;item:default;state:collapsed	sidebar	sidebar-menu-sub-button	a	-	true	true	16	28	16	29	false	sidebar-content[xy]	0	-	-	sidebar-menu-sub-item,sidebar-menu-sub,sidebar-menu-item,sidebar-menu,sidebar-group-content,sidebar-group,sidebar-content,sidebar-inner,sidebar-container,sidebar,sidebar-wrapper
sidebar	collapsible:icon;side:right;variant:floating;item:default;state:collapsed	sidebar	sidebar-menu-sub-button	a	-	true	true	16	28	16	29	false	sidebar-content[xy]	0	-	-	sidebar-menu-sub-item,sidebar-menu-sub,sidebar-menu-item,sidebar-menu,sidebar-group-content,sidebar-group,sidebar-content,sidebar-inner,sidebar-container,sidebar,sidebar-wrapper
sidebar	collapsible:icon;side:right;variant:floating;item:default;state:collapsed	sidebar	sidebar-rail	button	-	true	true	16	1800	24	319	true	div[xy]	-741	2px×1800px	-	sidebar-inner,sidebar-container,sidebar,sidebar-wrapper
sidebar	collapsible:icon;side:right;variant:floating;item:default;state:collapsed	sidebar	sidebar-trigger	button	-	true	true	32	32	32	33	true	div[xy]	16	-	-	sidebar-inset,sidebar-wrapper
sidebar	collapsible:icon;side:right;variant:floating;item:default;state:collapsed	-	-	button	-	false	true	0	0	-	-	-	-	-	-	not-rendered	-
sidebar	collapsible:icon;side:right;variant:floating;item:default;state:collapsed	-	-	button	-	false	true	0	0	-	-	-	-	-	-	not-rendered	-
sidebar	collapsible:icon;side:right;variant:floating;item:default;state:collapsed	-	-	button	-	false	true	0	0	-	-	-	-	-	-	not-rendered	-
sidebar	collapsible:icon;side:right;variant:floating;item:default;state:collapsed	-	-	a	-	false	true	0	0	-	-	-	-	-	-	not-rendered	-
sidebar	collapsible:icon;side:right;variant:floating;item:default;state:collapsed	-	-	a	-	false	true	0	0	-	-	-	-	-	-	not-rendered	-
sidebar	collapsible:icon;side:right;variant:floating;item:default;state:collapsed	-	-	a	-	false	true	0	0	-	-	-	-	-	-	not-rendered	-
sidebar	collapsible:icon;side:right;variant:floating;item:default;state:collapsed	-	-	a	-	false	true	0	0	-	-	-	-	-	-	not-rendered	-
sidebar	collapsible:icon;side:right;variant:floating;item:active;state:expanded	sidebar	sidebar-group-action	button	-	true	true	20	24	24	25	true	sidebar-content[xy]	20	24px×24px	-	sidebar-group,sidebar-content,sidebar-inner,sidebar-container,sidebar,sidebar-wrapper
sidebar	collapsible:icon;side:right;variant:floating;item:active;state:expanded	sidebar	sidebar-menu-button	button	-	true	true	206	32	206	32	true	sidebar-content[xy]	16	-	-	sidebar-menu-item,sidebar-menu,sidebar-group-content,sidebar-group,sidebar-content,sidebar-inner,sidebar-container,sidebar,sidebar-wrapper
sidebar	collapsible:icon;side:right;variant:floating;item:active;state:expanded	sidebar	sidebar-menu-button	button	-	true	true	206	28	180	28	true	sidebar-content[xy]	16	-	-	sidebar-menu-item,sidebar-menu,sidebar-group-content,sidebar-group,sidebar-content,sidebar-inner,sidebar-container,sidebar,sidebar-wrapper
sidebar	collapsible:icon;side:right;variant:floating;item:active;state:expanded	sidebar	sidebar-menu-action	button	-	true	true	20	22.4	24	25	true	sidebar-content[xy]	20	24px×23.9844px	-	sidebar-menu-item,sidebar-menu,sidebar-group-content,sidebar-group,sidebar-content,sidebar-inner,sidebar-container,sidebar,sidebar-wrapper
sidebar	collapsible:icon;side:right;variant:floating;item:active;state:expanded	sidebar	sidebar-menu-sub-button	a	-	true	true	157	28	157	28	true	sidebar-content[xy]	40	-	-	sidebar-menu-sub-item,sidebar-menu-sub,sidebar-menu-item,sidebar-menu,sidebar-group-content,sidebar-group,sidebar-content,sidebar-inner,sidebar-container,sidebar,sidebar-wrapper
sidebar	collapsible:icon;side:right;variant:floating;item:active;state:expanded	sidebar	sidebar-menu-sub-button	a	-	true	true	157	28	157	28	true	sidebar-content[xy]	40	-	-	sidebar-menu-sub-item,sidebar-menu-sub,sidebar-menu-item,sidebar-menu,sidebar-group-content,sidebar-group,sidebar-content,sidebar-inner,sidebar-container,sidebar,sidebar-wrapper
sidebar	collapsible:icon;side:right;variant:floating;item:active;state:expanded	sidebar	sidebar-rail	button	-	true	true	16	1800	24	319	true	div[xy]	-741	2px×1800px	-	sidebar-inner,sidebar-container,sidebar,sidebar-wrapper
sidebar	collapsible:icon;side:right;variant:floating;item:active;state:expanded	sidebar	sidebar-trigger	button	-	true	true	32	32	32	33	true	div[xy]	16	-	-	sidebar-inset,sidebar-wrapper
sidebar	collapsible:icon;side:right;variant:floating;item:active;state:expanded	-	-	button	-	false	true	0	0	-	-	-	-	-	-	not-rendered	-
sidebar	collapsible:icon;side:right;variant:floating;item:active;state:expanded	-	-	button	-	false	true	0	0	-	-	-	-	-	-	not-rendered	-
sidebar	collapsible:icon;side:right;variant:floating;item:active;state:expanded	-	-	button	-	false	true	0	0	-	-	-	-	-	-	not-rendered	-
sidebar	collapsible:icon;side:right;variant:floating;item:active;state:expanded	-	-	a	-	false	true	0	0	-	-	-	-	-	-	not-rendered	-
sidebar	collapsible:icon;side:right;variant:floating;item:active;state:expanded	-	-	a	-	false	true	0	0	-	-	-	-	-	-	not-rendered	-
sidebar	collapsible:icon;side:right;variant:floating;item:active;state:expanded	-	-	a	-	false	true	0	0	-	-	-	-	-	-	not-rendered	-
sidebar	collapsible:icon;side:right;variant:floating;item:active;state:expanded	-	-	a	-	false	true	0	0	-	-	-	-	-	-	not-rendered	-
sidebar	collapsible:icon;side:right;variant:floating;item:active;state:collapsed	sidebar	sidebar-group-action	button	-	true	true	20	24	2	25	false	sidebar-content[xy]	-8	24px×24px	center-miss	sidebar-group,sidebar-content,sidebar-inner,sidebar-container,sidebar,sidebar-wrapper
sidebar	collapsible:icon;side:right;variant:floating;item:active;state:collapsed	sidebar	sidebar-menu-button	button	-	true	true	16	32	11	33	false	sidebar-content[xy]	7	-	-	sidebar-menu-item,sidebar-menu,sidebar-group-content,sidebar-group,sidebar-content,sidebar-inner,sidebar-container,sidebar,sidebar-wrapper
sidebar	collapsible:icon;side:right;variant:floating;item:active;state:collapsed	sidebar	sidebar-menu-button	button	-	true	true	16	28	11	29	false	sidebar-content[xy]	7	-	-	sidebar-menu-item,sidebar-menu,sidebar-group-content,sidebar-group,sidebar-content,sidebar-inner,sidebar-container,sidebar,sidebar-wrapper
sidebar	collapsible:icon;side:right;variant:floating;item:active;state:collapsed	sidebar	sidebar-menu-action	button	-	true	true	20	22.4	2	25	false	sidebar-content[xy]	-8	24px×23.9844px	center-miss	sidebar-menu-item,sidebar-menu,sidebar-group-content,sidebar-group,sidebar-content,sidebar-inner,sidebar-container,sidebar,sidebar-wrapper
sidebar	collapsible:icon;side:right;variant:floating;item:active;state:collapsed	sidebar	sidebar-menu-sub-button	a	-	true	true	16	28	16	29	false	sidebar-content[xy]	0	-	-	sidebar-menu-sub-item,sidebar-menu-sub,sidebar-menu-item,sidebar-menu,sidebar-group-content,sidebar-group,sidebar-content,sidebar-inner,sidebar-container,sidebar,sidebar-wrapper
sidebar	collapsible:icon;side:right;variant:floating;item:active;state:collapsed	sidebar	sidebar-menu-sub-button	a	-	true	true	16	28	16	29	false	sidebar-content[xy]	0	-	-	sidebar-menu-sub-item,sidebar-menu-sub,sidebar-menu-item,sidebar-menu,sidebar-group-content,sidebar-group,sidebar-content,sidebar-inner,sidebar-container,sidebar,sidebar-wrapper
sidebar	collapsible:icon;side:right;variant:floating;item:active;state:collapsed	sidebar	sidebar-rail	button	-	true	true	16	1800	24	319	true	div[xy]	-741	2px×1800px	-	sidebar-inner,sidebar-container,sidebar,sidebar-wrapper
sidebar	collapsible:icon;side:right;variant:floating;item:active;state:collapsed	sidebar	sidebar-trigger	button	-	true	true	32	32	32	33	true	div[xy]	16	-	-	sidebar-inset,sidebar-wrapper
sidebar	collapsible:icon;side:right;variant:floating;item:active;state:collapsed	-	-	button	-	false	true	0	0	-	-	-	-	-	-	not-rendered	-
sidebar	collapsible:icon;side:right;variant:floating;item:active;state:collapsed	-	-	button	-	false	true	0	0	-	-	-	-	-	-	not-rendered	-
sidebar	collapsible:icon;side:right;variant:floating;item:active;state:collapsed	-	-	button	-	false	true	0	0	-	-	-	-	-	-	not-rendered	-
sidebar	collapsible:icon;side:right;variant:floating;item:active;state:collapsed	-	-	a	-	false	true	0	0	-	-	-	-	-	-	not-rendered	-
sidebar	collapsible:icon;side:right;variant:floating;item:active;state:collapsed	-	-	a	-	false	true	0	0	-	-	-	-	-	-	not-rendered	-
sidebar	collapsible:icon;side:right;variant:floating;item:active;state:collapsed	-	-	a	-	false	true	0	0	-	-	-	-	-	-	not-rendered	-
sidebar	collapsible:icon;side:right;variant:floating;item:active;state:collapsed	-	-	a	-	false	true	0	0	-	-	-	-	-	-	not-rendered	-
sidebar	collapsible:icon;side:right;variant:inset;item:default;state:expanded	sidebar	sidebar-group-action	button	-	true	true	20	24	24	25	true	sidebar-content[xy]	20	24px×24px	-	sidebar-group,sidebar-content,sidebar-inner,sidebar-container,sidebar,sidebar-wrapper
sidebar	collapsible:icon;side:right;variant:inset;item:default;state:expanded	sidebar	sidebar-menu-button	button	-	true	true	208	32	208	32	true	sidebar-content[xy]	16	-	-	sidebar-menu-item,sidebar-menu,sidebar-group-content,sidebar-group,sidebar-content,sidebar-inner,sidebar-container,sidebar,sidebar-wrapper
sidebar	collapsible:icon;side:right;variant:inset;item:default;state:expanded	sidebar	sidebar-menu-button	button	-	true	true	208	28	182	28	true	sidebar-content[xy]	16	-	-	sidebar-menu-item,sidebar-menu,sidebar-group-content,sidebar-group,sidebar-content,sidebar-inner,sidebar-container,sidebar,sidebar-wrapper
sidebar	collapsible:icon;side:right;variant:inset;item:default;state:expanded	sidebar	sidebar-menu-action	button	-	true	true	20	22.4	24	25	true	sidebar-content[xy]	20	24px×23.9844px	-	sidebar-menu-item,sidebar-menu,sidebar-group-content,sidebar-group,sidebar-content,sidebar-inner,sidebar-container,sidebar,sidebar-wrapper
sidebar	collapsible:icon;side:right;variant:inset;item:default;state:expanded	sidebar	sidebar-menu-sub-button	a	-	true	true	159	28	159	28	true	sidebar-content[xy]	40	-	-	sidebar-menu-sub-item,sidebar-menu-sub,sidebar-menu-item,sidebar-menu,sidebar-group-content,sidebar-group,sidebar-content,sidebar-inner,sidebar-container,sidebar,sidebar-wrapper
sidebar	collapsible:icon;side:right;variant:inset;item:default;state:expanded	sidebar	sidebar-menu-sub-button	a	-	true	true	159	28	159	28	true	sidebar-content[xy]	40	-	-	sidebar-menu-sub-item,sidebar-menu-sub,sidebar-menu-item,sidebar-menu,sidebar-group-content,sidebar-group,sidebar-content,sidebar-inner,sidebar-container,sidebar,sidebar-wrapper
sidebar	collapsible:icon;side:right;variant:inset;item:default;state:expanded	sidebar	sidebar-rail	button	-	true	true	16	1800	24	319	true	div[xy]	-741	2px×1800px	-	sidebar-inner,sidebar-container,sidebar,sidebar-wrapper
sidebar	collapsible:icon;side:right;variant:inset;item:default;state:expanded	sidebar	sidebar-trigger	button	-	true	true	32	32	32	33	true	div[xy]	16	-	-	sidebar-inset,sidebar-wrapper
sidebar	collapsible:icon;side:right;variant:inset;item:default;state:expanded	-	-	button	-	false	true	0	0	-	-	-	-	-	-	not-rendered	-
sidebar	collapsible:icon;side:right;variant:inset;item:default;state:expanded	-	-	button	-	false	true	0	0	-	-	-	-	-	-	not-rendered	-
sidebar	collapsible:icon;side:right;variant:inset;item:default;state:expanded	-	-	button	-	false	true	0	0	-	-	-	-	-	-	not-rendered	-
sidebar	collapsible:icon;side:right;variant:inset;item:default;state:expanded	-	-	a	-	false	true	0	0	-	-	-	-	-	-	not-rendered	-
sidebar	collapsible:icon;side:right;variant:inset;item:default;state:expanded	-	-	a	-	false	true	0	0	-	-	-	-	-	-	not-rendered	-
sidebar	collapsible:icon;side:right;variant:inset;item:default;state:expanded	-	-	a	-	false	true	0	0	-	-	-	-	-	-	not-rendered	-
sidebar	collapsible:icon;side:right;variant:inset;item:default;state:expanded	-	-	a	-	false	true	0	0	-	-	-	-	-	-	not-rendered	-
sidebar	collapsible:icon;side:right;variant:inset;item:default;state:collapsed	sidebar	sidebar-group-action	button	-	true	true	20	24	2	25	false	sidebar-content[xy]	-8	24px×24px	center-miss	sidebar-group,sidebar-content,sidebar-inner,sidebar-container,sidebar,sidebar-wrapper
sidebar	collapsible:icon;side:right;variant:inset;item:default;state:collapsed	sidebar	sidebar-menu-button	button	-	true	true	16	32	12	33	false	sidebar-content[xy]	8	-	-	sidebar-menu-item,sidebar-menu,sidebar-group-content,sidebar-group,sidebar-content,sidebar-inner,sidebar-container,sidebar,sidebar-wrapper
sidebar	collapsible:icon;side:right;variant:inset;item:default;state:collapsed	sidebar	sidebar-menu-button	button	-	true	true	16	28	12	29	false	sidebar-content[xy]	8	-	-	sidebar-menu-item,sidebar-menu,sidebar-group-content,sidebar-group,sidebar-content,sidebar-inner,sidebar-container,sidebar,sidebar-wrapper
sidebar	collapsible:icon;side:right;variant:inset;item:default;state:collapsed	sidebar	sidebar-menu-action	button	-	true	true	20	22.4	2	25	false	sidebar-content[xy]	-8	24px×23.9844px	center-miss	sidebar-menu-item,sidebar-menu,sidebar-group-content,sidebar-group,sidebar-content,sidebar-inner,sidebar-container,sidebar,sidebar-wrapper
sidebar	collapsible:icon;side:right;variant:inset;item:default;state:collapsed	sidebar	sidebar-menu-sub-button	a	-	true	true	16	28	16	29	false	sidebar-content[xy]	0	-	-	sidebar-menu-sub-item,sidebar-menu-sub,sidebar-menu-item,sidebar-menu,sidebar-group-content,sidebar-group,sidebar-content,sidebar-inner,sidebar-container,sidebar,sidebar-wrapper
sidebar	collapsible:icon;side:right;variant:inset;item:default;state:collapsed	sidebar	sidebar-menu-sub-button	a	-	true	true	16	28	16	29	false	sidebar-content[xy]	0	-	-	sidebar-menu-sub-item,sidebar-menu-sub,sidebar-menu-item,sidebar-menu,sidebar-group-content,sidebar-group,sidebar-content,sidebar-inner,sidebar-container,sidebar,sidebar-wrapper
sidebar	collapsible:icon;side:right;variant:inset;item:default;state:collapsed	sidebar	sidebar-rail	button	-	true	true	16	1800	24	319	true	div[xy]	-741	2px×1800px	-	sidebar-inner,sidebar-container,sidebar,sidebar-wrapper
sidebar	collapsible:icon;side:right;variant:inset;item:default;state:collapsed	sidebar	sidebar-trigger	button	-	true	true	32	32	32	33	true	div[xy]	16	-	-	sidebar-inset,sidebar-wrapper
sidebar	collapsible:icon;side:right;variant:inset;item:default;state:collapsed	-	-	button	-	false	true	0	0	-	-	-	-	-	-	not-rendered	-
sidebar	collapsible:icon;side:right;variant:inset;item:default;state:collapsed	-	-	button	-	false	true	0	0	-	-	-	-	-	-	not-rendered	-
sidebar	collapsible:icon;side:right;variant:inset;item:default;state:collapsed	-	-	button	-	false	true	0	0	-	-	-	-	-	-	not-rendered	-
sidebar	collapsible:icon;side:right;variant:inset;item:default;state:collapsed	-	-	a	-	false	true	0	0	-	-	-	-	-	-	not-rendered	-
sidebar	collapsible:icon;side:right;variant:inset;item:default;state:collapsed	-	-	a	-	false	true	0	0	-	-	-	-	-	-	not-rendered	-
sidebar	collapsible:icon;side:right;variant:inset;item:default;state:collapsed	-	-	a	-	false	true	0	0	-	-	-	-	-	-	not-rendered	-
sidebar	collapsible:icon;side:right;variant:inset;item:default;state:collapsed	-	-	a	-	false	true	0	0	-	-	-	-	-	-	not-rendered	-
sidebar	collapsible:icon;side:right;variant:inset;item:active;state:expanded	sidebar	sidebar-group-action	button	-	true	true	20	24	24	25	true	sidebar-content[xy]	20	24px×24px	-	sidebar-group,sidebar-content,sidebar-inner,sidebar-container,sidebar,sidebar-wrapper
sidebar	collapsible:icon;side:right;variant:inset;item:active;state:expanded	sidebar	sidebar-menu-button	button	-	true	true	208	32	208	32	true	sidebar-content[xy]	16	-	-	sidebar-menu-item,sidebar-menu,sidebar-group-content,sidebar-group,sidebar-content,sidebar-inner,sidebar-container,sidebar,sidebar-wrapper
sidebar	collapsible:icon;side:right;variant:inset;item:active;state:expanded	sidebar	sidebar-menu-button	button	-	true	true	208	28	182	28	true	sidebar-content[xy]	16	-	-	sidebar-menu-item,sidebar-menu,sidebar-group-content,sidebar-group,sidebar-content,sidebar-inner,sidebar-container,sidebar,sidebar-wrapper
sidebar	collapsible:icon;side:right;variant:inset;item:active;state:expanded	sidebar	sidebar-menu-action	button	-	true	true	20	22.4	24	25	true	sidebar-content[xy]	20	24px×23.9844px	-	sidebar-menu-item,sidebar-menu,sidebar-group-content,sidebar-group,sidebar-content,sidebar-inner,sidebar-container,sidebar,sidebar-wrapper
sidebar	collapsible:icon;side:right;variant:inset;item:active;state:expanded	sidebar	sidebar-menu-sub-button	a	-	true	true	159	28	159	28	true	sidebar-content[xy]	40	-	-	sidebar-menu-sub-item,sidebar-menu-sub,sidebar-menu-item,sidebar-menu,sidebar-group-content,sidebar-group,sidebar-content,sidebar-inner,sidebar-container,sidebar,sidebar-wrapper
sidebar	collapsible:icon;side:right;variant:inset;item:active;state:expanded	sidebar	sidebar-menu-sub-button	a	-	true	true	159	28	159	28	true	sidebar-content[xy]	40	-	-	sidebar-menu-sub-item,sidebar-menu-sub,sidebar-menu-item,sidebar-menu,sidebar-group-content,sidebar-group,sidebar-content,sidebar-inner,sidebar-container,sidebar,sidebar-wrapper
sidebar	collapsible:icon;side:right;variant:inset;item:active;state:expanded	sidebar	sidebar-rail	button	-	true	true	16	1800	24	319	true	div[xy]	-741	2px×1800px	-	sidebar-inner,sidebar-container,sidebar,sidebar-wrapper
sidebar	collapsible:icon;side:right;variant:inset;item:active;state:expanded	sidebar	sidebar-trigger	button	-	true	true	32	32	32	33	true	div[xy]	16	-	-	sidebar-inset,sidebar-wrapper
sidebar	collapsible:icon;side:right;variant:inset;item:active;state:expanded	-	-	button	-	false	true	0	0	-	-	-	-	-	-	not-rendered	-
sidebar	collapsible:icon;side:right;variant:inset;item:active;state:expanded	-	-	button	-	false	true	0	0	-	-	-	-	-	-	not-rendered	-
sidebar	collapsible:icon;side:right;variant:inset;item:active;state:expanded	-	-	button	-	false	true	0	0	-	-	-	-	-	-	not-rendered	-
sidebar	collapsible:icon;side:right;variant:inset;item:active;state:expanded	-	-	a	-	false	true	0	0	-	-	-	-	-	-	not-rendered	-
sidebar	collapsible:icon;side:right;variant:inset;item:active;state:expanded	-	-	a	-	false	true	0	0	-	-	-	-	-	-	not-rendered	-
sidebar	collapsible:icon;side:right;variant:inset;item:active;state:expanded	-	-	a	-	false	true	0	0	-	-	-	-	-	-	not-rendered	-
sidebar	collapsible:icon;side:right;variant:inset;item:active;state:expanded	-	-	a	-	false	true	0	0	-	-	-	-	-	-	not-rendered	-
sidebar	collapsible:icon;side:right;variant:inset;item:active;state:collapsed	sidebar	sidebar-group-action	button	-	true	true	20	24	2	25	false	sidebar-content[xy]	-8	24px×24px	center-miss	sidebar-group,sidebar-content,sidebar-inner,sidebar-container,sidebar,sidebar-wrapper
sidebar	collapsible:icon;side:right;variant:inset;item:active;state:collapsed	sidebar	sidebar-menu-button	button	-	true	true	16	32	12	33	false	sidebar-content[xy]	8	-	-	sidebar-menu-item,sidebar-menu,sidebar-group-content,sidebar-group,sidebar-content,sidebar-inner,sidebar-container,sidebar,sidebar-wrapper
sidebar	collapsible:icon;side:right;variant:inset;item:active;state:collapsed	sidebar	sidebar-menu-button	button	-	true	true	16	28	12	29	false	sidebar-content[xy]	8	-	-	sidebar-menu-item,sidebar-menu,sidebar-group-content,sidebar-group,sidebar-content,sidebar-inner,sidebar-container,sidebar,sidebar-wrapper
sidebar	collapsible:icon;side:right;variant:inset;item:active;state:collapsed	sidebar	sidebar-menu-action	button	-	true	true	20	22.4	2	25	false	sidebar-content[xy]	-8	24px×23.9844px	center-miss	sidebar-menu-item,sidebar-menu,sidebar-group-content,sidebar-group,sidebar-content,sidebar-inner,sidebar-container,sidebar,sidebar-wrapper
sidebar	collapsible:icon;side:right;variant:inset;item:active;state:collapsed	sidebar	sidebar-menu-sub-button	a	-	true	true	16	28	16	29	false	sidebar-content[xy]	0	-	-	sidebar-menu-sub-item,sidebar-menu-sub,sidebar-menu-item,sidebar-menu,sidebar-group-content,sidebar-group,sidebar-content,sidebar-inner,sidebar-container,sidebar,sidebar-wrapper
sidebar	collapsible:icon;side:right;variant:inset;item:active;state:collapsed	sidebar	sidebar-menu-sub-button	a	-	true	true	16	28	16	29	false	sidebar-content[xy]	0	-	-	sidebar-menu-sub-item,sidebar-menu-sub,sidebar-menu-item,sidebar-menu,sidebar-group-content,sidebar-group,sidebar-content,sidebar-inner,sidebar-container,sidebar,sidebar-wrapper
sidebar	collapsible:icon;side:right;variant:inset;item:active;state:collapsed	sidebar	sidebar-rail	button	-	true	true	16	1800	24	319	true	div[xy]	-741	2px×1800px	-	sidebar-inner,sidebar-container,sidebar,sidebar-wrapper
sidebar	collapsible:icon;side:right;variant:inset;item:active;state:collapsed	sidebar	sidebar-trigger	button	-	true	true	32	32	32	33	true	div[xy]	16	-	-	sidebar-inset,sidebar-wrapper
sidebar	collapsible:icon;side:right;variant:inset;item:active;state:collapsed	-	-	button	-	false	true	0	0	-	-	-	-	-	-	not-rendered	-
sidebar	collapsible:icon;side:right;variant:inset;item:active;state:collapsed	-	-	button	-	false	true	0	0	-	-	-	-	-	-	not-rendered	-
sidebar	collapsible:icon;side:right;variant:inset;item:active;state:collapsed	-	-	button	-	false	true	0	0	-	-	-	-	-	-	not-rendered	-
sidebar	collapsible:icon;side:right;variant:inset;item:active;state:collapsed	-	-	a	-	false	true	0	0	-	-	-	-	-	-	not-rendered	-
sidebar	collapsible:icon;side:right;variant:inset;item:active;state:collapsed	-	-	a	-	false	true	0	0	-	-	-	-	-	-	not-rendered	-
sidebar	collapsible:icon;side:right;variant:inset;item:active;state:collapsed	-	-	a	-	false	true	0	0	-	-	-	-	-	-	not-rendered	-
sidebar	collapsible:icon;side:right;variant:inset;item:active;state:collapsed	-	-	a	-	false	true	0	0	-	-	-	-	-	-	not-rendered	-
skeleton	-	-	-	button	-	false	true	0	0	-	-	-	-	-	-	not-rendered	-
skeleton	-	-	-	button	-	false	true	0	0	-	-	-	-	-	-	not-rendered	-
skeleton	-	-	-	button	-	false	true	0	0	-	-	-	-	-	-	not-rendered	-
skeleton	-	-	-	a	-	false	true	0	0	-	-	-	-	-	-	not-rendered	-
skeleton	-	-	-	a	-	false	true	0	0	-	-	-	-	-	-	not-rendered	-
skeleton	-	-	-	a	-	false	true	0	0	-	-	-	-	-	-	not-rendered	-
skeleton	-	-	-	a	-	false	true	0	0	-	-	-	-	-	-	not-rendered	-
slider	orientation:horizontal;size:sm;value:single	slider	slider-track	span	-	true	false	384	4	216	5	false	-	-	-	-	slider
slider	orientation:horizontal;size:sm;value:single	slider	slider-thumb	span	slider	true	true	14	14	26	27	true	-	-	26px×26px	-	slider
slider	orientation:horizontal;size:sm;value:single	-	-	button	-	false	true	0	0	-	-	-	-	-	-	not-rendered	-
slider	orientation:horizontal;size:sm;value:single	-	-	button	-	false	true	0	0	-	-	-	-	-	-	not-rendered	-
slider	orientation:horizontal;size:sm;value:single	-	-	button	-	false	true	0	0	-	-	-	-	-	-	not-rendered	-
slider	orientation:horizontal;size:sm;value:single	-	-	a	-	false	true	0	0	-	-	-	-	-	-	not-rendered	-
slider	orientation:horizontal;size:sm;value:single	-	-	a	-	false	true	0	0	-	-	-	-	-	-	not-rendered	-
slider	orientation:horizontal;size:sm;value:single	-	-	a	-	false	true	0	0	-	-	-	-	-	-	not-rendered	-
slider	orientation:horizontal;size:sm;value:single	-	-	a	-	false	true	0	0	-	-	-	-	-	-	not-rendered	-
slider	orientation:horizontal;size:sm;value:range	slider	slider-track	span	-	true	false	384	4	159	5	false	-	-	-	-	slider
slider	orientation:horizontal;size:sm;value:range	slider	slider-thumb	span	slider	true	true	14	14	26	27	true	-	-	26px×26px	-	slider
slider	orientation:horizontal;size:sm;value:range	slider	slider-thumb	span	slider	true	true	14	14	26	27	true	-	-	26px×26px	-	slider
slider	orientation:horizontal;size:sm;value:range	-	-	button	-	false	true	0	0	-	-	-	-	-	-	not-rendered	-
slider	orientation:horizontal;size:sm;value:range	-	-	button	-	false	true	0	0	-	-	-	-	-	-	not-rendered	-
slider	orientation:horizontal;size:sm;value:range	-	-	button	-	false	true	0	0	-	-	-	-	-	-	not-rendered	-
slider	orientation:horizontal;size:sm;value:range	-	-	a	-	false	true	0	0	-	-	-	-	-	-	not-rendered	-
slider	orientation:horizontal;size:sm;value:range	-	-	a	-	false	true	0	0	-	-	-	-	-	-	not-rendered	-
slider	orientation:horizontal;size:sm;value:range	-	-	a	-	false	true	0	0	-	-	-	-	-	-	not-rendered	-
slider	orientation:horizontal;size:sm;value:range	-	-	a	-	false	true	0	0	-	-	-	-	-	-	not-rendered	-
slider	orientation:horizontal;size:default;value:single	slider	slider-track	span	-	true	false	384	6	215	7	false	-	-	-	-	slider
slider	orientation:horizontal;size:default;value:single	slider	slider-thumb	span	slider	true	true	16	16	27	27	true	-	-	26px×26px	-	slider
slider	orientation:horizontal;size:default;value:single	-	-	button	-	false	true	0	0	-	-	-	-	-	-	not-rendered	-
slider	orientation:horizontal;size:default;value:single	-	-	button	-	false	true	0	0	-	-	-	-	-	-	not-rendered	-
slider	orientation:horizontal;size:default;value:single	-	-	button	-	false	true	0	0	-	-	-	-	-	-	not-rendered	-
slider	orientation:horizontal;size:default;value:single	-	-	a	-	false	true	0	0	-	-	-	-	-	-	not-rendered	-
slider	orientation:horizontal;size:default;value:single	-	-	a	-	false	true	0	0	-	-	-	-	-	-	not-rendered	-
slider	orientation:horizontal;size:default;value:single	-	-	a	-	false	true	0	0	-	-	-	-	-	-	not-rendered	-
slider	orientation:horizontal;size:default;value:single	-	-	a	-	false	true	0	0	-	-	-	-	-	-	not-rendered	-
slider	orientation:horizontal;size:default;value:range	slider	slider-track	span	-	true	false	384	6	157	7	false	-	-	-	-	slider
slider	orientation:horizontal;size:default;value:range	slider	slider-thumb	span	slider	true	true	16	16	27	27	true	-	-	26px×26px	-	slider
slider	orientation:horizontal;size:default;value:range	slider	slider-thumb	span	slider	true	true	16	16	27	27	true	-	-	26px×26px	-	slider
slider	orientation:horizontal;size:default;value:range	-	-	button	-	false	true	0	0	-	-	-	-	-	-	not-rendered	-
slider	orientation:horizontal;size:default;value:range	-	-	button	-	false	true	0	0	-	-	-	-	-	-	not-rendered	-
slider	orientation:horizontal;size:default;value:range	-	-	button	-	false	true	0	0	-	-	-	-	-	-	not-rendered	-
slider	orientation:horizontal;size:default;value:range	-	-	a	-	false	true	0	0	-	-	-	-	-	-	not-rendered	-
slider	orientation:horizontal;size:default;value:range	-	-	a	-	false	true	0	0	-	-	-	-	-	-	not-rendered	-
slider	orientation:horizontal;size:default;value:range	-	-	a	-	false	true	0	0	-	-	-	-	-	-	not-rendered	-
slider	orientation:horizontal;size:default;value:range	-	-	a	-	false	true	0	0	-	-	-	-	-	-	not-rendered	-
slider	orientation:horizontal;size:lg;value:single	slider	slider-track	span	-	true	false	384	8	215	9	false	-	-	-	-	slider
slider	orientation:horizontal;size:lg;value:single	slider	slider-thumb	span	slider	true	true	20	20	27	27	true	-	-	26px×26px	-	slider
slider	orientation:horizontal;size:lg;value:single	-	-	button	-	false	true	0	0	-	-	-	-	-	-	not-rendered	-
slider	orientation:horizontal;size:lg;value:single	-	-	button	-	false	true	0	0	-	-	-	-	-	-	not-rendered	-
slider	orientation:horizontal;size:lg;value:single	-	-	button	-	false	true	0	0	-	-	-	-	-	-	not-rendered	-
slider	orientation:horizontal;size:lg;value:single	-	-	a	-	false	true	0	0	-	-	-	-	-	-	not-rendered	-
slider	orientation:horizontal;size:lg;value:single	-	-	a	-	false	true	0	0	-	-	-	-	-	-	not-rendered	-
slider	orientation:horizontal;size:lg;value:single	-	-	a	-	false	true	0	0	-	-	-	-	-	-	not-rendered	-
slider	orientation:horizontal;size:lg;value:single	-	-	a	-	false	true	0	0	-	-	-	-	-	-	not-rendered	-
slider	orientation:horizontal;size:lg;value:range	slider	slider-track	span	-	true	false	384	8	155	9	false	-	-	-	-	slider
slider	orientation:horizontal;size:lg;value:range	slider	slider-thumb	span	slider	true	true	20	20	27	27	true	-	-	26px×26px	-	slider
slider	orientation:horizontal;size:lg;value:range	slider	slider-thumb	span	slider	true	true	20	20	27	27	true	-	-	26px×26px	-	slider
slider	orientation:horizontal;size:lg;value:range	-	-	button	-	false	true	0	0	-	-	-	-	-	-	not-rendered	-
slider	orientation:horizontal;size:lg;value:range	-	-	button	-	false	true	0	0	-	-	-	-	-	-	not-rendered	-
slider	orientation:horizontal;size:lg;value:range	-	-	button	-	false	true	0	0	-	-	-	-	-	-	not-rendered	-
slider	orientation:horizontal;size:lg;value:range	-	-	a	-	false	true	0	0	-	-	-	-	-	-	not-rendered	-
slider	orientation:horizontal;size:lg;value:range	-	-	a	-	false	true	0	0	-	-	-	-	-	-	not-rendered	-
slider	orientation:horizontal;size:lg;value:range	-	-	a	-	false	true	0	0	-	-	-	-	-	-	not-rendered	-
slider	orientation:horizontal;size:lg;value:range	-	-	a	-	false	true	0	0	-	-	-	-	-	-	not-rendered	-
slider	orientation:vertical;size:sm;value:single	slider	slider-track	span	-	true	false	4	176	4	92	false	-	-	-	-	slider
slider	orientation:vertical;size:sm;value:single	slider	slider-thumb	span	slider	true	true	14	14	26	27	true	-	-	26px×26px	-	slider
slider	orientation:vertical;size:sm;value:single	-	-	button	-	false	true	0	0	-	-	-	-	-	-	not-rendered	-
slider	orientation:vertical;size:sm;value:single	-	-	button	-	false	true	0	0	-	-	-	-	-	-	not-rendered	-
slider	orientation:vertical;size:sm;value:single	-	-	button	-	false	true	0	0	-	-	-	-	-	-	not-rendered	-
slider	orientation:vertical;size:sm;value:single	-	-	a	-	false	true	0	0	-	-	-	-	-	-	not-rendered	-
slider	orientation:vertical;size:sm;value:single	-	-	a	-	false	true	0	0	-	-	-	-	-	-	not-rendered	-
slider	orientation:vertical;size:sm;value:single	-	-	a	-	false	true	0	0	-	-	-	-	-	-	not-rendered	-
slider	orientation:vertical;size:sm;value:single	-	-	a	-	false	true	0	0	-	-	-	-	-	-	not-rendered	-
slider	orientation:vertical;size:sm;value:range	slider	slider-track	span	-	true	false	4	176	4	54	false	-	-	-	-	slider
slider	orientation:vertical;size:sm;value:range	slider	slider-thumb	span	slider	true	true	14	14	26	27	true	-	-	26px×26px	-	slider
slider	orientation:vertical;size:sm;value:range	slider	slider-thumb	span	slider	true	true	14	14	26	27	true	-	-	26px×26px	-	slider
slider	orientation:vertical;size:sm;value:range	-	-	button	-	false	true	0	0	-	-	-	-	-	-	not-rendered	-
slider	orientation:vertical;size:sm;value:range	-	-	button	-	false	true	0	0	-	-	-	-	-	-	not-rendered	-
slider	orientation:vertical;size:sm;value:range	-	-	button	-	false	true	0	0	-	-	-	-	-	-	not-rendered	-
slider	orientation:vertical;size:sm;value:range	-	-	a	-	false	true	0	0	-	-	-	-	-	-	not-rendered	-
slider	orientation:vertical;size:sm;value:range	-	-	a	-	false	true	0	0	-	-	-	-	-	-	not-rendered	-
slider	orientation:vertical;size:sm;value:range	-	-	a	-	false	true	0	0	-	-	-	-	-	-	not-rendered	-
slider	orientation:vertical;size:sm;value:range	-	-	a	-	false	true	0	0	-	-	-	-	-	-	not-rendered	-
slider	orientation:vertical;size:default;value:single	slider	slider-track	span	-	true	false	6	176	6	91	false	-	-	-	-	slider
slider	orientation:vertical;size:default;value:single	slider	slider-thumb	span	slider	true	true	16	16	26	27	true	-	-	26px×26px	-	slider
slider	orientation:vertical;size:default;value:single	-	-	button	-	false	true	0	0	-	-	-	-	-	-	not-rendered	-
slider	orientation:vertical;size:default;value:single	-	-	button	-	false	true	0	0	-	-	-	-	-	-	not-rendered	-
slider	orientation:vertical;size:default;value:single	-	-	button	-	false	true	0	0	-	-	-	-	-	-	not-rendered	-
slider	orientation:vertical;size:default;value:single	-	-	a	-	false	true	0	0	-	-	-	-	-	-	not-rendered	-
slider	orientation:vertical;size:default;value:single	-	-	a	-	false	true	0	0	-	-	-	-	-	-	not-rendered	-
slider	orientation:vertical;size:default;value:single	-	-	a	-	false	true	0	0	-	-	-	-	-	-	not-rendered	-
slider	orientation:vertical;size:default;value:single	-	-	a	-	false	true	0	0	-	-	-	-	-	-	not-rendered	-
slider	orientation:vertical;size:default;value:range	slider	slider-track	span	-	true	false	6	176	6	53	false	-	-	-	-	slider
slider	orientation:vertical;size:default;value:range	slider	slider-thumb	span	slider	true	true	16	16	26	27	true	-	-	26px×26px	-	slider
slider	orientation:vertical;size:default;value:range	slider	slider-thumb	span	slider	true	true	16	16	26	27	true	-	-	26px×26px	-	slider
slider	orientation:vertical;size:default;value:range	-	-	button	-	false	true	0	0	-	-	-	-	-	-	not-rendered	-
slider	orientation:vertical;size:default;value:range	-	-	button	-	false	true	0	0	-	-	-	-	-	-	not-rendered	-
slider	orientation:vertical;size:default;value:range	-	-	button	-	false	true	0	0	-	-	-	-	-	-	not-rendered	-
slider	orientation:vertical;size:default;value:range	-	-	a	-	false	true	0	0	-	-	-	-	-	-	not-rendered	-
slider	orientation:vertical;size:default;value:range	-	-	a	-	false	true	0	0	-	-	-	-	-	-	not-rendered	-
slider	orientation:vertical;size:default;value:range	-	-	a	-	false	true	0	0	-	-	-	-	-	-	not-rendered	-
slider	orientation:vertical;size:default;value:range	-	-	a	-	false	true	0	0	-	-	-	-	-	-	not-rendered	-
slider	orientation:vertical;size:lg;value:single	slider	slider-track	span	-	true	false	8	176	8	91	false	-	-	-	-	slider
slider	orientation:vertical;size:lg;value:single	slider	slider-thumb	span	slider	true	true	20	20	26	27	true	-	-	26px×26px	-	slider
slider	orientation:vertical;size:lg;value:single	-	-	button	-	false	true	0	0	-	-	-	-	-	-	not-rendered	-
slider	orientation:vertical;size:lg;value:single	-	-	button	-	false	true	0	0	-	-	-	-	-	-	not-rendered	-
slider	orientation:vertical;size:lg;value:single	-	-	button	-	false	true	0	0	-	-	-	-	-	-	not-rendered	-
slider	orientation:vertical;size:lg;value:single	-	-	a	-	false	true	0	0	-	-	-	-	-	-	not-rendered	-
slider	orientation:vertical;size:lg;value:single	-	-	a	-	false	true	0	0	-	-	-	-	-	-	not-rendered	-
slider	orientation:vertical;size:lg;value:single	-	-	a	-	false	true	0	0	-	-	-	-	-	-	not-rendered	-
slider	orientation:vertical;size:lg;value:single	-	-	a	-	false	true	0	0	-	-	-	-	-	-	not-rendered	-
slider	orientation:vertical;size:lg;value:range	slider	slider-track	span	-	true	false	8	176	8	51	false	-	-	-	-	slider
slider	orientation:vertical;size:lg;value:range	slider	slider-thumb	span	slider	true	true	20	20	26	27	true	-	-	26px×26px	-	slider
slider	orientation:vertical;size:lg;value:range	slider	slider-thumb	span	slider	true	true	20	20	26	27	true	-	-	26px×26px	-	slider
slider	orientation:vertical;size:lg;value:range	-	-	button	-	false	true	0	0	-	-	-	-	-	-	not-rendered	-
slider	orientation:vertical;size:lg;value:range	-	-	button	-	false	true	0	0	-	-	-	-	-	-	not-rendered	-
slider	orientation:vertical;size:lg;value:range	-	-	button	-	false	true	0	0	-	-	-	-	-	-	not-rendered	-
slider	orientation:vertical;size:lg;value:range	-	-	a	-	false	true	0	0	-	-	-	-	-	-	not-rendered	-
slider	orientation:vertical;size:lg;value:range	-	-	a	-	false	true	0	0	-	-	-	-	-	-	not-rendered	-
slider	orientation:vertical;size:lg;value:range	-	-	a	-	false	true	0	0	-	-	-	-	-	-	not-rendered	-
slider	orientation:vertical;size:lg;value:range	-	-	a	-	false	true	0	0	-	-	-	-	-	-	not-rendered	-
spinner	size:sm	-	-	button	-	false	true	0	0	-	-	-	-	-	-	not-rendered	-
spinner	size:sm	-	-	button	-	false	true	0	0	-	-	-	-	-	-	not-rendered	-
spinner	size:sm	-	-	button	-	false	true	0	0	-	-	-	-	-	-	not-rendered	-
spinner	size:sm	-	-	a	-	false	true	0	0	-	-	-	-	-	-	not-rendered	-
spinner	size:sm	-	-	a	-	false	true	0	0	-	-	-	-	-	-	not-rendered	-
spinner	size:sm	-	-	a	-	false	true	0	0	-	-	-	-	-	-	not-rendered	-
spinner	size:sm	-	-	a	-	false	true	0	0	-	-	-	-	-	-	not-rendered	-
spinner	size:default	-	-	button	-	false	true	0	0	-	-	-	-	-	-	not-rendered	-
spinner	size:default	-	-	button	-	false	true	0	0	-	-	-	-	-	-	not-rendered	-
spinner	size:default	-	-	button	-	false	true	0	0	-	-	-	-	-	-	not-rendered	-
spinner	size:default	-	-	a	-	false	true	0	0	-	-	-	-	-	-	not-rendered	-
spinner	size:default	-	-	a	-	false	true	0	0	-	-	-	-	-	-	not-rendered	-
spinner	size:default	-	-	a	-	false	true	0	0	-	-	-	-	-	-	not-rendered	-
spinner	size:default	-	-	a	-	false	true	0	0	-	-	-	-	-	-	not-rendered	-
spinner	size:lg	-	-	button	-	false	true	0	0	-	-	-	-	-	-	not-rendered	-
spinner	size:lg	-	-	button	-	false	true	0	0	-	-	-	-	-	-	not-rendered	-
spinner	size:lg	-	-	button	-	false	true	0	0	-	-	-	-	-	-	not-rendered	-
spinner	size:lg	-	-	a	-	false	true	0	0	-	-	-	-	-	-	not-rendered	-
spinner	size:lg	-	-	a	-	false	true	0	0	-	-	-	-	-	-	not-rendered	-
spinner	size:lg	-	-	a	-	false	true	0	0	-	-	-	-	-	-	not-rendered	-
spinner	size:lg	-	-	a	-	false	true	0	0	-	-	-	-	-	-	not-rendered	-
switch	size:sm;checked:unchecked	switch	switch	button	switch	true	true	28	16	28	25	true	-	-	26px×24px	-	-
switch	size:sm;checked:unchecked	switch	switch-thumb	span	-	true	false	12	12	0	0	false	-	-	-	pointer-events:none,no-hit-point	switch
switch	size:sm;checked:unchecked	label	label	label	-	true	true	91.5	14	92	16	false	-	-	-	-	-
switch	size:sm;checked:unchecked	-	-	button	-	false	true	0	0	-	-	-	-	-	-	not-rendered	-
switch	size:sm;checked:unchecked	-	-	button	-	false	true	0	0	-	-	-	-	-	-	not-rendered	-
switch	size:sm;checked:unchecked	-	-	button	-	false	true	0	0	-	-	-	-	-	-	not-rendered	-
switch	size:sm;checked:unchecked	-	-	a	-	false	true	0	0	-	-	-	-	-	-	not-rendered	-
switch	size:sm;checked:unchecked	-	-	a	-	false	true	0	0	-	-	-	-	-	-	not-rendered	-
switch	size:sm;checked:unchecked	-	-	a	-	false	true	0	0	-	-	-	-	-	-	not-rendered	-
switch	size:sm;checked:unchecked	-	-	a	-	false	true	0	0	-	-	-	-	-	-	not-rendered	-
switch	size:sm;checked:checked	switch	switch	button	switch	true	true	28	16	28	25	true	-	-	26px×24px	-	-
switch	size:sm;checked:checked	switch	switch-thumb	span	-	true	false	12	12	0	0	false	-	-	-	pointer-events:none,no-hit-point	switch
switch	size:sm;checked:checked	label	label	label	-	true	true	91.5	14	92	16	false	-	-	-	-	-
switch	size:sm;checked:checked	-	-	button	-	false	true	0	0	-	-	-	-	-	-	not-rendered	-
switch	size:sm;checked:checked	-	-	button	-	false	true	0	0	-	-	-	-	-	-	not-rendered	-
switch	size:sm;checked:checked	-	-	button	-	false	true	0	0	-	-	-	-	-	-	not-rendered	-
switch	size:sm;checked:checked	-	-	a	-	false	true	0	0	-	-	-	-	-	-	not-rendered	-
switch	size:sm;checked:checked	-	-	a	-	false	true	0	0	-	-	-	-	-	-	not-rendered	-
switch	size:sm;checked:checked	-	-	a	-	false	true	0	0	-	-	-	-	-	-	not-rendered	-
switch	size:sm;checked:checked	-	-	a	-	false	true	0	0	-	-	-	-	-	-	not-rendered	-
switch	size:default;checked:unchecked	switch	switch	button	switch	true	true	36	20	36	25	true	-	-	34px×24px	-	-
switch	size:default;checked:unchecked	switch	switch-thumb	span	-	true	false	16	16	0	0	false	-	-	-	pointer-events:none,no-hit-point	switch
switch	size:default;checked:unchecked	label	label	label	-	true	true	91.5	14	92	16	false	-	-	-	-	-
switch	size:default;checked:unchecked	-	-	button	-	false	true	0	0	-	-	-	-	-	-	not-rendered	-
switch	size:default;checked:unchecked	-	-	button	-	false	true	0	0	-	-	-	-	-	-	not-rendered	-
switch	size:default;checked:unchecked	-	-	button	-	false	true	0	0	-	-	-	-	-	-	not-rendered	-
switch	size:default;checked:unchecked	-	-	a	-	false	true	0	0	-	-	-	-	-	-	not-rendered	-
switch	size:default;checked:unchecked	-	-	a	-	false	true	0	0	-	-	-	-	-	-	not-rendered	-
switch	size:default;checked:unchecked	-	-	a	-	false	true	0	0	-	-	-	-	-	-	not-rendered	-
switch	size:default;checked:unchecked	-	-	a	-	false	true	0	0	-	-	-	-	-	-	not-rendered	-
switch	size:default;checked:checked	switch	switch	button	switch	true	true	36	20	36	25	true	-	-	34px×24px	-	-
switch	size:default;checked:checked	switch	switch-thumb	span	-	true	false	16	16	0	0	false	-	-	-	pointer-events:none,no-hit-point	switch
switch	size:default;checked:checked	label	label	label	-	true	true	91.5	14	92	16	false	-	-	-	-	-
switch	size:default;checked:checked	-	-	button	-	false	true	0	0	-	-	-	-	-	-	not-rendered	-
switch	size:default;checked:checked	-	-	button	-	false	true	0	0	-	-	-	-	-	-	not-rendered	-
switch	size:default;checked:checked	-	-	button	-	false	true	0	0	-	-	-	-	-	-	not-rendered	-
switch	size:default;checked:checked	-	-	a	-	false	true	0	0	-	-	-	-	-	-	not-rendered	-
switch	size:default;checked:checked	-	-	a	-	false	true	0	0	-	-	-	-	-	-	not-rendered	-
switch	size:default;checked:checked	-	-	a	-	false	true	0	0	-	-	-	-	-	-	not-rendered	-
switch	size:default;checked:checked	-	-	a	-	false	true	0	0	-	-	-	-	-	-	not-rendered	-
table	row:default	-	-	button	-	false	true	0	0	-	-	-	-	-	-	not-rendered	-
table	row:default	-	-	button	-	false	true	0	0	-	-	-	-	-	-	not-rendered	-
table	row:default	-	-	button	-	false	true	0	0	-	-	-	-	-	-	not-rendered	-
table	row:default	-	-	a	-	false	true	0	0	-	-	-	-	-	-	not-rendered	-
table	row:default	-	-	a	-	false	true	0	0	-	-	-	-	-	-	not-rendered	-
table	row:default	-	-	a	-	false	true	0	0	-	-	-	-	-	-	not-rendered	-
table	row:default	-	-	a	-	false	true	0	0	-	-	-	-	-	-	not-rendered	-
table	row:selected	-	-	button	-	false	true	0	0	-	-	-	-	-	-	not-rendered	-
table	row:selected	-	-	button	-	false	true	0	0	-	-	-	-	-	-	not-rendered	-
table	row:selected	-	-	button	-	false	true	0	0	-	-	-	-	-	-	not-rendered	-
table	row:selected	-	-	a	-	false	true	0	0	-	-	-	-	-	-	not-rendered	-
table	row:selected	-	-	a	-	false	true	0	0	-	-	-	-	-	-	not-rendered	-
table	row:selected	-	-	a	-	false	true	0	0	-	-	-	-	-	-	not-rendered	-
table	row:selected	-	-	a	-	false	true	0	0	-	-	-	-	-	-	not-rendered	-
tabs	orientation:horizontal;selected:inactive	tabs	tabs-trigger	button	tab	true	true	69.8	29	69	30	true	-	-	-	-	tabs-list,tabs
tabs	orientation:horizontal;selected:inactive	tabs	tabs-trigger	button	tab	true	true	69.8	29	71	30	true	-	-	-	-	tabs-list,tabs
tabs	orientation:horizontal;selected:inactive	tabs	tabs-trigger	button	tab	true	true	67.8	36	68	37	true	-	-	-	-	tabs-list,tabs
tabs	orientation:horizontal;selected:inactive	tabs	tabs-trigger	button	tab	true	true	67.8	36	69	37	true	-	-	-	-	tabs-list,tabs
tabs	orientation:horizontal;selected:inactive	-	-	button	-	false	true	0	0	-	-	-	-	-	-	not-rendered	-
tabs	orientation:horizontal;selected:inactive	-	-	button	-	false	true	0	0	-	-	-	-	-	-	not-rendered	-
tabs	orientation:horizontal;selected:inactive	-	-	button	-	false	true	0	0	-	-	-	-	-	-	not-rendered	-
tabs	orientation:horizontal;selected:inactive	-	-	a	-	false	true	0	0	-	-	-	-	-	-	not-rendered	-
tabs	orientation:horizontal;selected:inactive	-	-	a	-	false	true	0	0	-	-	-	-	-	-	not-rendered	-
tabs	orientation:horizontal;selected:inactive	-	-	a	-	false	true	0	0	-	-	-	-	-	-	not-rendered	-
tabs	orientation:horizontal;selected:inactive	-	-	a	-	false	true	0	0	-	-	-	-	-	-	not-rendered	-
tabs	orientation:horizontal;selected:inactive	-	tabs-list	div	tablist	false	true	145.7	36	146	37	true	-	-	-	-	tabs
tabs	orientation:horizontal;selected:inactive	-	tabs-content	div	tabpanel	false	true	512	24	512	25	true	-	-	-	-	tabs
tabs	orientation:horizontal;selected:inactive	-	tabs-content	div	tabpanel	false	true	0	0	-	-	-	-	-	-	not-rendered	tabs
tabs	orientation:horizontal;selected:inactive	-	tabs-list	div	tablist	false	true	151.7	36	152	37	true	-	-	-	-	tabs
tabs	orientation:horizontal;selected:inactive	-	tabs-content	div	tabpanel	false	true	512	24	512	25	true	-	-	-	-	tabs
tabs	orientation:horizontal;selected:inactive	-	tabs-content	div	tabpanel	false	true	0	0	-	-	-	-	-	-	not-rendered	tabs
tabs	orientation:horizontal;selected:active	tabs	tabs-trigger	button	tab	true	true	69.8	29	69	30	true	-	-	-	-	tabs-list,tabs
tabs	orientation:horizontal;selected:active	tabs	tabs-trigger	button	tab	true	true	69.8	29	71	30	true	-	-	-	-	tabs-list,tabs
tabs	orientation:horizontal;selected:active	tabs	tabs-trigger	button	tab	true	true	67.8	36	68	37	true	-	-	-	-	tabs-list,tabs
tabs	orientation:horizontal;selected:active	tabs	tabs-trigger	button	tab	true	true	67.8	36	69	37	true	-	-	-	-	tabs-list,tabs
tabs	orientation:horizontal;selected:active	-	-	button	-	false	true	0	0	-	-	-	-	-	-	not-rendered	-
tabs	orientation:horizontal;selected:active	-	-	button	-	false	true	0	0	-	-	-	-	-	-	not-rendered	-
tabs	orientation:horizontal;selected:active	-	-	button	-	false	true	0	0	-	-	-	-	-	-	not-rendered	-
tabs	orientation:horizontal;selected:active	-	-	a	-	false	true	0	0	-	-	-	-	-	-	not-rendered	-
tabs	orientation:horizontal;selected:active	-	-	a	-	false	true	0	0	-	-	-	-	-	-	not-rendered	-
tabs	orientation:horizontal;selected:active	-	-	a	-	false	true	0	0	-	-	-	-	-	-	not-rendered	-
tabs	orientation:horizontal;selected:active	-	-	a	-	false	true	0	0	-	-	-	-	-	-	not-rendered	-
tabs	orientation:horizontal;selected:active	-	tabs-list	div	tablist	false	true	145.7	36	146	37	true	-	-	-	-	tabs
tabs	orientation:horizontal;selected:active	-	tabs-content	div	tabpanel	false	true	0	0	-	-	-	-	-	-	not-rendered	tabs
tabs	orientation:horizontal;selected:active	-	tabs-content	div	tabpanel	false	true	512	24	512	25	true	-	-	-	-	tabs
tabs	orientation:horizontal;selected:active	-	tabs-list	div	tablist	false	true	151.7	36	152	37	true	-	-	-	-	tabs
tabs	orientation:horizontal;selected:active	-	tabs-content	div	tabpanel	false	true	0	0	-	-	-	-	-	-	not-rendered	tabs
tabs	orientation:horizontal;selected:active	-	tabs-content	div	tabpanel	false	true	512	24	512	25	true	-	-	-	-	tabs
tabs	orientation:vertical;selected:inactive	tabs	tabs-trigger	button	tab	true	true	69.8	29	69	30	true	-	-	-	-	tabs-list,tabs
tabs	orientation:vertical;selected:inactive	tabs	tabs-trigger	button	tab	true	true	69.8	29	71	30	true	-	-	-	-	tabs-list,tabs
tabs	orientation:vertical;selected:inactive	tabs	tabs-trigger	button	tab	true	true	67.8	36	68	37	true	-	-	-	-	tabs-list,tabs
tabs	orientation:vertical;selected:inactive	tabs	tabs-trigger	button	tab	true	true	67.8	36	69	37	true	-	-	-	-	tabs-list,tabs
tabs	orientation:vertical;selected:inactive	-	-	button	-	false	true	0	0	-	-	-	-	-	-	not-rendered	-
tabs	orientation:vertical;selected:inactive	-	-	button	-	false	true	0	0	-	-	-	-	-	-	not-rendered	-
tabs	orientation:vertical;selected:inactive	-	-	button	-	false	true	0	0	-	-	-	-	-	-	not-rendered	-
tabs	orientation:vertical;selected:inactive	-	-	a	-	false	true	0	0	-	-	-	-	-	-	not-rendered	-
tabs	orientation:vertical;selected:inactive	-	-	a	-	false	true	0	0	-	-	-	-	-	-	not-rendered	-
tabs	orientation:vertical;selected:inactive	-	-	a	-	false	true	0	0	-	-	-	-	-	-	not-rendered	-
tabs	orientation:vertical;selected:inactive	-	-	a	-	false	true	0	0	-	-	-	-	-	-	not-rendered	-
tabs	orientation:vertical;selected:inactive	-	tabs-list	div	tablist	false	true	145.7	36	146	37	true	-	-	-	-	tabs
tabs	orientation:vertical;selected:inactive	-	tabs-content	div	tabpanel	false	true	350.3	36	351	37	true	-	-	-	-	tabs
tabs	orientation:vertical;selected:inactive	-	tabs-content	div	tabpanel	false	true	0	0	-	-	-	-	-	-	not-rendered	tabs
tabs	orientation:vertical;selected:inactive	-	tabs-list	div	tablist	false	true	151.7	36	152	37	true	-	-	-	-	tabs
tabs	orientation:vertical;selected:inactive	-	tabs-content	div	tabpanel	false	true	344.3	36	345	37	true	-	-	-	-	tabs
tabs	orientation:vertical;selected:inactive	-	tabs-content	div	tabpanel	false	true	0	0	-	-	-	-	-	-	not-rendered	tabs
tabs	orientation:vertical;selected:active	tabs	tabs-trigger	button	tab	true	true	69.8	29	69	30	true	-	-	-	-	tabs-list,tabs
tabs	orientation:vertical;selected:active	tabs	tabs-trigger	button	tab	true	true	69.8	29	71	30	true	-	-	-	-	tabs-list,tabs
tabs	orientation:vertical;selected:active	tabs	tabs-trigger	button	tab	true	true	67.8	36	68	37	true	-	-	-	-	tabs-list,tabs
tabs	orientation:vertical;selected:active	tabs	tabs-trigger	button	tab	true	true	67.8	36	69	37	true	-	-	-	-	tabs-list,tabs
tabs	orientation:vertical;selected:active	-	-	button	-	false	true	0	0	-	-	-	-	-	-	not-rendered	-
tabs	orientation:vertical;selected:active	-	-	button	-	false	true	0	0	-	-	-	-	-	-	not-rendered	-
tabs	orientation:vertical;selected:active	-	-	button	-	false	true	0	0	-	-	-	-	-	-	not-rendered	-
tabs	orientation:vertical;selected:active	-	-	a	-	false	true	0	0	-	-	-	-	-	-	not-rendered	-
tabs	orientation:vertical;selected:active	-	-	a	-	false	true	0	0	-	-	-	-	-	-	not-rendered	-
tabs	orientation:vertical;selected:active	-	-	a	-	false	true	0	0	-	-	-	-	-	-	not-rendered	-
tabs	orientation:vertical;selected:active	-	-	a	-	false	true	0	0	-	-	-	-	-	-	not-rendered	-
tabs	orientation:vertical;selected:active	-	tabs-list	div	tablist	false	true	145.7	36	146	37	true	-	-	-	-	tabs
tabs	orientation:vertical;selected:active	-	tabs-content	div	tabpanel	false	true	0	0	-	-	-	-	-	-	not-rendered	tabs
tabs	orientation:vertical;selected:active	-	tabs-content	div	tabpanel	false	true	350.3	36	351	37	true	-	-	-	-	tabs
tabs	orientation:vertical;selected:active	-	tabs-list	div	tablist	false	true	151.7	36	152	37	true	-	-	-	-	tabs
tabs	orientation:vertical;selected:active	-	tabs-content	div	tabpanel	false	true	0	0	-	-	-	-	-	-	not-rendered	tabs
tabs	orientation:vertical;selected:active	-	tabs-content	div	tabpanel	false	true	344.3	36	345	37	true	-	-	-	-	tabs
textarea	size:sm	field	field-label	label	-	true	true	51.8	14	52	16	false	-	-	-	-	field
textarea	size:sm	textarea	textarea	textarea	-	true	true	384	64	384	65	true	-	-	-	-	field
textarea	size:sm	-	-	button	-	false	true	0	0	-	-	-	-	-	-	not-rendered	-
textarea	size:sm	-	-	button	-	false	true	0	0	-	-	-	-	-	-	not-rendered	-
textarea	size:sm	-	-	button	-	false	true	0	0	-	-	-	-	-	-	not-rendered	-
textarea	size:sm	-	-	a	-	false	true	0	0	-	-	-	-	-	-	not-rendered	-
textarea	size:sm	-	-	a	-	false	true	0	0	-	-	-	-	-	-	not-rendered	-
textarea	size:sm	-	-	a	-	false	true	0	0	-	-	-	-	-	-	not-rendered	-
textarea	size:sm	-	-	a	-	false	true	0	0	-	-	-	-	-	-	not-rendered	-
textarea	size:default	field	field-label	label	-	true	true	51.8	14	52	16	false	-	-	-	-	field
textarea	size:default	textarea	textarea	textarea	-	true	true	384	96	384	97	true	-	-	-	-	field
textarea	size:default	-	-	button	-	false	true	0	0	-	-	-	-	-	-	not-rendered	-
textarea	size:default	-	-	button	-	false	true	0	0	-	-	-	-	-	-	not-rendered	-
textarea	size:default	-	-	button	-	false	true	0	0	-	-	-	-	-	-	not-rendered	-
textarea	size:default	-	-	a	-	false	true	0	0	-	-	-	-	-	-	not-rendered	-
textarea	size:default	-	-	a	-	false	true	0	0	-	-	-	-	-	-	not-rendered	-
textarea	size:default	-	-	a	-	false	true	0	0	-	-	-	-	-	-	not-rendered	-
textarea	size:default	-	-	a	-	false	true	0	0	-	-	-	-	-	-	not-rendered	-
textarea	size:lg	field	field-label	label	-	true	true	51.8	14	52	16	false	-	-	-	-	field
textarea	size:lg	textarea	textarea	textarea	-	true	true	384	128	384	129	true	-	-	-	-	field
textarea	size:lg	-	-	button	-	false	true	0	0	-	-	-	-	-	-	not-rendered	-
textarea	size:lg	-	-	button	-	false	true	0	0	-	-	-	-	-	-	not-rendered	-
textarea	size:lg	-	-	button	-	false	true	0	0	-	-	-	-	-	-	not-rendered	-
textarea	size:lg	-	-	a	-	false	true	0	0	-	-	-	-	-	-	not-rendered	-
textarea	size:lg	-	-	a	-	false	true	0	0	-	-	-	-	-	-	not-rendered	-
textarea	size:lg	-	-	a	-	false	true	0	0	-	-	-	-	-	-	not-rendered	-
textarea	size:lg	-	-	a	-	false	true	0	0	-	-	-	-	-	-	not-rendered	-
toast	variant:default;open:closed	-	-	button	-	false	true	0	0	-	-	-	-	-	-	not-rendered	-
toast	variant:default;open:closed	-	-	button	-	false	true	0	0	-	-	-	-	-	-	not-rendered	-
toast	variant:default;open:closed	-	-	button	-	false	true	0	0	-	-	-	-	-	-	not-rendered	-
toast	variant:default;open:closed	-	-	a	-	false	true	0	0	-	-	-	-	-	-	not-rendered	-
toast	variant:default;open:closed	-	-	a	-	false	true	0	0	-	-	-	-	-	-	not-rendered	-
toast	variant:default;open:closed	-	-	a	-	false	true	0	0	-	-	-	-	-	-	not-rendered	-
toast	variant:default;open:closed	-	-	a	-	false	true	0	0	-	-	-	-	-	-	not-rendered	-
toast	variant:default;open:closed	-	-	div	region	false	true	950	0	0	0	false	-	-	-	pointer-events:none,no-hit-point	-
toast	variant:default;open:closed	-	toast-viewport	ol	-	false	true	384	32	0	0	false	-	-	-	pointer-events:none,no-hit-point	-
toast	variant:default;open:open	toast	toast	li	-	true	true	352	102.8	352	103	true	-	-	-	-	toast-viewport
toast	variant:default;open:open	toast	toast-action	button	-	true	true	23.3	44.8	25	45	true	-	-	24px×44.7812px	-	toast,toast-viewport
toast	variant:default;open:open	toast	toast-close	button	-	true	true	24.2	22.4	25	25	true	-	-	24.2031px×23.9844px	-	toast,toast-viewport
toast	variant:default;open:open	-	-	button	-	false	true	0	0	-	-	-	-	-	-	not-rendered	-
toast	variant:default;open:open	-	-	button	-	false	true	0	0	-	-	-	-	-	-	not-rendered	-
toast	variant:default;open:open	-	-	button	-	false	true	0	0	-	-	-	-	-	-	not-rendered	-
toast	variant:default;open:open	-	-	a	-	false	true	0	0	-	-	-	-	-	-	not-rendered	-
toast	variant:default;open:open	-	-	a	-	false	true	0	0	-	-	-	-	-	-	not-rendered	-
toast	variant:default;open:open	-	-	a	-	false	true	0	0	-	-	-	-	-	-	not-rendered	-
toast	variant:default;open:open	-	-	a	-	false	true	0	0	-	-	-	-	-	-	not-rendered	-
toast	variant:default;open:open	-	-	div	region	false	true	950	0	0	0	false	-	-	-	no-hit-point	-
toast	variant:default;open:open	-	-	span	-	false	true	1	1	0	0	false	-	-	-	no-hit-point	-
toast	variant:default;open:open	-	toast-viewport	ol	-	false	true	384	134.8	384	135	true	-	-	-	-	-
toast	variant:default;open:open	-	-	span	-	false	true	1	1	0	0	false	-	-	-	no-hit-point	-
toast	variant:success;open:closed	-	-	button	-	false	true	0	0	-	-	-	-	-	-	not-rendered	-
toast	variant:success;open:closed	-	-	button	-	false	true	0	0	-	-	-	-	-	-	not-rendered	-
toast	variant:success;open:closed	-	-	button	-	false	true	0	0	-	-	-	-	-	-	not-rendered	-
toast	variant:success;open:closed	-	-	a	-	false	true	0	0	-	-	-	-	-	-	not-rendered	-
toast	variant:success;open:closed	-	-	a	-	false	true	0	0	-	-	-	-	-	-	not-rendered	-
toast	variant:success;open:closed	-	-	a	-	false	true	0	0	-	-	-	-	-	-	not-rendered	-
toast	variant:success;open:closed	-	-	a	-	false	true	0	0	-	-	-	-	-	-	not-rendered	-
toast	variant:success;open:closed	-	-	div	region	false	true	950	0	0	0	false	-	-	-	pointer-events:none,no-hit-point	-
toast	variant:success;open:closed	-	toast-viewport	ol	-	false	true	384	32	0	0	false	-	-	-	pointer-events:none,no-hit-point	-
toast	variant:success;open:open	toast	toast	li	-	true	true	352	102.8	352	103	true	-	-	-	-	toast-viewport
toast	variant:success;open:open	toast	toast-action	button	-	true	true	23.3	44.8	25	45	true	-	-	24px×44.7812px	-	toast,toast-viewport
toast	variant:success;open:open	toast	toast-close	button	-	true	true	24.2	22.4	25	25	true	-	-	24.2031px×23.9844px	-	toast,toast-viewport
toast	variant:success;open:open	-	-	button	-	false	true	0	0	-	-	-	-	-	-	not-rendered	-
toast	variant:success;open:open	-	-	button	-	false	true	0	0	-	-	-	-	-	-	not-rendered	-
toast	variant:success;open:open	-	-	button	-	false	true	0	0	-	-	-	-	-	-	not-rendered	-
toast	variant:success;open:open	-	-	a	-	false	true	0	0	-	-	-	-	-	-	not-rendered	-
toast	variant:success;open:open	-	-	a	-	false	true	0	0	-	-	-	-	-	-	not-rendered	-
toast	variant:success;open:open	-	-	a	-	false	true	0	0	-	-	-	-	-	-	not-rendered	-
toast	variant:success;open:open	-	-	a	-	false	true	0	0	-	-	-	-	-	-	not-rendered	-
toast	variant:success;open:open	-	-	div	region	false	true	950	0	0	0	false	-	-	-	no-hit-point	-
toast	variant:success;open:open	-	-	span	-	false	true	1	1	0	0	false	-	-	-	no-hit-point	-
toast	variant:success;open:open	-	toast-viewport	ol	-	false	true	384	134.8	384	135	true	-	-	-	-	-
toast	variant:success;open:open	-	-	span	-	false	true	1	1	0	0	false	-	-	-	no-hit-point	-
toast	variant:warning;open:closed	-	-	button	-	false	true	0	0	-	-	-	-	-	-	not-rendered	-
toast	variant:warning;open:closed	-	-	button	-	false	true	0	0	-	-	-	-	-	-	not-rendered	-
toast	variant:warning;open:closed	-	-	button	-	false	true	0	0	-	-	-	-	-	-	not-rendered	-
toast	variant:warning;open:closed	-	-	a	-	false	true	0	0	-	-	-	-	-	-	not-rendered	-
toast	variant:warning;open:closed	-	-	a	-	false	true	0	0	-	-	-	-	-	-	not-rendered	-
toast	variant:warning;open:closed	-	-	a	-	false	true	0	0	-	-	-	-	-	-	not-rendered	-
toast	variant:warning;open:closed	-	-	a	-	false	true	0	0	-	-	-	-	-	-	not-rendered	-
toast	variant:warning;open:closed	-	-	div	region	false	true	950	0	0	0	false	-	-	-	pointer-events:none,no-hit-point	-
toast	variant:warning;open:closed	-	toast-viewport	ol	-	false	true	384	32	0	0	false	-	-	-	pointer-events:none,no-hit-point	-
toast	variant:warning;open:open	toast	toast	li	-	true	true	352	102.8	352	103	true	-	-	-	-	toast-viewport
toast	variant:warning;open:open	toast	toast-action	button	-	true	true	23.3	44.8	25	45	true	-	-	24px×44.7812px	-	toast,toast-viewport
toast	variant:warning;open:open	toast	toast-close	button	-	true	true	24.2	22.4	25	25	true	-	-	24.2031px×23.9844px	-	toast,toast-viewport
toast	variant:warning;open:open	-	-	button	-	false	true	0	0	-	-	-	-	-	-	not-rendered	-
toast	variant:warning;open:open	-	-	button	-	false	true	0	0	-	-	-	-	-	-	not-rendered	-
toast	variant:warning;open:open	-	-	button	-	false	true	0	0	-	-	-	-	-	-	not-rendered	-
toast	variant:warning;open:open	-	-	a	-	false	true	0	0	-	-	-	-	-	-	not-rendered	-
toast	variant:warning;open:open	-	-	a	-	false	true	0	0	-	-	-	-	-	-	not-rendered	-
toast	variant:warning;open:open	-	-	a	-	false	true	0	0	-	-	-	-	-	-	not-rendered	-
toast	variant:warning;open:open	-	-	a	-	false	true	0	0	-	-	-	-	-	-	not-rendered	-
toast	variant:warning;open:open	-	-	div	region	false	true	950	0	0	0	false	-	-	-	no-hit-point	-
toast	variant:warning;open:open	-	-	span	-	false	true	1	1	0	0	false	-	-	-	no-hit-point	-
toast	variant:warning;open:open	-	toast-viewport	ol	-	false	true	384	134.8	384	135	true	-	-	-	-	-
toast	variant:warning;open:open	-	-	span	-	false	true	1	1	0	0	false	-	-	-	no-hit-point	-
toast	variant:destructive;open:closed	-	-	button	-	false	true	0	0	-	-	-	-	-	-	not-rendered	-
toast	variant:destructive;open:closed	-	-	button	-	false	true	0	0	-	-	-	-	-	-	not-rendered	-
toast	variant:destructive;open:closed	-	-	button	-	false	true	0	0	-	-	-	-	-	-	not-rendered	-
toast	variant:destructive;open:closed	-	-	a	-	false	true	0	0	-	-	-	-	-	-	not-rendered	-
toast	variant:destructive;open:closed	-	-	a	-	false	true	0	0	-	-	-	-	-	-	not-rendered	-
toast	variant:destructive;open:closed	-	-	a	-	false	true	0	0	-	-	-	-	-	-	not-rendered	-
toast	variant:destructive;open:closed	-	-	a	-	false	true	0	0	-	-	-	-	-	-	not-rendered	-
toast	variant:destructive;open:closed	-	-	div	region	false	true	950	0	0	0	false	-	-	-	pointer-events:none,no-hit-point	-
toast	variant:destructive;open:closed	-	toast-viewport	ol	-	false	true	384	32	0	0	false	-	-	-	pointer-events:none,no-hit-point	-
toast	variant:destructive;open:open	toast	toast	li	-	true	true	352	102.8	352	103	true	-	-	-	-	toast-viewport
toast	variant:destructive;open:open	toast	toast-action	button	-	true	true	23.3	44.8	25	45	true	-	-	24px×44.7812px	-	toast,toast-viewport
toast	variant:destructive;open:open	toast	toast-close	button	-	true	true	24.2	22.4	25	25	true	-	-	24.2031px×23.9844px	-	toast,toast-viewport
toast	variant:destructive;open:open	-	-	button	-	false	true	0	0	-	-	-	-	-	-	not-rendered	-
toast	variant:destructive;open:open	-	-	button	-	false	true	0	0	-	-	-	-	-	-	not-rendered	-
toast	variant:destructive;open:open	-	-	button	-	false	true	0	0	-	-	-	-	-	-	not-rendered	-
toast	variant:destructive;open:open	-	-	a	-	false	true	0	0	-	-	-	-	-	-	not-rendered	-
toast	variant:destructive;open:open	-	-	a	-	false	true	0	0	-	-	-	-	-	-	not-rendered	-
toast	variant:destructive;open:open	-	-	a	-	false	true	0	0	-	-	-	-	-	-	not-rendered	-
toast	variant:destructive;open:open	-	-	a	-	false	true	0	0	-	-	-	-	-	-	not-rendered	-
toast	variant:destructive;open:open	-	-	div	region	false	true	950	0	0	0	false	-	-	-	no-hit-point	-
toast	variant:destructive;open:open	-	-	span	-	false	true	1	1	0	0	false	-	-	-	no-hit-point	-
toast	variant:destructive;open:open	-	toast-viewport	ol	-	false	true	384	134.8	384	135	true	-	-	-	-	-
toast	variant:destructive;open:open	-	-	span	-	false	true	1	1	0	0	false	-	-	-	no-hit-point	-
toggle	size:sm;variant:default;pressed:unpressed	toggle	toggle	button	-	true	true	75.9	32	76	33	true	-	-	-	-	-
toggle	size:sm;variant:default;pressed:unpressed	-	-	button	-	false	true	0	0	-	-	-	-	-	-	not-rendered	-
toggle	size:sm;variant:default;pressed:unpressed	-	-	button	-	false	true	0	0	-	-	-	-	-	-	not-rendered	-
toggle	size:sm;variant:default;pressed:unpressed	-	-	button	-	false	true	0	0	-	-	-	-	-	-	not-rendered	-
toggle	size:sm;variant:default;pressed:unpressed	-	-	a	-	false	true	0	0	-	-	-	-	-	-	not-rendered	-
toggle	size:sm;variant:default;pressed:unpressed	-	-	a	-	false	true	0	0	-	-	-	-	-	-	not-rendered	-
toggle	size:sm;variant:default;pressed:unpressed	-	-	a	-	false	true	0	0	-	-	-	-	-	-	not-rendered	-
toggle	size:sm;variant:default;pressed:unpressed	-	-	a	-	false	true	0	0	-	-	-	-	-	-	not-rendered	-
toggle	size:sm;variant:default;pressed:pressed	toggle	toggle	button	-	true	true	75.9	32	76	33	true	-	-	-	-	-
toggle	size:sm;variant:default;pressed:pressed	-	-	button	-	false	true	0	0	-	-	-	-	-	-	not-rendered	-
toggle	size:sm;variant:default;pressed:pressed	-	-	button	-	false	true	0	0	-	-	-	-	-	-	not-rendered	-
toggle	size:sm;variant:default;pressed:pressed	-	-	button	-	false	true	0	0	-	-	-	-	-	-	not-rendered	-
toggle	size:sm;variant:default;pressed:pressed	-	-	a	-	false	true	0	0	-	-	-	-	-	-	not-rendered	-
toggle	size:sm;variant:default;pressed:pressed	-	-	a	-	false	true	0	0	-	-	-	-	-	-	not-rendered	-
toggle	size:sm;variant:default;pressed:pressed	-	-	a	-	false	true	0	0	-	-	-	-	-	-	not-rendered	-
toggle	size:sm;variant:default;pressed:pressed	-	-	a	-	false	true	0	0	-	-	-	-	-	-	not-rendered	-
toggle	size:sm;variant:outline;pressed:unpressed	toggle	toggle	button	-	true	true	77.9	32	78	33	true	-	-	-	-	-
toggle	size:sm;variant:outline;pressed:unpressed	-	-	button	-	false	true	0	0	-	-	-	-	-	-	not-rendered	-
toggle	size:sm;variant:outline;pressed:unpressed	-	-	button	-	false	true	0	0	-	-	-	-	-	-	not-rendered	-
toggle	size:sm;variant:outline;pressed:unpressed	-	-	button	-	false	true	0	0	-	-	-	-	-	-	not-rendered	-
toggle	size:sm;variant:outline;pressed:unpressed	-	-	a	-	false	true	0	0	-	-	-	-	-	-	not-rendered	-
toggle	size:sm;variant:outline;pressed:unpressed	-	-	a	-	false	true	0	0	-	-	-	-	-	-	not-rendered	-
toggle	size:sm;variant:outline;pressed:unpressed	-	-	a	-	false	true	0	0	-	-	-	-	-	-	not-rendered	-
toggle	size:sm;variant:outline;pressed:unpressed	-	-	a	-	false	true	0	0	-	-	-	-	-	-	not-rendered	-
toggle	size:sm;variant:outline;pressed:pressed	toggle	toggle	button	-	true	true	77.9	32	78	33	true	-	-	-	-	-
toggle	size:sm;variant:outline;pressed:pressed	-	-	button	-	false	true	0	0	-	-	-	-	-	-	not-rendered	-
toggle	size:sm;variant:outline;pressed:pressed	-	-	button	-	false	true	0	0	-	-	-	-	-	-	not-rendered	-
toggle	size:sm;variant:outline;pressed:pressed	-	-	button	-	false	true	0	0	-	-	-	-	-	-	not-rendered	-
toggle	size:sm;variant:outline;pressed:pressed	-	-	a	-	false	true	0	0	-	-	-	-	-	-	not-rendered	-
toggle	size:sm;variant:outline;pressed:pressed	-	-	a	-	false	true	0	0	-	-	-	-	-	-	not-rendered	-
toggle	size:sm;variant:outline;pressed:pressed	-	-	a	-	false	true	0	0	-	-	-	-	-	-	not-rendered	-
toggle	size:sm;variant:outline;pressed:pressed	-	-	a	-	false	true	0	0	-	-	-	-	-	-	not-rendered	-
toggle	size:default;variant:default;pressed:unpressed	toggle	toggle	button	-	true	true	79.9	36	80	37	true	-	-	-	-	-
toggle	size:default;variant:default;pressed:unpressed	-	-	button	-	false	true	0	0	-	-	-	-	-	-	not-rendered	-
toggle	size:default;variant:default;pressed:unpressed	-	-	button	-	false	true	0	0	-	-	-	-	-	-	not-rendered	-
toggle	size:default;variant:default;pressed:unpressed	-	-	button	-	false	true	0	0	-	-	-	-	-	-	not-rendered	-
toggle	size:default;variant:default;pressed:unpressed	-	-	a	-	false	true	0	0	-	-	-	-	-	-	not-rendered	-
toggle	size:default;variant:default;pressed:unpressed	-	-	a	-	false	true	0	0	-	-	-	-	-	-	not-rendered	-
toggle	size:default;variant:default;pressed:unpressed	-	-	a	-	false	true	0	0	-	-	-	-	-	-	not-rendered	-
toggle	size:default;variant:default;pressed:unpressed	-	-	a	-	false	true	0	0	-	-	-	-	-	-	not-rendered	-
toggle	size:default;variant:default;pressed:pressed	toggle	toggle	button	-	true	true	79.9	36	80	37	true	-	-	-	-	-
toggle	size:default;variant:default;pressed:pressed	-	-	button	-	false	true	0	0	-	-	-	-	-	-	not-rendered	-
toggle	size:default;variant:default;pressed:pressed	-	-	button	-	false	true	0	0	-	-	-	-	-	-	not-rendered	-
toggle	size:default;variant:default;pressed:pressed	-	-	button	-	false	true	0	0	-	-	-	-	-	-	not-rendered	-
toggle	size:default;variant:default;pressed:pressed	-	-	a	-	false	true	0	0	-	-	-	-	-	-	not-rendered	-
toggle	size:default;variant:default;pressed:pressed	-	-	a	-	false	true	0	0	-	-	-	-	-	-	not-rendered	-
toggle	size:default;variant:default;pressed:pressed	-	-	a	-	false	true	0	0	-	-	-	-	-	-	not-rendered	-
toggle	size:default;variant:default;pressed:pressed	-	-	a	-	false	true	0	0	-	-	-	-	-	-	not-rendered	-
toggle	size:default;variant:outline;pressed:unpressed	toggle	toggle	button	-	true	true	81.9	36	82	37	true	-	-	-	-	-
toggle	size:default;variant:outline;pressed:unpressed	-	-	button	-	false	true	0	0	-	-	-	-	-	-	not-rendered	-
toggle	size:default;variant:outline;pressed:unpressed	-	-	button	-	false	true	0	0	-	-	-	-	-	-	not-rendered	-
toggle	size:default;variant:outline;pressed:unpressed	-	-	button	-	false	true	0	0	-	-	-	-	-	-	not-rendered	-
toggle	size:default;variant:outline;pressed:unpressed	-	-	a	-	false	true	0	0	-	-	-	-	-	-	not-rendered	-
toggle	size:default;variant:outline;pressed:unpressed	-	-	a	-	false	true	0	0	-	-	-	-	-	-	not-rendered	-
toggle	size:default;variant:outline;pressed:unpressed	-	-	a	-	false	true	0	0	-	-	-	-	-	-	not-rendered	-
toggle	size:default;variant:outline;pressed:unpressed	-	-	a	-	false	true	0	0	-	-	-	-	-	-	not-rendered	-
toggle	size:default;variant:outline;pressed:pressed	toggle	toggle	button	-	true	true	81.9	36	82	37	true	-	-	-	-	-
toggle	size:default;variant:outline;pressed:pressed	-	-	button	-	false	true	0	0	-	-	-	-	-	-	not-rendered	-
toggle	size:default;variant:outline;pressed:pressed	-	-	button	-	false	true	0	0	-	-	-	-	-	-	not-rendered	-
toggle	size:default;variant:outline;pressed:pressed	-	-	button	-	false	true	0	0	-	-	-	-	-	-	not-rendered	-
toggle	size:default;variant:outline;pressed:pressed	-	-	a	-	false	true	0	0	-	-	-	-	-	-	not-rendered	-
toggle	size:default;variant:outline;pressed:pressed	-	-	a	-	false	true	0	0	-	-	-	-	-	-	not-rendered	-
toggle	size:default;variant:outline;pressed:pressed	-	-	a	-	false	true	0	0	-	-	-	-	-	-	not-rendered	-
toggle	size:default;variant:outline;pressed:pressed	-	-	a	-	false	true	0	0	-	-	-	-	-	-	not-rendered	-
toggle	size:lg;variant:default;pressed:unpressed	toggle	toggle	button	-	true	true	83.9	40	84	41	true	-	-	-	-	-
toggle	size:lg;variant:default;pressed:unpressed	-	-	button	-	false	true	0	0	-	-	-	-	-	-	not-rendered	-
toggle	size:lg;variant:default;pressed:unpressed	-	-	button	-	false	true	0	0	-	-	-	-	-	-	not-rendered	-
toggle	size:lg;variant:default;pressed:unpressed	-	-	button	-	false	true	0	0	-	-	-	-	-	-	not-rendered	-
toggle	size:lg;variant:default;pressed:unpressed	-	-	a	-	false	true	0	0	-	-	-	-	-	-	not-rendered	-
toggle	size:lg;variant:default;pressed:unpressed	-	-	a	-	false	true	0	0	-	-	-	-	-	-	not-rendered	-
toggle	size:lg;variant:default;pressed:unpressed	-	-	a	-	false	true	0	0	-	-	-	-	-	-	not-rendered	-
toggle	size:lg;variant:default;pressed:unpressed	-	-	a	-	false	true	0	0	-	-	-	-	-	-	not-rendered	-
toggle	size:lg;variant:default;pressed:pressed	toggle	toggle	button	-	true	true	83.9	40	84	41	true	-	-	-	-	-
toggle	size:lg;variant:default;pressed:pressed	-	-	button	-	false	true	0	0	-	-	-	-	-	-	not-rendered	-
toggle	size:lg;variant:default;pressed:pressed	-	-	button	-	false	true	0	0	-	-	-	-	-	-	not-rendered	-
toggle	size:lg;variant:default;pressed:pressed	-	-	button	-	false	true	0	0	-	-	-	-	-	-	not-rendered	-
toggle	size:lg;variant:default;pressed:pressed	-	-	a	-	false	true	0	0	-	-	-	-	-	-	not-rendered	-
toggle	size:lg;variant:default;pressed:pressed	-	-	a	-	false	true	0	0	-	-	-	-	-	-	not-rendered	-
toggle	size:lg;variant:default;pressed:pressed	-	-	a	-	false	true	0	0	-	-	-	-	-	-	not-rendered	-
toggle	size:lg;variant:default;pressed:pressed	-	-	a	-	false	true	0	0	-	-	-	-	-	-	not-rendered	-
toggle	size:lg;variant:outline;pressed:unpressed	toggle	toggle	button	-	true	true	85.9	40	86	41	true	-	-	-	-	-
toggle	size:lg;variant:outline;pressed:unpressed	-	-	button	-	false	true	0	0	-	-	-	-	-	-	not-rendered	-
toggle	size:lg;variant:outline;pressed:unpressed	-	-	button	-	false	true	0	0	-	-	-	-	-	-	not-rendered	-
toggle	size:lg;variant:outline;pressed:unpressed	-	-	button	-	false	true	0	0	-	-	-	-	-	-	not-rendered	-
toggle	size:lg;variant:outline;pressed:unpressed	-	-	a	-	false	true	0	0	-	-	-	-	-	-	not-rendered	-
toggle	size:lg;variant:outline;pressed:unpressed	-	-	a	-	false	true	0	0	-	-	-	-	-	-	not-rendered	-
toggle	size:lg;variant:outline;pressed:unpressed	-	-	a	-	false	true	0	0	-	-	-	-	-	-	not-rendered	-
toggle	size:lg;variant:outline;pressed:unpressed	-	-	a	-	false	true	0	0	-	-	-	-	-	-	not-rendered	-
toggle	size:lg;variant:outline;pressed:pressed	toggle	toggle	button	-	true	true	85.9	40	86	41	true	-	-	-	-	-
toggle	size:lg;variant:outline;pressed:pressed	-	-	button	-	false	true	0	0	-	-	-	-	-	-	not-rendered	-
toggle	size:lg;variant:outline;pressed:pressed	-	-	button	-	false	true	0	0	-	-	-	-	-	-	not-rendered	-
toggle	size:lg;variant:outline;pressed:pressed	-	-	button	-	false	true	0	0	-	-	-	-	-	-	not-rendered	-
toggle	size:lg;variant:outline;pressed:pressed	-	-	a	-	false	true	0	0	-	-	-	-	-	-	not-rendered	-
toggle	size:lg;variant:outline;pressed:pressed	-	-	a	-	false	true	0	0	-	-	-	-	-	-	not-rendered	-
toggle	size:lg;variant:outline;pressed:pressed	-	-	a	-	false	true	0	0	-	-	-	-	-	-	not-rendered	-
toggle	size:lg;variant:outline;pressed:pressed	-	-	a	-	false	true	0	0	-	-	-	-	-	-	not-rendered	-
toggle-group	orientation:horizontal;size:sm;spacing:separate;variant:default;pressed:unpressed;selection:single	toggle-group	toggle-group-item	button	radio	true	true	42.4	32	43	33	true	-	-	-	-	toggle-group
toggle-group	orientation:horizontal;size:sm;spacing:separate;variant:default;pressed:unpressed;selection:single	toggle-group	toggle-group-item	button	radio	true	true	54.5	32	55	33	true	-	-	-	-	toggle-group
toggle-group	orientation:horizontal;size:sm;spacing:separate;variant:default;pressed:unpressed;selection:single	toggle-group	toggle-group-item	button	radio	true	true	42.4	32	44	33	true	-	-	-	-	toggle-group
toggle-group	orientation:horizontal;size:sm;spacing:separate;variant:default;pressed:unpressed;selection:single	-	-	button	-	false	true	0	0	-	-	-	-	-	-	not-rendered	-
toggle-group	orientation:horizontal;size:sm;spacing:separate;variant:default;pressed:unpressed;selection:single	-	-	button	-	false	true	0	0	-	-	-	-	-	-	not-rendered	-
toggle-group	orientation:horizontal;size:sm;spacing:separate;variant:default;pressed:unpressed;selection:single	-	-	button	-	false	true	0	0	-	-	-	-	-	-	not-rendered	-
toggle-group	orientation:horizontal;size:sm;spacing:separate;variant:default;pressed:unpressed;selection:single	-	-	a	-	false	true	0	0	-	-	-	-	-	-	not-rendered	-
toggle-group	orientation:horizontal;size:sm;spacing:separate;variant:default;pressed:unpressed;selection:single	-	-	a	-	false	true	0	0	-	-	-	-	-	-	not-rendered	-
toggle-group	orientation:horizontal;size:sm;spacing:separate;variant:default;pressed:unpressed;selection:single	-	-	a	-	false	true	0	0	-	-	-	-	-	-	not-rendered	-
toggle-group	orientation:horizontal;size:sm;spacing:separate;variant:default;pressed:unpressed;selection:single	-	-	a	-	false	true	0	0	-	-	-	-	-	-	not-rendered	-
toggle-group	orientation:horizontal;size:sm;spacing:separate;variant:default;pressed:unpressed;selection:single	-	toggle-group	div	radiogroup	false	true	147.3	32	148	33	true	-	-	-	-	-
toggle-group	orientation:horizontal;size:sm;spacing:separate;variant:default;pressed:unpressed;selection:multiple	toggle-group	toggle-group-item	button	-	true	true	60.3	32	61	33	true	-	-	-	-	toggle-group
toggle-group	orientation:horizontal;size:sm;spacing:separate;variant:default;pressed:unpressed;selection:multiple	toggle-group	toggle-group-item	button	-	true	true	72.4	32	73	33	true	-	-	-	-	toggle-group
toggle-group	orientation:horizontal;size:sm;spacing:separate;variant:default;pressed:unpressed;selection:multiple	toggle-group	toggle-group-item	button	-	true	true	60.3	32	62	33	true	-	-	-	-	toggle-group
toggle-group	orientation:horizontal;size:sm;spacing:separate;variant:default;pressed:unpressed;selection:multiple	-	-	button	-	false	true	0	0	-	-	-	-	-	-	not-rendered	-
toggle-group	orientation:horizontal;size:sm;spacing:separate;variant:default;pressed:unpressed;selection:multiple	-	-	button	-	false	true	0	0	-	-	-	-	-	-	not-rendered	-
toggle-group	orientation:horizontal;size:sm;spacing:separate;variant:default;pressed:unpressed;selection:multiple	-	-	button	-	false	true	0	0	-	-	-	-	-	-	not-rendered	-
toggle-group	orientation:horizontal;size:sm;spacing:separate;variant:default;pressed:unpressed;selection:multiple	-	-	a	-	false	true	0	0	-	-	-	-	-	-	not-rendered	-
toggle-group	orientation:horizontal;size:sm;spacing:separate;variant:default;pressed:unpressed;selection:multiple	-	-	a	-	false	true	0	0	-	-	-	-	-	-	not-rendered	-
toggle-group	orientation:horizontal;size:sm;spacing:separate;variant:default;pressed:unpressed;selection:multiple	-	-	a	-	false	true	0	0	-	-	-	-	-	-	not-rendered	-
toggle-group	orientation:horizontal;size:sm;spacing:separate;variant:default;pressed:unpressed;selection:multiple	-	-	a	-	false	true	0	0	-	-	-	-	-	-	not-rendered	-
toggle-group	orientation:horizontal;size:sm;spacing:separate;variant:default;pressed:unpressed;selection:multiple	-	toggle-group	div	toolbar	false	true	201	32	202	33	true	-	-	-	-	-
toggle-group	orientation:horizontal;size:sm;spacing:separate;variant:default;pressed:pressed;selection:single	toggle-group	toggle-group-item	button	radio	true	true	42.4	32	43	33	true	-	-	-	-	toggle-group
toggle-group	orientation:horizontal;size:sm;spacing:separate;variant:default;pressed:pressed;selection:single	toggle-group	toggle-group-item	button	radio	true	true	54.5	32	55	33	true	-	-	-	-	toggle-group
toggle-group	orientation:horizontal;size:sm;spacing:separate;variant:default;pressed:pressed;selection:single	toggle-group	toggle-group-item	button	radio	true	true	42.4	32	44	33	true	-	-	-	-	toggle-group
toggle-group	orientation:horizontal;size:sm;spacing:separate;variant:default;pressed:pressed;selection:single	-	-	button	-	false	true	0	0	-	-	-	-	-	-	not-rendered	-
toggle-group	orientation:horizontal;size:sm;spacing:separate;variant:default;pressed:pressed;selection:single	-	-	button	-	false	true	0	0	-	-	-	-	-	-	not-rendered	-
toggle-group	orientation:horizontal;size:sm;spacing:separate;variant:default;pressed:pressed;selection:single	-	-	button	-	false	true	0	0	-	-	-	-	-	-	not-rendered	-
toggle-group	orientation:horizontal;size:sm;spacing:separate;variant:default;pressed:pressed;selection:single	-	-	a	-	false	true	0	0	-	-	-	-	-	-	not-rendered	-
toggle-group	orientation:horizontal;size:sm;spacing:separate;variant:default;pressed:pressed;selection:single	-	-	a	-	false	true	0	0	-	-	-	-	-	-	not-rendered	-
toggle-group	orientation:horizontal;size:sm;spacing:separate;variant:default;pressed:pressed;selection:single	-	-	a	-	false	true	0	0	-	-	-	-	-	-	not-rendered	-
toggle-group	orientation:horizontal;size:sm;spacing:separate;variant:default;pressed:pressed;selection:single	-	-	a	-	false	true	0	0	-	-	-	-	-	-	not-rendered	-
toggle-group	orientation:horizontal;size:sm;spacing:separate;variant:default;pressed:pressed;selection:single	-	toggle-group	div	radiogroup	false	true	147.3	32	148	33	true	-	-	-	-	-
toggle-group	orientation:horizontal;size:sm;spacing:separate;variant:default;pressed:pressed;selection:multiple	toggle-group	toggle-group-item	button	-	true	true	60.3	32	61	33	true	-	-	-	-	toggle-group
toggle-group	orientation:horizontal;size:sm;spacing:separate;variant:default;pressed:pressed;selection:multiple	toggle-group	toggle-group-item	button	-	true	true	72.4	32	73	33	true	-	-	-	-	toggle-group
toggle-group	orientation:horizontal;size:sm;spacing:separate;variant:default;pressed:pressed;selection:multiple	toggle-group	toggle-group-item	button	-	true	true	60.3	32	62	33	true	-	-	-	-	toggle-group
toggle-group	orientation:horizontal;size:sm;spacing:separate;variant:default;pressed:pressed;selection:multiple	-	-	button	-	false	true	0	0	-	-	-	-	-	-	not-rendered	-
toggle-group	orientation:horizontal;size:sm;spacing:separate;variant:default;pressed:pressed;selection:multiple	-	-	button	-	false	true	0	0	-	-	-	-	-	-	not-rendered	-
toggle-group	orientation:horizontal;size:sm;spacing:separate;variant:default;pressed:pressed;selection:multiple	-	-	button	-	false	true	0	0	-	-	-	-	-	-	not-rendered	-
toggle-group	orientation:horizontal;size:sm;spacing:separate;variant:default;pressed:pressed;selection:multiple	-	-	a	-	false	true	0	0	-	-	-	-	-	-	not-rendered	-
toggle-group	orientation:horizontal;size:sm;spacing:separate;variant:default;pressed:pressed;selection:multiple	-	-	a	-	false	true	0	0	-	-	-	-	-	-	not-rendered	-
toggle-group	orientation:horizontal;size:sm;spacing:separate;variant:default;pressed:pressed;selection:multiple	-	-	a	-	false	true	0	0	-	-	-	-	-	-	not-rendered	-
toggle-group	orientation:horizontal;size:sm;spacing:separate;variant:default;pressed:pressed;selection:multiple	-	-	a	-	false	true	0	0	-	-	-	-	-	-	not-rendered	-
toggle-group	orientation:horizontal;size:sm;spacing:separate;variant:default;pressed:pressed;selection:multiple	-	toggle-group	div	toolbar	false	true	201	32	202	33	true	-	-	-	-	-
toggle-group	orientation:horizontal;size:sm;spacing:separate;variant:outline;pressed:unpressed;selection:single	toggle-group	toggle-group-item	button	radio	true	true	44.4	32	45	33	true	-	-	-	-	toggle-group
toggle-group	orientation:horizontal;size:sm;spacing:separate;variant:outline;pressed:unpressed;selection:single	toggle-group	toggle-group-item	button	radio	true	true	56.5	32	57	33	true	-	-	-	-	toggle-group
toggle-group	orientation:horizontal;size:sm;spacing:separate;variant:outline;pressed:unpressed;selection:single	toggle-group	toggle-group-item	button	radio	true	true	44.4	32	46	33	true	-	-	-	-	toggle-group
toggle-group	orientation:horizontal;size:sm;spacing:separate;variant:outline;pressed:unpressed;selection:single	-	-	button	-	false	true	0	0	-	-	-	-	-	-	not-rendered	-
toggle-group	orientation:horizontal;size:sm;spacing:separate;variant:outline;pressed:unpressed;selection:single	-	-	button	-	false	true	0	0	-	-	-	-	-	-	not-rendered	-
toggle-group	orientation:horizontal;size:sm;spacing:separate;variant:outline;pressed:unpressed;selection:single	-	-	button	-	false	true	0	0	-	-	-	-	-	-	not-rendered	-
toggle-group	orientation:horizontal;size:sm;spacing:separate;variant:outline;pressed:unpressed;selection:single	-	-	a	-	false	true	0	0	-	-	-	-	-	-	not-rendered	-
toggle-group	orientation:horizontal;size:sm;spacing:separate;variant:outline;pressed:unpressed;selection:single	-	-	a	-	false	true	0	0	-	-	-	-	-	-	not-rendered	-
toggle-group	orientation:horizontal;size:sm;spacing:separate;variant:outline;pressed:unpressed;selection:single	-	-	a	-	false	true	0	0	-	-	-	-	-	-	not-rendered	-
toggle-group	orientation:horizontal;size:sm;spacing:separate;variant:outline;pressed:unpressed;selection:single	-	-	a	-	false	true	0	0	-	-	-	-	-	-	not-rendered	-
toggle-group	orientation:horizontal;size:sm;spacing:separate;variant:outline;pressed:unpressed;selection:single	-	toggle-group	div	radiogroup	false	true	153.3	32	154	33	true	-	-	-	-	-
toggle-group	orientation:horizontal;size:sm;spacing:separate;variant:outline;pressed:unpressed;selection:multiple	toggle-group	toggle-group-item	button	-	true	true	62.3	32	63	33	true	-	-	-	-	toggle-group
toggle-group	orientation:horizontal;size:sm;spacing:separate;variant:outline;pressed:unpressed;selection:multiple	toggle-group	toggle-group-item	button	-	true	true	74.4	32	75	33	true	-	-	-	-	toggle-group
toggle-group	orientation:horizontal;size:sm;spacing:separate;variant:outline;pressed:unpressed;selection:multiple	toggle-group	toggle-group-item	button	-	true	true	62.3	32	64	33	true	-	-	-	-	toggle-group
toggle-group	orientation:horizontal;size:sm;spacing:separate;variant:outline;pressed:unpressed;selection:multiple	-	-	button	-	false	true	0	0	-	-	-	-	-	-	not-rendered	-
toggle-group	orientation:horizontal;size:sm;spacing:separate;variant:outline;pressed:unpressed;selection:multiple	-	-	button	-	false	true	0	0	-	-	-	-	-	-	not-rendered	-
toggle-group	orientation:horizontal;size:sm;spacing:separate;variant:outline;pressed:unpressed;selection:multiple	-	-	button	-	false	true	0	0	-	-	-	-	-	-	not-rendered	-
toggle-group	orientation:horizontal;size:sm;spacing:separate;variant:outline;pressed:unpressed;selection:multiple	-	-	a	-	false	true	0	0	-	-	-	-	-	-	not-rendered	-
toggle-group	orientation:horizontal;size:sm;spacing:separate;variant:outline;pressed:unpressed;selection:multiple	-	-	a	-	false	true	0	0	-	-	-	-	-	-	not-rendered	-
toggle-group	orientation:horizontal;size:sm;spacing:separate;variant:outline;pressed:unpressed;selection:multiple	-	-	a	-	false	true	0	0	-	-	-	-	-	-	not-rendered	-
toggle-group	orientation:horizontal;size:sm;spacing:separate;variant:outline;pressed:unpressed;selection:multiple	-	-	a	-	false	true	0	0	-	-	-	-	-	-	not-rendered	-
toggle-group	orientation:horizontal;size:sm;spacing:separate;variant:outline;pressed:unpressed;selection:multiple	-	toggle-group	div	toolbar	false	true	207	32	208	33	true	-	-	-	-	-
toggle-group	orientation:horizontal;size:sm;spacing:separate;variant:outline;pressed:pressed;selection:single	toggle-group	toggle-group-item	button	radio	true	true	44.4	32	45	33	true	-	-	-	-	toggle-group
toggle-group	orientation:horizontal;size:sm;spacing:separate;variant:outline;pressed:pressed;selection:single	toggle-group	toggle-group-item	button	radio	true	true	56.5	32	57	33	true	-	-	-	-	toggle-group
toggle-group	orientation:horizontal;size:sm;spacing:separate;variant:outline;pressed:pressed;selection:single	toggle-group	toggle-group-item	button	radio	true	true	44.4	32	46	33	true	-	-	-	-	toggle-group
toggle-group	orientation:horizontal;size:sm;spacing:separate;variant:outline;pressed:pressed;selection:single	-	-	button	-	false	true	0	0	-	-	-	-	-	-	not-rendered	-
toggle-group	orientation:horizontal;size:sm;spacing:separate;variant:outline;pressed:pressed;selection:single	-	-	button	-	false	true	0	0	-	-	-	-	-	-	not-rendered	-
toggle-group	orientation:horizontal;size:sm;spacing:separate;variant:outline;pressed:pressed;selection:single	-	-	button	-	false	true	0	0	-	-	-	-	-	-	not-rendered	-
toggle-group	orientation:horizontal;size:sm;spacing:separate;variant:outline;pressed:pressed;selection:single	-	-	a	-	false	true	0	0	-	-	-	-	-	-	not-rendered	-
toggle-group	orientation:horizontal;size:sm;spacing:separate;variant:outline;pressed:pressed;selection:single	-	-	a	-	false	true	0	0	-	-	-	-	-	-	not-rendered	-
toggle-group	orientation:horizontal;size:sm;spacing:separate;variant:outline;pressed:pressed;selection:single	-	-	a	-	false	true	0	0	-	-	-	-	-	-	not-rendered	-
toggle-group	orientation:horizontal;size:sm;spacing:separate;variant:outline;pressed:pressed;selection:single	-	-	a	-	false	true	0	0	-	-	-	-	-	-	not-rendered	-
toggle-group	orientation:horizontal;size:sm;spacing:separate;variant:outline;pressed:pressed;selection:single	-	toggle-group	div	radiogroup	false	true	153.3	32	154	33	true	-	-	-	-	-
toggle-group	orientation:horizontal;size:sm;spacing:separate;variant:outline;pressed:pressed;selection:multiple	toggle-group	toggle-group-item	button	-	true	true	62.3	32	63	33	true	-	-	-	-	toggle-group
toggle-group	orientation:horizontal;size:sm;spacing:separate;variant:outline;pressed:pressed;selection:multiple	toggle-group	toggle-group-item	button	-	true	true	74.4	32	75	33	true	-	-	-	-	toggle-group
toggle-group	orientation:horizontal;size:sm;spacing:separate;variant:outline;pressed:pressed;selection:multiple	toggle-group	toggle-group-item	button	-	true	true	62.3	32	64	33	true	-	-	-	-	toggle-group
toggle-group	orientation:horizontal;size:sm;spacing:separate;variant:outline;pressed:pressed;selection:multiple	-	-	button	-	false	true	0	0	-	-	-	-	-	-	not-rendered	-
toggle-group	orientation:horizontal;size:sm;spacing:separate;variant:outline;pressed:pressed;selection:multiple	-	-	button	-	false	true	0	0	-	-	-	-	-	-	not-rendered	-
toggle-group	orientation:horizontal;size:sm;spacing:separate;variant:outline;pressed:pressed;selection:multiple	-	-	button	-	false	true	0	0	-	-	-	-	-	-	not-rendered	-
toggle-group	orientation:horizontal;size:sm;spacing:separate;variant:outline;pressed:pressed;selection:multiple	-	-	a	-	false	true	0	0	-	-	-	-	-	-	not-rendered	-
toggle-group	orientation:horizontal;size:sm;spacing:separate;variant:outline;pressed:pressed;selection:multiple	-	-	a	-	false	true	0	0	-	-	-	-	-	-	not-rendered	-
toggle-group	orientation:horizontal;size:sm;spacing:separate;variant:outline;pressed:pressed;selection:multiple	-	-	a	-	false	true	0	0	-	-	-	-	-	-	not-rendered	-
toggle-group	orientation:horizontal;size:sm;spacing:separate;variant:outline;pressed:pressed;selection:multiple	-	-	a	-	false	true	0	0	-	-	-	-	-	-	not-rendered	-
toggle-group	orientation:horizontal;size:sm;spacing:separate;variant:outline;pressed:pressed;selection:multiple	-	toggle-group	div	toolbar	false	true	207	32	208	33	true	-	-	-	-	-
toggle-group	orientation:horizontal;size:sm;spacing:attached;variant:default;pressed:unpressed;selection:single	toggle-group	toggle-group-item	button	radio	true	true	44.4	32	44	33	true	-	-	-	-	toggle-group
toggle-group	orientation:horizontal;size:sm;spacing:attached;variant:default;pressed:unpressed;selection:single	toggle-group	toggle-group-item	button	radio	true	true	55.5	32	55	33	true	-	-	-	-	toggle-group
toggle-group	orientation:horizontal;size:sm;spacing:attached;variant:default;pressed:unpressed;selection:single	toggle-group	toggle-group-item	button	radio	true	true	43.4	32	45	33	true	-	-	-	-	toggle-group
toggle-group	orientation:horizontal;size:sm;spacing:attached;variant:default;pressed:unpressed;selection:single	-	-	button	-	false	true	0	0	-	-	-	-	-	-	not-rendered	-
toggle-group	orientation:horizontal;size:sm;spacing:attached;variant:default;pressed:unpressed;selection:single	-	-	button	-	false	true	0	0	-	-	-	-	-	-	not-rendered	-
toggle-group	orientation:horizontal;size:sm;spacing:attached;variant:default;pressed:unpressed;selection:single	-	-	button	-	false	true	0	0	-	-	-	-	-	-	not-rendered	-
toggle-group	orientation:horizontal;size:sm;spacing:attached;variant:default;pressed:unpressed;selection:single	-	-	a	-	false	true	0	0	-	-	-	-	-	-	not-rendered	-
toggle-group	orientation:horizontal;size:sm;spacing:attached;variant:default;pressed:unpressed;selection:single	-	-	a	-	false	true	0	0	-	-	-	-	-	-	not-rendered	-
toggle-group	orientation:horizontal;size:sm;spacing:attached;variant:default;pressed:unpressed;selection:single	-	-	a	-	false	true	0	0	-	-	-	-	-	-	not-rendered	-
toggle-group	orientation:horizontal;size:sm;spacing:attached;variant:default;pressed:unpressed;selection:single	-	-	a	-	false	true	0	0	-	-	-	-	-	-	not-rendered	-
toggle-group	orientation:horizontal;size:sm;spacing:attached;variant:default;pressed:unpressed;selection:single	-	toggle-group	div	radiogroup	false	true	143.3	32	144	33	true	-	-	-	-	-
toggle-group	orientation:horizontal;size:sm;spacing:attached;variant:default;pressed:unpressed;selection:multiple	toggle-group	toggle-group-item	button	-	true	true	62.3	32	62	33	true	-	-	-	-	toggle-group
toggle-group	orientation:horizontal;size:sm;spacing:attached;variant:default;pressed:unpressed;selection:multiple	toggle-group	toggle-group-item	button	-	true	true	73.4	32	73	33	true	-	-	-	-	toggle-group
toggle-group	orientation:horizontal;size:sm;spacing:attached;variant:default;pressed:unpressed;selection:multiple	toggle-group	toggle-group-item	button	-	true	true	61.3	32	63	33	true	-	-	-	-	toggle-group
toggle-group	orientation:horizontal;size:sm;spacing:attached;variant:default;pressed:unpressed;selection:multiple	-	-	button	-	false	true	0	0	-	-	-	-	-	-	not-rendered	-
toggle-group	orientation:horizontal;size:sm;spacing:attached;variant:default;pressed:unpressed;selection:multiple	-	-	button	-	false	true	0	0	-	-	-	-	-	-	not-rendered	-
toggle-group	orientation:horizontal;size:sm;spacing:attached;variant:default;pressed:unpressed;selection:multiple	-	-	button	-	false	true	0	0	-	-	-	-	-	-	not-rendered	-
toggle-group	orientation:horizontal;size:sm;spacing:attached;variant:default;pressed:unpressed;selection:multiple	-	-	a	-	false	true	0	0	-	-	-	-	-	-	not-rendered	-
toggle-group	orientation:horizontal;size:sm;spacing:attached;variant:default;pressed:unpressed;selection:multiple	-	-	a	-	false	true	0	0	-	-	-	-	-	-	not-rendered	-
toggle-group	orientation:horizontal;size:sm;spacing:attached;variant:default;pressed:unpressed;selection:multiple	-	-	a	-	false	true	0	0	-	-	-	-	-	-	not-rendered	-
toggle-group	orientation:horizontal;size:sm;spacing:attached;variant:default;pressed:unpressed;selection:multiple	-	-	a	-	false	true	0	0	-	-	-	-	-	-	not-rendered	-
toggle-group	orientation:horizontal;size:sm;spacing:attached;variant:default;pressed:unpressed;selection:multiple	-	toggle-group	div	toolbar	false	true	197	32	198	33	true	-	-	-	-	-
toggle-group	orientation:horizontal;size:sm;spacing:attached;variant:default;pressed:pressed;selection:single	toggle-group	toggle-group-item	button	radio	true	true	44.4	32	44	33	true	-	-	-	-	toggle-group
toggle-group	orientation:horizontal;size:sm;spacing:attached;variant:default;pressed:pressed;selection:single	toggle-group	toggle-group-item	button	radio	true	true	55.5	32	55	33	true	-	-	-	-	toggle-group
toggle-group	orientation:horizontal;size:sm;spacing:attached;variant:default;pressed:pressed;selection:single	toggle-group	toggle-group-item	button	radio	true	true	43.4	32	45	33	true	-	-	-	-	toggle-group
toggle-group	orientation:horizontal;size:sm;spacing:attached;variant:default;pressed:pressed;selection:single	-	-	button	-	false	true	0	0	-	-	-	-	-	-	not-rendered	-
toggle-group	orientation:horizontal;size:sm;spacing:attached;variant:default;pressed:pressed;selection:single	-	-	button	-	false	true	0	0	-	-	-	-	-	-	not-rendered	-
toggle-group	orientation:horizontal;size:sm;spacing:attached;variant:default;pressed:pressed;selection:single	-	-	button	-	false	true	0	0	-	-	-	-	-	-	not-rendered	-
toggle-group	orientation:horizontal;size:sm;spacing:attached;variant:default;pressed:pressed;selection:single	-	-	a	-	false	true	0	0	-	-	-	-	-	-	not-rendered	-
toggle-group	orientation:horizontal;size:sm;spacing:attached;variant:default;pressed:pressed;selection:single	-	-	a	-	false	true	0	0	-	-	-	-	-	-	not-rendered	-
toggle-group	orientation:horizontal;size:sm;spacing:attached;variant:default;pressed:pressed;selection:single	-	-	a	-	false	true	0	0	-	-	-	-	-	-	not-rendered	-
toggle-group	orientation:horizontal;size:sm;spacing:attached;variant:default;pressed:pressed;selection:single	-	-	a	-	false	true	0	0	-	-	-	-	-	-	not-rendered	-
toggle-group	orientation:horizontal;size:sm;spacing:attached;variant:default;pressed:pressed;selection:single	-	toggle-group	div	radiogroup	false	true	143.3	32	144	33	true	-	-	-	-	-
toggle-group	orientation:horizontal;size:sm;spacing:attached;variant:default;pressed:pressed;selection:multiple	toggle-group	toggle-group-item	button	-	true	true	62.3	32	62	33	true	-	-	-	-	toggle-group
toggle-group	orientation:horizontal;size:sm;spacing:attached;variant:default;pressed:pressed;selection:multiple	toggle-group	toggle-group-item	button	-	true	true	73.4	32	73	33	true	-	-	-	-	toggle-group
toggle-group	orientation:horizontal;size:sm;spacing:attached;variant:default;pressed:pressed;selection:multiple	toggle-group	toggle-group-item	button	-	true	true	61.3	32	63	33	true	-	-	-	-	toggle-group
toggle-group	orientation:horizontal;size:sm;spacing:attached;variant:default;pressed:pressed;selection:multiple	-	-	button	-	false	true	0	0	-	-	-	-	-	-	not-rendered	-
toggle-group	orientation:horizontal;size:sm;spacing:attached;variant:default;pressed:pressed;selection:multiple	-	-	button	-	false	true	0	0	-	-	-	-	-	-	not-rendered	-
toggle-group	orientation:horizontal;size:sm;spacing:attached;variant:default;pressed:pressed;selection:multiple	-	-	button	-	false	true	0	0	-	-	-	-	-	-	not-rendered	-
toggle-group	orientation:horizontal;size:sm;spacing:attached;variant:default;pressed:pressed;selection:multiple	-	-	a	-	false	true	0	0	-	-	-	-	-	-	not-rendered	-
toggle-group	orientation:horizontal;size:sm;spacing:attached;variant:default;pressed:pressed;selection:multiple	-	-	a	-	false	true	0	0	-	-	-	-	-	-	not-rendered	-
toggle-group	orientation:horizontal;size:sm;spacing:attached;variant:default;pressed:pressed;selection:multiple	-	-	a	-	false	true	0	0	-	-	-	-	-	-	not-rendered	-
toggle-group	orientation:horizontal;size:sm;spacing:attached;variant:default;pressed:pressed;selection:multiple	-	-	a	-	false	true	0	0	-	-	-	-	-	-	not-rendered	-
toggle-group	orientation:horizontal;size:sm;spacing:attached;variant:default;pressed:pressed;selection:multiple	-	toggle-group	div	toolbar	false	true	197	32	198	33	true	-	-	-	-	-
toggle-group	orientation:horizontal;size:sm;spacing:attached;variant:outline;pressed:unpressed;selection:single	toggle-group	toggle-group-item	button	radio	true	true	44.4	32	44	33	true	-	-	-	-	toggle-group
toggle-group	orientation:horizontal;size:sm;spacing:attached;variant:outline;pressed:unpressed;selection:single	toggle-group	toggle-group-item	button	radio	true	true	55.5	32	55	33	true	-	-	-	-	toggle-group
toggle-group	orientation:horizontal;size:sm;spacing:attached;variant:outline;pressed:unpressed;selection:single	toggle-group	toggle-group-item	button	radio	true	true	43.4	32	45	33	true	-	-	-	-	toggle-group
toggle-group	orientation:horizontal;size:sm;spacing:attached;variant:outline;pressed:unpressed;selection:single	-	-	button	-	false	true	0	0	-	-	-	-	-	-	not-rendered	-
toggle-group	orientation:horizontal;size:sm;spacing:attached;variant:outline;pressed:unpressed;selection:single	-	-	button	-	false	true	0	0	-	-	-	-	-	-	not-rendered	-
toggle-group	orientation:horizontal;size:sm;spacing:attached;variant:outline;pressed:unpressed;selection:single	-	-	button	-	false	true	0	0	-	-	-	-	-	-	not-rendered	-
toggle-group	orientation:horizontal;size:sm;spacing:attached;variant:outline;pressed:unpressed;selection:single	-	-	a	-	false	true	0	0	-	-	-	-	-	-	not-rendered	-
toggle-group	orientation:horizontal;size:sm;spacing:attached;variant:outline;pressed:unpressed;selection:single	-	-	a	-	false	true	0	0	-	-	-	-	-	-	not-rendered	-
toggle-group	orientation:horizontal;size:sm;spacing:attached;variant:outline;pressed:unpressed;selection:single	-	-	a	-	false	true	0	0	-	-	-	-	-	-	not-rendered	-
toggle-group	orientation:horizontal;size:sm;spacing:attached;variant:outline;pressed:unpressed;selection:single	-	-	a	-	false	true	0	0	-	-	-	-	-	-	not-rendered	-
toggle-group	orientation:horizontal;size:sm;spacing:attached;variant:outline;pressed:unpressed;selection:single	-	toggle-group	div	radiogroup	false	true	143.3	32	144	33	true	-	-	-	-	-
toggle-group	orientation:horizontal;size:sm;spacing:attached;variant:outline;pressed:unpressed;selection:multiple	toggle-group	toggle-group-item	button	-	true	true	62.3	32	62	33	true	-	-	-	-	toggle-group
toggle-group	orientation:horizontal;size:sm;spacing:attached;variant:outline;pressed:unpressed;selection:multiple	toggle-group	toggle-group-item	button	-	true	true	73.4	32	73	33	true	-	-	-	-	toggle-group
toggle-group	orientation:horizontal;size:sm;spacing:attached;variant:outline;pressed:unpressed;selection:multiple	toggle-group	toggle-group-item	button	-	true	true	61.3	32	63	33	true	-	-	-	-	toggle-group
toggle-group	orientation:horizontal;size:sm;spacing:attached;variant:outline;pressed:unpressed;selection:multiple	-	-	button	-	false	true	0	0	-	-	-	-	-	-	not-rendered	-
toggle-group	orientation:horizontal;size:sm;spacing:attached;variant:outline;pressed:unpressed;selection:multiple	-	-	button	-	false	true	0	0	-	-	-	-	-	-	not-rendered	-
toggle-group	orientation:horizontal;size:sm;spacing:attached;variant:outline;pressed:unpressed;selection:multiple	-	-	button	-	false	true	0	0	-	-	-	-	-	-	not-rendered	-
toggle-group	orientation:horizontal;size:sm;spacing:attached;variant:outline;pressed:unpressed;selection:multiple	-	-	a	-	false	true	0	0	-	-	-	-	-	-	not-rendered	-
toggle-group	orientation:horizontal;size:sm;spacing:attached;variant:outline;pressed:unpressed;selection:multiple	-	-	a	-	false	true	0	0	-	-	-	-	-	-	not-rendered	-
toggle-group	orientation:horizontal;size:sm;spacing:attached;variant:outline;pressed:unpressed;selection:multiple	-	-	a	-	false	true	0	0	-	-	-	-	-	-	not-rendered	-
toggle-group	orientation:horizontal;size:sm;spacing:attached;variant:outline;pressed:unpressed;selection:multiple	-	-	a	-	false	true	0	0	-	-	-	-	-	-	not-rendered	-
toggle-group	orientation:horizontal;size:sm;spacing:attached;variant:outline;pressed:unpressed;selection:multiple	-	toggle-group	div	toolbar	false	true	197	32	198	33	true	-	-	-	-	-
toggle-group	orientation:horizontal;size:sm;spacing:attached;variant:outline;pressed:pressed;selection:single	toggle-group	toggle-group-item	button	radio	true	true	44.4	32	44	33	true	-	-	-	-	toggle-group
toggle-group	orientation:horizontal;size:sm;spacing:attached;variant:outline;pressed:pressed;selection:single	toggle-group	toggle-group-item	button	radio	true	true	55.5	32	55	33	true	-	-	-	-	toggle-group
toggle-group	orientation:horizontal;size:sm;spacing:attached;variant:outline;pressed:pressed;selection:single	toggle-group	toggle-group-item	button	radio	true	true	43.4	32	45	33	true	-	-	-	-	toggle-group
toggle-group	orientation:horizontal;size:sm;spacing:attached;variant:outline;pressed:pressed;selection:single	-	-	button	-	false	true	0	0	-	-	-	-	-	-	not-rendered	-
toggle-group	orientation:horizontal;size:sm;spacing:attached;variant:outline;pressed:pressed;selection:single	-	-	button	-	false	true	0	0	-	-	-	-	-	-	not-rendered	-
toggle-group	orientation:horizontal;size:sm;spacing:attached;variant:outline;pressed:pressed;selection:single	-	-	button	-	false	true	0	0	-	-	-	-	-	-	not-rendered	-
toggle-group	orientation:horizontal;size:sm;spacing:attached;variant:outline;pressed:pressed;selection:single	-	-	a	-	false	true	0	0	-	-	-	-	-	-	not-rendered	-
toggle-group	orientation:horizontal;size:sm;spacing:attached;variant:outline;pressed:pressed;selection:single	-	-	a	-	false	true	0	0	-	-	-	-	-	-	not-rendered	-
toggle-group	orientation:horizontal;size:sm;spacing:attached;variant:outline;pressed:pressed;selection:single	-	-	a	-	false	true	0	0	-	-	-	-	-	-	not-rendered	-
toggle-group	orientation:horizontal;size:sm;spacing:attached;variant:outline;pressed:pressed;selection:single	-	-	a	-	false	true	0	0	-	-	-	-	-	-	not-rendered	-
toggle-group	orientation:horizontal;size:sm;spacing:attached;variant:outline;pressed:pressed;selection:single	-	toggle-group	div	radiogroup	false	true	143.3	32	144	33	true	-	-	-	-	-
toggle-group	orientation:horizontal;size:sm;spacing:attached;variant:outline;pressed:pressed;selection:multiple	toggle-group	toggle-group-item	button	-	true	true	62.3	32	62	33	true	-	-	-	-	toggle-group
toggle-group	orientation:horizontal;size:sm;spacing:attached;variant:outline;pressed:pressed;selection:multiple	toggle-group	toggle-group-item	button	-	true	true	73.4	32	73	33	true	-	-	-	-	toggle-group
toggle-group	orientation:horizontal;size:sm;spacing:attached;variant:outline;pressed:pressed;selection:multiple	toggle-group	toggle-group-item	button	-	true	true	61.3	32	63	33	true	-	-	-	-	toggle-group
toggle-group	orientation:horizontal;size:sm;spacing:attached;variant:outline;pressed:pressed;selection:multiple	-	-	button	-	false	true	0	0	-	-	-	-	-	-	not-rendered	-
toggle-group	orientation:horizontal;size:sm;spacing:attached;variant:outline;pressed:pressed;selection:multiple	-	-	button	-	false	true	0	0	-	-	-	-	-	-	not-rendered	-
toggle-group	orientation:horizontal;size:sm;spacing:attached;variant:outline;pressed:pressed;selection:multiple	-	-	button	-	false	true	0	0	-	-	-	-	-	-	not-rendered	-
toggle-group	orientation:horizontal;size:sm;spacing:attached;variant:outline;pressed:pressed;selection:multiple	-	-	a	-	false	true	0	0	-	-	-	-	-	-	not-rendered	-
toggle-group	orientation:horizontal;size:sm;spacing:attached;variant:outline;pressed:pressed;selection:multiple	-	-	a	-	false	true	0	0	-	-	-	-	-	-	not-rendered	-
toggle-group	orientation:horizontal;size:sm;spacing:attached;variant:outline;pressed:pressed;selection:multiple	-	-	a	-	false	true	0	0	-	-	-	-	-	-	not-rendered	-
toggle-group	orientation:horizontal;size:sm;spacing:attached;variant:outline;pressed:pressed;selection:multiple	-	-	a	-	false	true	0	0	-	-	-	-	-	-	not-rendered	-
toggle-group	orientation:horizontal;size:sm;spacing:attached;variant:outline;pressed:pressed;selection:multiple	-	toggle-group	div	toolbar	false	true	197	32	198	33	true	-	-	-	-	-
toggle-group	orientation:horizontal;size:default;spacing:separate;variant:default;pressed:unpressed;selection:single	toggle-group	toggle-group-item	button	radio	true	true	42.4	36	43	37	true	-	-	-	-	toggle-group
toggle-group	orientation:horizontal;size:default;spacing:separate;variant:default;pressed:unpressed;selection:single	toggle-group	toggle-group-item	button	radio	true	true	54.5	36	55	37	true	-	-	-	-	toggle-group
toggle-group	orientation:horizontal;size:default;spacing:separate;variant:default;pressed:unpressed;selection:single	toggle-group	toggle-group-item	button	radio	true	true	42.4	36	44	37	true	-	-	-	-	toggle-group
toggle-group	orientation:horizontal;size:default;spacing:separate;variant:default;pressed:unpressed;selection:single	-	-	button	-	false	true	0	0	-	-	-	-	-	-	not-rendered	-
toggle-group	orientation:horizontal;size:default;spacing:separate;variant:default;pressed:unpressed;selection:single	-	-	button	-	false	true	0	0	-	-	-	-	-	-	not-rendered	-
toggle-group	orientation:horizontal;size:default;spacing:separate;variant:default;pressed:unpressed;selection:single	-	-	button	-	false	true	0	0	-	-	-	-	-	-	not-rendered	-
toggle-group	orientation:horizontal;size:default;spacing:separate;variant:default;pressed:unpressed;selection:single	-	-	a	-	false	true	0	0	-	-	-	-	-	-	not-rendered	-
toggle-group	orientation:horizontal;size:default;spacing:separate;variant:default;pressed:unpressed;selection:single	-	-	a	-	false	true	0	0	-	-	-	-	-	-	not-rendered	-
toggle-group	orientation:horizontal;size:default;spacing:separate;variant:default;pressed:unpressed;selection:single	-	-	a	-	false	true	0	0	-	-	-	-	-	-	not-rendered	-
toggle-group	orientation:horizontal;size:default;spacing:separate;variant:default;pressed:unpressed;selection:single	-	-	a	-	false	true	0	0	-	-	-	-	-	-	not-rendered	-
toggle-group	orientation:horizontal;size:default;spacing:separate;variant:default;pressed:unpressed;selection:single	-	toggle-group	div	radiogroup	false	true	147.3	36	148	37	true	-	-	-	-	-
toggle-group	orientation:horizontal;size:default;spacing:separate;variant:default;pressed:unpressed;selection:multiple	toggle-group	toggle-group-item	button	-	true	true	60.3	36	61	37	true	-	-	-	-	toggle-group
toggle-group	orientation:horizontal;size:default;spacing:separate;variant:default;pressed:unpressed;selection:multiple	toggle-group	toggle-group-item	button	-	true	true	72.4	36	73	37	true	-	-	-	-	toggle-group
toggle-group	orientation:horizontal;size:default;spacing:separate;variant:default;pressed:unpressed;selection:multiple	toggle-group	toggle-group-item	button	-	true	true	60.3	36	62	37	true	-	-	-	-	toggle-group
toggle-group	orientation:horizontal;size:default;spacing:separate;variant:default;pressed:unpressed;selection:multiple	-	-	button	-	false	true	0	0	-	-	-	-	-	-	not-rendered	-
toggle-group	orientation:horizontal;size:default;spacing:separate;variant:default;pressed:unpressed;selection:multiple	-	-	button	-	false	true	0	0	-	-	-	-	-	-	not-rendered	-
toggle-group	orientation:horizontal;size:default;spacing:separate;variant:default;pressed:unpressed;selection:multiple	-	-	button	-	false	true	0	0	-	-	-	-	-	-	not-rendered	-
toggle-group	orientation:horizontal;size:default;spacing:separate;variant:default;pressed:unpressed;selection:multiple	-	-	a	-	false	true	0	0	-	-	-	-	-	-	not-rendered	-
toggle-group	orientation:horizontal;size:default;spacing:separate;variant:default;pressed:unpressed;selection:multiple	-	-	a	-	false	true	0	0	-	-	-	-	-	-	not-rendered	-
toggle-group	orientation:horizontal;size:default;spacing:separate;variant:default;pressed:unpressed;selection:multiple	-	-	a	-	false	true	0	0	-	-	-	-	-	-	not-rendered	-
toggle-group	orientation:horizontal;size:default;spacing:separate;variant:default;pressed:unpressed;selection:multiple	-	-	a	-	false	true	0	0	-	-	-	-	-	-	not-rendered	-
toggle-group	orientation:horizontal;size:default;spacing:separate;variant:default;pressed:unpressed;selection:multiple	-	toggle-group	div	toolbar	false	true	201	36	202	37	true	-	-	-	-	-
toggle-group	orientation:horizontal;size:default;spacing:separate;variant:default;pressed:pressed;selection:single	toggle-group	toggle-group-item	button	radio	true	true	42.4	36	43	37	true	-	-	-	-	toggle-group
toggle-group	orientation:horizontal;size:default;spacing:separate;variant:default;pressed:pressed;selection:single	toggle-group	toggle-group-item	button	radio	true	true	54.5	36	55	37	true	-	-	-	-	toggle-group
toggle-group	orientation:horizontal;size:default;spacing:separate;variant:default;pressed:pressed;selection:single	toggle-group	toggle-group-item	button	radio	true	true	42.4	36	44	37	true	-	-	-	-	toggle-group
toggle-group	orientation:horizontal;size:default;spacing:separate;variant:default;pressed:pressed;selection:single	-	-	button	-	false	true	0	0	-	-	-	-	-	-	not-rendered	-
toggle-group	orientation:horizontal;size:default;spacing:separate;variant:default;pressed:pressed;selection:single	-	-	button	-	false	true	0	0	-	-	-	-	-	-	not-rendered	-
toggle-group	orientation:horizontal;size:default;spacing:separate;variant:default;pressed:pressed;selection:single	-	-	button	-	false	true	0	0	-	-	-	-	-	-	not-rendered	-
toggle-group	orientation:horizontal;size:default;spacing:separate;variant:default;pressed:pressed;selection:single	-	-	a	-	false	true	0	0	-	-	-	-	-	-	not-rendered	-
toggle-group	orientation:horizontal;size:default;spacing:separate;variant:default;pressed:pressed;selection:single	-	-	a	-	false	true	0	0	-	-	-	-	-	-	not-rendered	-
toggle-group	orientation:horizontal;size:default;spacing:separate;variant:default;pressed:pressed;selection:single	-	-	a	-	false	true	0	0	-	-	-	-	-	-	not-rendered	-
toggle-group	orientation:horizontal;size:default;spacing:separate;variant:default;pressed:pressed;selection:single	-	-	a	-	false	true	0	0	-	-	-	-	-	-	not-rendered	-
toggle-group	orientation:horizontal;size:default;spacing:separate;variant:default;pressed:pressed;selection:single	-	toggle-group	div	radiogroup	false	true	147.3	36	148	37	true	-	-	-	-	-
toggle-group	orientation:horizontal;size:default;spacing:separate;variant:default;pressed:pressed;selection:multiple	toggle-group	toggle-group-item	button	-	true	true	60.3	36	61	37	true	-	-	-	-	toggle-group
toggle-group	orientation:horizontal;size:default;spacing:separate;variant:default;pressed:pressed;selection:multiple	toggle-group	toggle-group-item	button	-	true	true	72.4	36	73	37	true	-	-	-	-	toggle-group
toggle-group	orientation:horizontal;size:default;spacing:separate;variant:default;pressed:pressed;selection:multiple	toggle-group	toggle-group-item	button	-	true	true	60.3	36	62	37	true	-	-	-	-	toggle-group
toggle-group	orientation:horizontal;size:default;spacing:separate;variant:default;pressed:pressed;selection:multiple	-	-	button	-	false	true	0	0	-	-	-	-	-	-	not-rendered	-
toggle-group	orientation:horizontal;size:default;spacing:separate;variant:default;pressed:pressed;selection:multiple	-	-	button	-	false	true	0	0	-	-	-	-	-	-	not-rendered	-
toggle-group	orientation:horizontal;size:default;spacing:separate;variant:default;pressed:pressed;selection:multiple	-	-	button	-	false	true	0	0	-	-	-	-	-	-	not-rendered	-
toggle-group	orientation:horizontal;size:default;spacing:separate;variant:default;pressed:pressed;selection:multiple	-	-	a	-	false	true	0	0	-	-	-	-	-	-	not-rendered	-
toggle-group	orientation:horizontal;size:default;spacing:separate;variant:default;pressed:pressed;selection:multiple	-	-	a	-	false	true	0	0	-	-	-	-	-	-	not-rendered	-
toggle-group	orientation:horizontal;size:default;spacing:separate;variant:default;pressed:pressed;selection:multiple	-	-	a	-	false	true	0	0	-	-	-	-	-	-	not-rendered	-
toggle-group	orientation:horizontal;size:default;spacing:separate;variant:default;pressed:pressed;selection:multiple	-	-	a	-	false	true	0	0	-	-	-	-	-	-	not-rendered	-
toggle-group	orientation:horizontal;size:default;spacing:separate;variant:default;pressed:pressed;selection:multiple	-	toggle-group	div	toolbar	false	true	201	36	202	37	true	-	-	-	-	-
toggle-group	orientation:horizontal;size:default;spacing:separate;variant:outline;pressed:unpressed;selection:single	toggle-group	toggle-group-item	button	radio	true	true	44.4	36	45	37	true	-	-	-	-	toggle-group
toggle-group	orientation:horizontal;size:default;spacing:separate;variant:outline;pressed:unpressed;selection:single	toggle-group	toggle-group-item	button	radio	true	true	56.5	36	57	37	true	-	-	-	-	toggle-group
toggle-group	orientation:horizontal;size:default;spacing:separate;variant:outline;pressed:unpressed;selection:single	toggle-group	toggle-group-item	button	radio	true	true	44.4	36	46	37	true	-	-	-	-	toggle-group
toggle-group	orientation:horizontal;size:default;spacing:separate;variant:outline;pressed:unpressed;selection:single	-	-	button	-	false	true	0	0	-	-	-	-	-	-	not-rendered	-
toggle-group	orientation:horizontal;size:default;spacing:separate;variant:outline;pressed:unpressed;selection:single	-	-	button	-	false	true	0	0	-	-	-	-	-	-	not-rendered	-
toggle-group	orientation:horizontal;size:default;spacing:separate;variant:outline;pressed:unpressed;selection:single	-	-	button	-	false	true	0	0	-	-	-	-	-	-	not-rendered	-
toggle-group	orientation:horizontal;size:default;spacing:separate;variant:outline;pressed:unpressed;selection:single	-	-	a	-	false	true	0	0	-	-	-	-	-	-	not-rendered	-
toggle-group	orientation:horizontal;size:default;spacing:separate;variant:outline;pressed:unpressed;selection:single	-	-	a	-	false	true	0	0	-	-	-	-	-	-	not-rendered	-
toggle-group	orientation:horizontal;size:default;spacing:separate;variant:outline;pressed:unpressed;selection:single	-	-	a	-	false	true	0	0	-	-	-	-	-	-	not-rendered	-
toggle-group	orientation:horizontal;size:default;spacing:separate;variant:outline;pressed:unpressed;selection:single	-	-	a	-	false	true	0	0	-	-	-	-	-	-	not-rendered	-
toggle-group	orientation:horizontal;size:default;spacing:separate;variant:outline;pressed:unpressed;selection:single	-	toggle-group	div	radiogroup	false	true	153.3	36	154	37	true	-	-	-	-	-
toggle-group	orientation:horizontal;size:default;spacing:separate;variant:outline;pressed:unpressed;selection:multiple	toggle-group	toggle-group-item	button	-	true	true	62.3	36	63	37	true	-	-	-	-	toggle-group
toggle-group	orientation:horizontal;size:default;spacing:separate;variant:outline;pressed:unpressed;selection:multiple	toggle-group	toggle-group-item	button	-	true	true	74.4	36	75	37	true	-	-	-	-	toggle-group
toggle-group	orientation:horizontal;size:default;spacing:separate;variant:outline;pressed:unpressed;selection:multiple	toggle-group	toggle-group-item	button	-	true	true	62.3	36	64	37	true	-	-	-	-	toggle-group
toggle-group	orientation:horizontal;size:default;spacing:separate;variant:outline;pressed:unpressed;selection:multiple	-	-	button	-	false	true	0	0	-	-	-	-	-	-	not-rendered	-
toggle-group	orientation:horizontal;size:default;spacing:separate;variant:outline;pressed:unpressed;selection:multiple	-	-	button	-	false	true	0	0	-	-	-	-	-	-	not-rendered	-
toggle-group	orientation:horizontal;size:default;spacing:separate;variant:outline;pressed:unpressed;selection:multiple	-	-	button	-	false	true	0	0	-	-	-	-	-	-	not-rendered	-
toggle-group	orientation:horizontal;size:default;spacing:separate;variant:outline;pressed:unpressed;selection:multiple	-	-	a	-	false	true	0	0	-	-	-	-	-	-	not-rendered	-
toggle-group	orientation:horizontal;size:default;spacing:separate;variant:outline;pressed:unpressed;selection:multiple	-	-	a	-	false	true	0	0	-	-	-	-	-	-	not-rendered	-
toggle-group	orientation:horizontal;size:default;spacing:separate;variant:outline;pressed:unpressed;selection:multiple	-	-	a	-	false	true	0	0	-	-	-	-	-	-	not-rendered	-
toggle-group	orientation:horizontal;size:default;spacing:separate;variant:outline;pressed:unpressed;selection:multiple	-	-	a	-	false	true	0	0	-	-	-	-	-	-	not-rendered	-
toggle-group	orientation:horizontal;size:default;spacing:separate;variant:outline;pressed:unpressed;selection:multiple	-	toggle-group	div	toolbar	false	true	207	36	208	37	true	-	-	-	-	-
toggle-group	orientation:horizontal;size:default;spacing:separate;variant:outline;pressed:pressed;selection:single	toggle-group	toggle-group-item	button	radio	true	true	44.4	36	45	37	true	-	-	-	-	toggle-group
toggle-group	orientation:horizontal;size:default;spacing:separate;variant:outline;pressed:pressed;selection:single	toggle-group	toggle-group-item	button	radio	true	true	56.5	36	57	37	true	-	-	-	-	toggle-group
toggle-group	orientation:horizontal;size:default;spacing:separate;variant:outline;pressed:pressed;selection:single	toggle-group	toggle-group-item	button	radio	true	true	44.4	36	46	37	true	-	-	-	-	toggle-group
toggle-group	orientation:horizontal;size:default;spacing:separate;variant:outline;pressed:pressed;selection:single	-	-	button	-	false	true	0	0	-	-	-	-	-	-	not-rendered	-
toggle-group	orientation:horizontal;size:default;spacing:separate;variant:outline;pressed:pressed;selection:single	-	-	button	-	false	true	0	0	-	-	-	-	-	-	not-rendered	-
toggle-group	orientation:horizontal;size:default;spacing:separate;variant:outline;pressed:pressed;selection:single	-	-	button	-	false	true	0	0	-	-	-	-	-	-	not-rendered	-
toggle-group	orientation:horizontal;size:default;spacing:separate;variant:outline;pressed:pressed;selection:single	-	-	a	-	false	true	0	0	-	-	-	-	-	-	not-rendered	-
toggle-group	orientation:horizontal;size:default;spacing:separate;variant:outline;pressed:pressed;selection:single	-	-	a	-	false	true	0	0	-	-	-	-	-	-	not-rendered	-
toggle-group	orientation:horizontal;size:default;spacing:separate;variant:outline;pressed:pressed;selection:single	-	-	a	-	false	true	0	0	-	-	-	-	-	-	not-rendered	-
toggle-group	orientation:horizontal;size:default;spacing:separate;variant:outline;pressed:pressed;selection:single	-	-	a	-	false	true	0	0	-	-	-	-	-	-	not-rendered	-
toggle-group	orientation:horizontal;size:default;spacing:separate;variant:outline;pressed:pressed;selection:single	-	toggle-group	div	radiogroup	false	true	153.3	36	154	37	true	-	-	-	-	-
toggle-group	orientation:horizontal;size:default;spacing:separate;variant:outline;pressed:pressed;selection:multiple	toggle-group	toggle-group-item	button	-	true	true	62.3	36	63	37	true	-	-	-	-	toggle-group
toggle-group	orientation:horizontal;size:default;spacing:separate;variant:outline;pressed:pressed;selection:multiple	toggle-group	toggle-group-item	button	-	true	true	74.4	36	75	37	true	-	-	-	-	toggle-group
toggle-group	orientation:horizontal;size:default;spacing:separate;variant:outline;pressed:pressed;selection:multiple	toggle-group	toggle-group-item	button	-	true	true	62.3	36	64	37	true	-	-	-	-	toggle-group
toggle-group	orientation:horizontal;size:default;spacing:separate;variant:outline;pressed:pressed;selection:multiple	-	-	button	-	false	true	0	0	-	-	-	-	-	-	not-rendered	-
toggle-group	orientation:horizontal;size:default;spacing:separate;variant:outline;pressed:pressed;selection:multiple	-	-	button	-	false	true	0	0	-	-	-	-	-	-	not-rendered	-
toggle-group	orientation:horizontal;size:default;spacing:separate;variant:outline;pressed:pressed;selection:multiple	-	-	button	-	false	true	0	0	-	-	-	-	-	-	not-rendered	-
toggle-group	orientation:horizontal;size:default;spacing:separate;variant:outline;pressed:pressed;selection:multiple	-	-	a	-	false	true	0	0	-	-	-	-	-	-	not-rendered	-
toggle-group	orientation:horizontal;size:default;spacing:separate;variant:outline;pressed:pressed;selection:multiple	-	-	a	-	false	true	0	0	-	-	-	-	-	-	not-rendered	-
toggle-group	orientation:horizontal;size:default;spacing:separate;variant:outline;pressed:pressed;selection:multiple	-	-	a	-	false	true	0	0	-	-	-	-	-	-	not-rendered	-
toggle-group	orientation:horizontal;size:default;spacing:separate;variant:outline;pressed:pressed;selection:multiple	-	-	a	-	false	true	0	0	-	-	-	-	-	-	not-rendered	-
toggle-group	orientation:horizontal;size:default;spacing:separate;variant:outline;pressed:pressed;selection:multiple	-	toggle-group	div	toolbar	false	true	207	36	208	37	true	-	-	-	-	-
toggle-group	orientation:horizontal;size:default;spacing:attached;variant:default;pressed:unpressed;selection:single	toggle-group	toggle-group-item	button	radio	true	true	44.4	36	44	37	true	-	-	-	-	toggle-group
toggle-group	orientation:horizontal;size:default;spacing:attached;variant:default;pressed:unpressed;selection:single	toggle-group	toggle-group-item	button	radio	true	true	55.5	36	55	37	true	-	-	-	-	toggle-group
toggle-group	orientation:horizontal;size:default;spacing:attached;variant:default;pressed:unpressed;selection:single	toggle-group	toggle-group-item	button	radio	true	true	43.4	36	45	37	true	-	-	-	-	toggle-group
toggle-group	orientation:horizontal;size:default;spacing:attached;variant:default;pressed:unpressed;selection:single	-	-	button	-	false	true	0	0	-	-	-	-	-	-	not-rendered	-
toggle-group	orientation:horizontal;size:default;spacing:attached;variant:default;pressed:unpressed;selection:single	-	-	button	-	false	true	0	0	-	-	-	-	-	-	not-rendered	-
toggle-group	orientation:horizontal;size:default;spacing:attached;variant:default;pressed:unpressed;selection:single	-	-	button	-	false	true	0	0	-	-	-	-	-	-	not-rendered	-
toggle-group	orientation:horizontal;size:default;spacing:attached;variant:default;pressed:unpressed;selection:single	-	-	a	-	false	true	0	0	-	-	-	-	-	-	not-rendered	-
toggle-group	orientation:horizontal;size:default;spacing:attached;variant:default;pressed:unpressed;selection:single	-	-	a	-	false	true	0	0	-	-	-	-	-	-	not-rendered	-
toggle-group	orientation:horizontal;size:default;spacing:attached;variant:default;pressed:unpressed;selection:single	-	-	a	-	false	true	0	0	-	-	-	-	-	-	not-rendered	-
toggle-group	orientation:horizontal;size:default;spacing:attached;variant:default;pressed:unpressed;selection:single	-	-	a	-	false	true	0	0	-	-	-	-	-	-	not-rendered	-
toggle-group	orientation:horizontal;size:default;spacing:attached;variant:default;pressed:unpressed;selection:single	-	toggle-group	div	radiogroup	false	true	143.3	36	144	37	true	-	-	-	-	-
toggle-group	orientation:horizontal;size:default;spacing:attached;variant:default;pressed:unpressed;selection:multiple	toggle-group	toggle-group-item	button	-	true	true	62.3	36	62	37	true	-	-	-	-	toggle-group
toggle-group	orientation:horizontal;size:default;spacing:attached;variant:default;pressed:unpressed;selection:multiple	toggle-group	toggle-group-item	button	-	true	true	73.4	36	73	37	true	-	-	-	-	toggle-group
toggle-group	orientation:horizontal;size:default;spacing:attached;variant:default;pressed:unpressed;selection:multiple	toggle-group	toggle-group-item	button	-	true	true	61.3	36	63	37	true	-	-	-	-	toggle-group
toggle-group	orientation:horizontal;size:default;spacing:attached;variant:default;pressed:unpressed;selection:multiple	-	-	button	-	false	true	0	0	-	-	-	-	-	-	not-rendered	-
toggle-group	orientation:horizontal;size:default;spacing:attached;variant:default;pressed:unpressed;selection:multiple	-	-	button	-	false	true	0	0	-	-	-	-	-	-	not-rendered	-
toggle-group	orientation:horizontal;size:default;spacing:attached;variant:default;pressed:unpressed;selection:multiple	-	-	button	-	false	true	0	0	-	-	-	-	-	-	not-rendered	-
toggle-group	orientation:horizontal;size:default;spacing:attached;variant:default;pressed:unpressed;selection:multiple	-	-	a	-	false	true	0	0	-	-	-	-	-	-	not-rendered	-
toggle-group	orientation:horizontal;size:default;spacing:attached;variant:default;pressed:unpressed;selection:multiple	-	-	a	-	false	true	0	0	-	-	-	-	-	-	not-rendered	-
toggle-group	orientation:horizontal;size:default;spacing:attached;variant:default;pressed:unpressed;selection:multiple	-	-	a	-	false	true	0	0	-	-	-	-	-	-	not-rendered	-
toggle-group	orientation:horizontal;size:default;spacing:attached;variant:default;pressed:unpressed;selection:multiple	-	-	a	-	false	true	0	0	-	-	-	-	-	-	not-rendered	-
toggle-group	orientation:horizontal;size:default;spacing:attached;variant:default;pressed:unpressed;selection:multiple	-	toggle-group	div	toolbar	false	true	197	36	198	37	true	-	-	-	-	-
toggle-group	orientation:horizontal;size:default;spacing:attached;variant:default;pressed:pressed;selection:single	toggle-group	toggle-group-item	button	radio	true	true	44.4	36	44	37	true	-	-	-	-	toggle-group
toggle-group	orientation:horizontal;size:default;spacing:attached;variant:default;pressed:pressed;selection:single	toggle-group	toggle-group-item	button	radio	true	true	55.5	36	55	37	true	-	-	-	-	toggle-group
toggle-group	orientation:horizontal;size:default;spacing:attached;variant:default;pressed:pressed;selection:single	toggle-group	toggle-group-item	button	radio	true	true	43.4	36	45	37	true	-	-	-	-	toggle-group
toggle-group	orientation:horizontal;size:default;spacing:attached;variant:default;pressed:pressed;selection:single	-	-	button	-	false	true	0	0	-	-	-	-	-	-	not-rendered	-
toggle-group	orientation:horizontal;size:default;spacing:attached;variant:default;pressed:pressed;selection:single	-	-	button	-	false	true	0	0	-	-	-	-	-	-	not-rendered	-
toggle-group	orientation:horizontal;size:default;spacing:attached;variant:default;pressed:pressed;selection:single	-	-	button	-	false	true	0	0	-	-	-	-	-	-	not-rendered	-
toggle-group	orientation:horizontal;size:default;spacing:attached;variant:default;pressed:pressed;selection:single	-	-	a	-	false	true	0	0	-	-	-	-	-	-	not-rendered	-
toggle-group	orientation:horizontal;size:default;spacing:attached;variant:default;pressed:pressed;selection:single	-	-	a	-	false	true	0	0	-	-	-	-	-	-	not-rendered	-
toggle-group	orientation:horizontal;size:default;spacing:attached;variant:default;pressed:pressed;selection:single	-	-	a	-	false	true	0	0	-	-	-	-	-	-	not-rendered	-
toggle-group	orientation:horizontal;size:default;spacing:attached;variant:default;pressed:pressed;selection:single	-	-	a	-	false	true	0	0	-	-	-	-	-	-	not-rendered	-
toggle-group	orientation:horizontal;size:default;spacing:attached;variant:default;pressed:pressed;selection:single	-	toggle-group	div	radiogroup	false	true	143.3	36	144	37	true	-	-	-	-	-
toggle-group	orientation:horizontal;size:default;spacing:attached;variant:default;pressed:pressed;selection:multiple	toggle-group	toggle-group-item	button	-	true	true	62.3	36	62	37	true	-	-	-	-	toggle-group
toggle-group	orientation:horizontal;size:default;spacing:attached;variant:default;pressed:pressed;selection:multiple	toggle-group	toggle-group-item	button	-	true	true	73.4	36	73	37	true	-	-	-	-	toggle-group
toggle-group	orientation:horizontal;size:default;spacing:attached;variant:default;pressed:pressed;selection:multiple	toggle-group	toggle-group-item	button	-	true	true	61.3	36	63	37	true	-	-	-	-	toggle-group
toggle-group	orientation:horizontal;size:default;spacing:attached;variant:default;pressed:pressed;selection:multiple	-	-	button	-	false	true	0	0	-	-	-	-	-	-	not-rendered	-
toggle-group	orientation:horizontal;size:default;spacing:attached;variant:default;pressed:pressed;selection:multiple	-	-	button	-	false	true	0	0	-	-	-	-	-	-	not-rendered	-
toggle-group	orientation:horizontal;size:default;spacing:attached;variant:default;pressed:pressed;selection:multiple	-	-	button	-	false	true	0	0	-	-	-	-	-	-	not-rendered	-
toggle-group	orientation:horizontal;size:default;spacing:attached;variant:default;pressed:pressed;selection:multiple	-	-	a	-	false	true	0	0	-	-	-	-	-	-	not-rendered	-
toggle-group	orientation:horizontal;size:default;spacing:attached;variant:default;pressed:pressed;selection:multiple	-	-	a	-	false	true	0	0	-	-	-	-	-	-	not-rendered	-
toggle-group	orientation:horizontal;size:default;spacing:attached;variant:default;pressed:pressed;selection:multiple	-	-	a	-	false	true	0	0	-	-	-	-	-	-	not-rendered	-
toggle-group	orientation:horizontal;size:default;spacing:attached;variant:default;pressed:pressed;selection:multiple	-	-	a	-	false	true	0	0	-	-	-	-	-	-	not-rendered	-
toggle-group	orientation:horizontal;size:default;spacing:attached;variant:default;pressed:pressed;selection:multiple	-	toggle-group	div	toolbar	false	true	197	36	198	37	true	-	-	-	-	-
toggle-group	orientation:horizontal;size:default;spacing:attached;variant:outline;pressed:unpressed;selection:single	toggle-group	toggle-group-item	button	radio	true	true	44.4	36	44	37	true	-	-	-	-	toggle-group
toggle-group	orientation:horizontal;size:default;spacing:attached;variant:outline;pressed:unpressed;selection:single	toggle-group	toggle-group-item	button	radio	true	true	55.5	36	55	37	true	-	-	-	-	toggle-group
toggle-group	orientation:horizontal;size:default;spacing:attached;variant:outline;pressed:unpressed;selection:single	toggle-group	toggle-group-item	button	radio	true	true	43.4	36	45	37	true	-	-	-	-	toggle-group
toggle-group	orientation:horizontal;size:default;spacing:attached;variant:outline;pressed:unpressed;selection:single	-	-	button	-	false	true	0	0	-	-	-	-	-	-	not-rendered	-
toggle-group	orientation:horizontal;size:default;spacing:attached;variant:outline;pressed:unpressed;selection:single	-	-	button	-	false	true	0	0	-	-	-	-	-	-	not-rendered	-
toggle-group	orientation:horizontal;size:default;spacing:attached;variant:outline;pressed:unpressed;selection:single	-	-	button	-	false	true	0	0	-	-	-	-	-	-	not-rendered	-
toggle-group	orientation:horizontal;size:default;spacing:attached;variant:outline;pressed:unpressed;selection:single	-	-	a	-	false	true	0	0	-	-	-	-	-	-	not-rendered	-
toggle-group	orientation:horizontal;size:default;spacing:attached;variant:outline;pressed:unpressed;selection:single	-	-	a	-	false	true	0	0	-	-	-	-	-	-	not-rendered	-
toggle-group	orientation:horizontal;size:default;spacing:attached;variant:outline;pressed:unpressed;selection:single	-	-	a	-	false	true	0	0	-	-	-	-	-	-	not-rendered	-
toggle-group	orientation:horizontal;size:default;spacing:attached;variant:outline;pressed:unpressed;selection:single	-	-	a	-	false	true	0	0	-	-	-	-	-	-	not-rendered	-
toggle-group	orientation:horizontal;size:default;spacing:attached;variant:outline;pressed:unpressed;selection:single	-	toggle-group	div	radiogroup	false	true	143.3	36	144	37	true	-	-	-	-	-
toggle-group	orientation:horizontal;size:default;spacing:attached;variant:outline;pressed:unpressed;selection:multiple	toggle-group	toggle-group-item	button	-	true	true	62.3	36	62	37	true	-	-	-	-	toggle-group
toggle-group	orientation:horizontal;size:default;spacing:attached;variant:outline;pressed:unpressed;selection:multiple	toggle-group	toggle-group-item	button	-	true	true	73.4	36	73	37	true	-	-	-	-	toggle-group
toggle-group	orientation:horizontal;size:default;spacing:attached;variant:outline;pressed:unpressed;selection:multiple	toggle-group	toggle-group-item	button	-	true	true	61.3	36	63	37	true	-	-	-	-	toggle-group
toggle-group	orientation:horizontal;size:default;spacing:attached;variant:outline;pressed:unpressed;selection:multiple	-	-	button	-	false	true	0	0	-	-	-	-	-	-	not-rendered	-
toggle-group	orientation:horizontal;size:default;spacing:attached;variant:outline;pressed:unpressed;selection:multiple	-	-	button	-	false	true	0	0	-	-	-	-	-	-	not-rendered	-
toggle-group	orientation:horizontal;size:default;spacing:attached;variant:outline;pressed:unpressed;selection:multiple	-	-	button	-	false	true	0	0	-	-	-	-	-	-	not-rendered	-
toggle-group	orientation:horizontal;size:default;spacing:attached;variant:outline;pressed:unpressed;selection:multiple	-	-	a	-	false	true	0	0	-	-	-	-	-	-	not-rendered	-
toggle-group	orientation:horizontal;size:default;spacing:attached;variant:outline;pressed:unpressed;selection:multiple	-	-	a	-	false	true	0	0	-	-	-	-	-	-	not-rendered	-
toggle-group	orientation:horizontal;size:default;spacing:attached;variant:outline;pressed:unpressed;selection:multiple	-	-	a	-	false	true	0	0	-	-	-	-	-	-	not-rendered	-
toggle-group	orientation:horizontal;size:default;spacing:attached;variant:outline;pressed:unpressed;selection:multiple	-	-	a	-	false	true	0	0	-	-	-	-	-	-	not-rendered	-
toggle-group	orientation:horizontal;size:default;spacing:attached;variant:outline;pressed:unpressed;selection:multiple	-	toggle-group	div	toolbar	false	true	197	36	198	37	true	-	-	-	-	-
toggle-group	orientation:horizontal;size:default;spacing:attached;variant:outline;pressed:pressed;selection:single	toggle-group	toggle-group-item	button	radio	true	true	44.4	36	44	37	true	-	-	-	-	toggle-group
toggle-group	orientation:horizontal;size:default;spacing:attached;variant:outline;pressed:pressed;selection:single	toggle-group	toggle-group-item	button	radio	true	true	55.5	36	55	37	true	-	-	-	-	toggle-group
toggle-group	orientation:horizontal;size:default;spacing:attached;variant:outline;pressed:pressed;selection:single	toggle-group	toggle-group-item	button	radio	true	true	43.4	36	45	37	true	-	-	-	-	toggle-group
toggle-group	orientation:horizontal;size:default;spacing:attached;variant:outline;pressed:pressed;selection:single	-	-	button	-	false	true	0	0	-	-	-	-	-	-	not-rendered	-
toggle-group	orientation:horizontal;size:default;spacing:attached;variant:outline;pressed:pressed;selection:single	-	-	button	-	false	true	0	0	-	-	-	-	-	-	not-rendered	-
toggle-group	orientation:horizontal;size:default;spacing:attached;variant:outline;pressed:pressed;selection:single	-	-	button	-	false	true	0	0	-	-	-	-	-	-	not-rendered	-
toggle-group	orientation:horizontal;size:default;spacing:attached;variant:outline;pressed:pressed;selection:single	-	-	a	-	false	true	0	0	-	-	-	-	-	-	not-rendered	-
toggle-group	orientation:horizontal;size:default;spacing:attached;variant:outline;pressed:pressed;selection:single	-	-	a	-	false	true	0	0	-	-	-	-	-	-	not-rendered	-
toggle-group	orientation:horizontal;size:default;spacing:attached;variant:outline;pressed:pressed;selection:single	-	-	a	-	false	true	0	0	-	-	-	-	-	-	not-rendered	-
toggle-group	orientation:horizontal;size:default;spacing:attached;variant:outline;pressed:pressed;selection:single	-	-	a	-	false	true	0	0	-	-	-	-	-	-	not-rendered	-
toggle-group	orientation:horizontal;size:default;spacing:attached;variant:outline;pressed:pressed;selection:single	-	toggle-group	div	radiogroup	false	true	143.3	36	144	37	true	-	-	-	-	-
toggle-group	orientation:horizontal;size:default;spacing:attached;variant:outline;pressed:pressed;selection:multiple	toggle-group	toggle-group-item	button	-	true	true	62.3	36	62	37	true	-	-	-	-	toggle-group
toggle-group	orientation:horizontal;size:default;spacing:attached;variant:outline;pressed:pressed;selection:multiple	toggle-group	toggle-group-item	button	-	true	true	73.4	36	73	37	true	-	-	-	-	toggle-group
toggle-group	orientation:horizontal;size:default;spacing:attached;variant:outline;pressed:pressed;selection:multiple	toggle-group	toggle-group-item	button	-	true	true	61.3	36	63	37	true	-	-	-	-	toggle-group
toggle-group	orientation:horizontal;size:default;spacing:attached;variant:outline;pressed:pressed;selection:multiple	-	-	button	-	false	true	0	0	-	-	-	-	-	-	not-rendered	-
toggle-group	orientation:horizontal;size:default;spacing:attached;variant:outline;pressed:pressed;selection:multiple	-	-	button	-	false	true	0	0	-	-	-	-	-	-	not-rendered	-
toggle-group	orientation:horizontal;size:default;spacing:attached;variant:outline;pressed:pressed;selection:multiple	-	-	button	-	false	true	0	0	-	-	-	-	-	-	not-rendered	-
toggle-group	orientation:horizontal;size:default;spacing:attached;variant:outline;pressed:pressed;selection:multiple	-	-	a	-	false	true	0	0	-	-	-	-	-	-	not-rendered	-
toggle-group	orientation:horizontal;size:default;spacing:attached;variant:outline;pressed:pressed;selection:multiple	-	-	a	-	false	true	0	0	-	-	-	-	-	-	not-rendered	-
toggle-group	orientation:horizontal;size:default;spacing:attached;variant:outline;pressed:pressed;selection:multiple	-	-	a	-	false	true	0	0	-	-	-	-	-	-	not-rendered	-
toggle-group	orientation:horizontal;size:default;spacing:attached;variant:outline;pressed:pressed;selection:multiple	-	-	a	-	false	true	0	0	-	-	-	-	-	-	not-rendered	-
toggle-group	orientation:horizontal;size:default;spacing:attached;variant:outline;pressed:pressed;selection:multiple	-	toggle-group	div	toolbar	false	true	197	36	198	37	true	-	-	-	-	-
toggle-group	orientation:horizontal;size:lg;spacing:separate;variant:default;pressed:unpressed;selection:single	toggle-group	toggle-group-item	button	radio	true	true	42.4	40	43	41	true	-	-	-	-	toggle-group
toggle-group	orientation:horizontal;size:lg;spacing:separate;variant:default;pressed:unpressed;selection:single	toggle-group	toggle-group-item	button	radio	true	true	54.5	40	55	41	true	-	-	-	-	toggle-group
toggle-group	orientation:horizontal;size:lg;spacing:separate;variant:default;pressed:unpressed;selection:single	toggle-group	toggle-group-item	button	radio	true	true	42.4	40	44	41	true	-	-	-	-	toggle-group
toggle-group	orientation:horizontal;size:lg;spacing:separate;variant:default;pressed:unpressed;selection:single	-	-	button	-	false	true	0	0	-	-	-	-	-	-	not-rendered	-
toggle-group	orientation:horizontal;size:lg;spacing:separate;variant:default;pressed:unpressed;selection:single	-	-	button	-	false	true	0	0	-	-	-	-	-	-	not-rendered	-
toggle-group	orientation:horizontal;size:lg;spacing:separate;variant:default;pressed:unpressed;selection:single	-	-	button	-	false	true	0	0	-	-	-	-	-	-	not-rendered	-
toggle-group	orientation:horizontal;size:lg;spacing:separate;variant:default;pressed:unpressed;selection:single	-	-	a	-	false	true	0	0	-	-	-	-	-	-	not-rendered	-
toggle-group	orientation:horizontal;size:lg;spacing:separate;variant:default;pressed:unpressed;selection:single	-	-	a	-	false	true	0	0	-	-	-	-	-	-	not-rendered	-
toggle-group	orientation:horizontal;size:lg;spacing:separate;variant:default;pressed:unpressed;selection:single	-	-	a	-	false	true	0	0	-	-	-	-	-	-	not-rendered	-
toggle-group	orientation:horizontal;size:lg;spacing:separate;variant:default;pressed:unpressed;selection:single	-	-	a	-	false	true	0	0	-	-	-	-	-	-	not-rendered	-
toggle-group	orientation:horizontal;size:lg;spacing:separate;variant:default;pressed:unpressed;selection:single	-	toggle-group	div	radiogroup	false	true	147.3	40	148	41	true	-	-	-	-	-
toggle-group	orientation:horizontal;size:lg;spacing:separate;variant:default;pressed:unpressed;selection:multiple	toggle-group	toggle-group-item	button	-	true	true	60.3	40	61	41	true	-	-	-	-	toggle-group
toggle-group	orientation:horizontal;size:lg;spacing:separate;variant:default;pressed:unpressed;selection:multiple	toggle-group	toggle-group-item	button	-	true	true	72.4	40	73	41	true	-	-	-	-	toggle-group
toggle-group	orientation:horizontal;size:lg;spacing:separate;variant:default;pressed:unpressed;selection:multiple	toggle-group	toggle-group-item	button	-	true	true	60.3	40	62	41	true	-	-	-	-	toggle-group
toggle-group	orientation:horizontal;size:lg;spacing:separate;variant:default;pressed:unpressed;selection:multiple	-	-	button	-	false	true	0	0	-	-	-	-	-	-	not-rendered	-
toggle-group	orientation:horizontal;size:lg;spacing:separate;variant:default;pressed:unpressed;selection:multiple	-	-	button	-	false	true	0	0	-	-	-	-	-	-	not-rendered	-
toggle-group	orientation:horizontal;size:lg;spacing:separate;variant:default;pressed:unpressed;selection:multiple	-	-	button	-	false	true	0	0	-	-	-	-	-	-	not-rendered	-
toggle-group	orientation:horizontal;size:lg;spacing:separate;variant:default;pressed:unpressed;selection:multiple	-	-	a	-	false	true	0	0	-	-	-	-	-	-	not-rendered	-
toggle-group	orientation:horizontal;size:lg;spacing:separate;variant:default;pressed:unpressed;selection:multiple	-	-	a	-	false	true	0	0	-	-	-	-	-	-	not-rendered	-
toggle-group	orientation:horizontal;size:lg;spacing:separate;variant:default;pressed:unpressed;selection:multiple	-	-	a	-	false	true	0	0	-	-	-	-	-	-	not-rendered	-
toggle-group	orientation:horizontal;size:lg;spacing:separate;variant:default;pressed:unpressed;selection:multiple	-	-	a	-	false	true	0	0	-	-	-	-	-	-	not-rendered	-
toggle-group	orientation:horizontal;size:lg;spacing:separate;variant:default;pressed:unpressed;selection:multiple	-	toggle-group	div	toolbar	false	true	201	40	202	41	true	-	-	-	-	-
toggle-group	orientation:horizontal;size:lg;spacing:separate;variant:default;pressed:pressed;selection:single	toggle-group	toggle-group-item	button	radio	true	true	42.4	40	43	41	true	-	-	-	-	toggle-group
toggle-group	orientation:horizontal;size:lg;spacing:separate;variant:default;pressed:pressed;selection:single	toggle-group	toggle-group-item	button	radio	true	true	54.5	40	55	41	true	-	-	-	-	toggle-group
toggle-group	orientation:horizontal;size:lg;spacing:separate;variant:default;pressed:pressed;selection:single	toggle-group	toggle-group-item	button	radio	true	true	42.4	40	44	41	true	-	-	-	-	toggle-group
toggle-group	orientation:horizontal;size:lg;spacing:separate;variant:default;pressed:pressed;selection:single	-	-	button	-	false	true	0	0	-	-	-	-	-	-	not-rendered	-
toggle-group	orientation:horizontal;size:lg;spacing:separate;variant:default;pressed:pressed;selection:single	-	-	button	-	false	true	0	0	-	-	-	-	-	-	not-rendered	-
toggle-group	orientation:horizontal;size:lg;spacing:separate;variant:default;pressed:pressed;selection:single	-	-	button	-	false	true	0	0	-	-	-	-	-	-	not-rendered	-
toggle-group	orientation:horizontal;size:lg;spacing:separate;variant:default;pressed:pressed;selection:single	-	-	a	-	false	true	0	0	-	-	-	-	-	-	not-rendered	-
toggle-group	orientation:horizontal;size:lg;spacing:separate;variant:default;pressed:pressed;selection:single	-	-	a	-	false	true	0	0	-	-	-	-	-	-	not-rendered	-
toggle-group	orientation:horizontal;size:lg;spacing:separate;variant:default;pressed:pressed;selection:single	-	-	a	-	false	true	0	0	-	-	-	-	-	-	not-rendered	-
toggle-group	orientation:horizontal;size:lg;spacing:separate;variant:default;pressed:pressed;selection:single	-	-	a	-	false	true	0	0	-	-	-	-	-	-	not-rendered	-
toggle-group	orientation:horizontal;size:lg;spacing:separate;variant:default;pressed:pressed;selection:single	-	toggle-group	div	radiogroup	false	true	147.3	40	148	41	true	-	-	-	-	-
toggle-group	orientation:horizontal;size:lg;spacing:separate;variant:default;pressed:pressed;selection:multiple	toggle-group	toggle-group-item	button	-	true	true	60.3	40	61	41	true	-	-	-	-	toggle-group
toggle-group	orientation:horizontal;size:lg;spacing:separate;variant:default;pressed:pressed;selection:multiple	toggle-group	toggle-group-item	button	-	true	true	72.4	40	73	41	true	-	-	-	-	toggle-group
toggle-group	orientation:horizontal;size:lg;spacing:separate;variant:default;pressed:pressed;selection:multiple	toggle-group	toggle-group-item	button	-	true	true	60.3	40	62	41	true	-	-	-	-	toggle-group
toggle-group	orientation:horizontal;size:lg;spacing:separate;variant:default;pressed:pressed;selection:multiple	-	-	button	-	false	true	0	0	-	-	-	-	-	-	not-rendered	-
toggle-group	orientation:horizontal;size:lg;spacing:separate;variant:default;pressed:pressed;selection:multiple	-	-	button	-	false	true	0	0	-	-	-	-	-	-	not-rendered	-
toggle-group	orientation:horizontal;size:lg;spacing:separate;variant:default;pressed:pressed;selection:multiple	-	-	button	-	false	true	0	0	-	-	-	-	-	-	not-rendered	-
toggle-group	orientation:horizontal;size:lg;spacing:separate;variant:default;pressed:pressed;selection:multiple	-	-	a	-	false	true	0	0	-	-	-	-	-	-	not-rendered	-
toggle-group	orientation:horizontal;size:lg;spacing:separate;variant:default;pressed:pressed;selection:multiple	-	-	a	-	false	true	0	0	-	-	-	-	-	-	not-rendered	-
toggle-group	orientation:horizontal;size:lg;spacing:separate;variant:default;pressed:pressed;selection:multiple	-	-	a	-	false	true	0	0	-	-	-	-	-	-	not-rendered	-
toggle-group	orientation:horizontal;size:lg;spacing:separate;variant:default;pressed:pressed;selection:multiple	-	-	a	-	false	true	0	0	-	-	-	-	-	-	not-rendered	-
toggle-group	orientation:horizontal;size:lg;spacing:separate;variant:default;pressed:pressed;selection:multiple	-	toggle-group	div	toolbar	false	true	201	40	202	41	true	-	-	-	-	-
toggle-group	orientation:horizontal;size:lg;spacing:separate;variant:outline;pressed:unpressed;selection:single	toggle-group	toggle-group-item	button	radio	true	true	44.4	40	45	41	true	-	-	-	-	toggle-group
toggle-group	orientation:horizontal;size:lg;spacing:separate;variant:outline;pressed:unpressed;selection:single	toggle-group	toggle-group-item	button	radio	true	true	56.5	40	57	41	true	-	-	-	-	toggle-group
toggle-group	orientation:horizontal;size:lg;spacing:separate;variant:outline;pressed:unpressed;selection:single	toggle-group	toggle-group-item	button	radio	true	true	44.4	40	46	41	true	-	-	-	-	toggle-group
toggle-group	orientation:horizontal;size:lg;spacing:separate;variant:outline;pressed:unpressed;selection:single	-	-	button	-	false	true	0	0	-	-	-	-	-	-	not-rendered	-
toggle-group	orientation:horizontal;size:lg;spacing:separate;variant:outline;pressed:unpressed;selection:single	-	-	button	-	false	true	0	0	-	-	-	-	-	-	not-rendered	-
toggle-group	orientation:horizontal;size:lg;spacing:separate;variant:outline;pressed:unpressed;selection:single	-	-	button	-	false	true	0	0	-	-	-	-	-	-	not-rendered	-
toggle-group	orientation:horizontal;size:lg;spacing:separate;variant:outline;pressed:unpressed;selection:single	-	-	a	-	false	true	0	0	-	-	-	-	-	-	not-rendered	-
toggle-group	orientation:horizontal;size:lg;spacing:separate;variant:outline;pressed:unpressed;selection:single	-	-	a	-	false	true	0	0	-	-	-	-	-	-	not-rendered	-
toggle-group	orientation:horizontal;size:lg;spacing:separate;variant:outline;pressed:unpressed;selection:single	-	-	a	-	false	true	0	0	-	-	-	-	-	-	not-rendered	-
toggle-group	orientation:horizontal;size:lg;spacing:separate;variant:outline;pressed:unpressed;selection:single	-	-	a	-	false	true	0	0	-	-	-	-	-	-	not-rendered	-
toggle-group	orientation:horizontal;size:lg;spacing:separate;variant:outline;pressed:unpressed;selection:single	-	toggle-group	div	radiogroup	false	true	153.3	40	154	41	true	-	-	-	-	-
toggle-group	orientation:horizontal;size:lg;spacing:separate;variant:outline;pressed:unpressed;selection:multiple	toggle-group	toggle-group-item	button	-	true	true	62.3	40	63	41	true	-	-	-	-	toggle-group
toggle-group	orientation:horizontal;size:lg;spacing:separate;variant:outline;pressed:unpressed;selection:multiple	toggle-group	toggle-group-item	button	-	true	true	74.4	40	75	41	true	-	-	-	-	toggle-group
toggle-group	orientation:horizontal;size:lg;spacing:separate;variant:outline;pressed:unpressed;selection:multiple	toggle-group	toggle-group-item	button	-	true	true	62.3	40	64	41	true	-	-	-	-	toggle-group
toggle-group	orientation:horizontal;size:lg;spacing:separate;variant:outline;pressed:unpressed;selection:multiple	-	-	button	-	false	true	0	0	-	-	-	-	-	-	not-rendered	-
toggle-group	orientation:horizontal;size:lg;spacing:separate;variant:outline;pressed:unpressed;selection:multiple	-	-	button	-	false	true	0	0	-	-	-	-	-	-	not-rendered	-
toggle-group	orientation:horizontal;size:lg;spacing:separate;variant:outline;pressed:unpressed;selection:multiple	-	-	button	-	false	true	0	0	-	-	-	-	-	-	not-rendered	-
toggle-group	orientation:horizontal;size:lg;spacing:separate;variant:outline;pressed:unpressed;selection:multiple	-	-	a	-	false	true	0	0	-	-	-	-	-	-	not-rendered	-
toggle-group	orientation:horizontal;size:lg;spacing:separate;variant:outline;pressed:unpressed;selection:multiple	-	-	a	-	false	true	0	0	-	-	-	-	-	-	not-rendered	-
toggle-group	orientation:horizontal;size:lg;spacing:separate;variant:outline;pressed:unpressed;selection:multiple	-	-	a	-	false	true	0	0	-	-	-	-	-	-	not-rendered	-
toggle-group	orientation:horizontal;size:lg;spacing:separate;variant:outline;pressed:unpressed;selection:multiple	-	-	a	-	false	true	0	0	-	-	-	-	-	-	not-rendered	-
toggle-group	orientation:horizontal;size:lg;spacing:separate;variant:outline;pressed:unpressed;selection:multiple	-	toggle-group	div	toolbar	false	true	207	40	208	41	true	-	-	-	-	-
toggle-group	orientation:horizontal;size:lg;spacing:separate;variant:outline;pressed:pressed;selection:single	toggle-group	toggle-group-item	button	radio	true	true	44.4	40	45	41	true	-	-	-	-	toggle-group
toggle-group	orientation:horizontal;size:lg;spacing:separate;variant:outline;pressed:pressed;selection:single	toggle-group	toggle-group-item	button	radio	true	true	56.5	40	57	41	true	-	-	-	-	toggle-group
toggle-group	orientation:horizontal;size:lg;spacing:separate;variant:outline;pressed:pressed;selection:single	toggle-group	toggle-group-item	button	radio	true	true	44.4	40	46	41	true	-	-	-	-	toggle-group
toggle-group	orientation:horizontal;size:lg;spacing:separate;variant:outline;pressed:pressed;selection:single	-	-	button	-	false	true	0	0	-	-	-	-	-	-	not-rendered	-
toggle-group	orientation:horizontal;size:lg;spacing:separate;variant:outline;pressed:pressed;selection:single	-	-	button	-	false	true	0	0	-	-	-	-	-	-	not-rendered	-
toggle-group	orientation:horizontal;size:lg;spacing:separate;variant:outline;pressed:pressed;selection:single	-	-	button	-	false	true	0	0	-	-	-	-	-	-	not-rendered	-
toggle-group	orientation:horizontal;size:lg;spacing:separate;variant:outline;pressed:pressed;selection:single	-	-	a	-	false	true	0	0	-	-	-	-	-	-	not-rendered	-
toggle-group	orientation:horizontal;size:lg;spacing:separate;variant:outline;pressed:pressed;selection:single	-	-	a	-	false	true	0	0	-	-	-	-	-	-	not-rendered	-
toggle-group	orientation:horizontal;size:lg;spacing:separate;variant:outline;pressed:pressed;selection:single	-	-	a	-	false	true	0	0	-	-	-	-	-	-	not-rendered	-
toggle-group	orientation:horizontal;size:lg;spacing:separate;variant:outline;pressed:pressed;selection:single	-	-	a	-	false	true	0	0	-	-	-	-	-	-	not-rendered	-
toggle-group	orientation:horizontal;size:lg;spacing:separate;variant:outline;pressed:pressed;selection:single	-	toggle-group	div	radiogroup	false	true	153.3	40	154	41	true	-	-	-	-	-
toggle-group	orientation:horizontal;size:lg;spacing:separate;variant:outline;pressed:pressed;selection:multiple	toggle-group	toggle-group-item	button	-	true	true	62.3	40	63	41	true	-	-	-	-	toggle-group
toggle-group	orientation:horizontal;size:lg;spacing:separate;variant:outline;pressed:pressed;selection:multiple	toggle-group	toggle-group-item	button	-	true	true	74.4	40	75	41	true	-	-	-	-	toggle-group
toggle-group	orientation:horizontal;size:lg;spacing:separate;variant:outline;pressed:pressed;selection:multiple	toggle-group	toggle-group-item	button	-	true	true	62.3	40	64	41	true	-	-	-	-	toggle-group
toggle-group	orientation:horizontal;size:lg;spacing:separate;variant:outline;pressed:pressed;selection:multiple	-	-	button	-	false	true	0	0	-	-	-	-	-	-	not-rendered	-
toggle-group	orientation:horizontal;size:lg;spacing:separate;variant:outline;pressed:pressed;selection:multiple	-	-	button	-	false	true	0	0	-	-	-	-	-	-	not-rendered	-
toggle-group	orientation:horizontal;size:lg;spacing:separate;variant:outline;pressed:pressed;selection:multiple	-	-	button	-	false	true	0	0	-	-	-	-	-	-	not-rendered	-
toggle-group	orientation:horizontal;size:lg;spacing:separate;variant:outline;pressed:pressed;selection:multiple	-	-	a	-	false	true	0	0	-	-	-	-	-	-	not-rendered	-
toggle-group	orientation:horizontal;size:lg;spacing:separate;variant:outline;pressed:pressed;selection:multiple	-	-	a	-	false	true	0	0	-	-	-	-	-	-	not-rendered	-
toggle-group	orientation:horizontal;size:lg;spacing:separate;variant:outline;pressed:pressed;selection:multiple	-	-	a	-	false	true	0	0	-	-	-	-	-	-	not-rendered	-
toggle-group	orientation:horizontal;size:lg;spacing:separate;variant:outline;pressed:pressed;selection:multiple	-	-	a	-	false	true	0	0	-	-	-	-	-	-	not-rendered	-
toggle-group	orientation:horizontal;size:lg;spacing:separate;variant:outline;pressed:pressed;selection:multiple	-	toggle-group	div	toolbar	false	true	207	40	208	41	true	-	-	-	-	-
toggle-group	orientation:horizontal;size:lg;spacing:attached;variant:default;pressed:unpressed;selection:single	toggle-group	toggle-group-item	button	radio	true	true	44.4	40	44	41	true	-	-	-	-	toggle-group
toggle-group	orientation:horizontal;size:lg;spacing:attached;variant:default;pressed:unpressed;selection:single	toggle-group	toggle-group-item	button	radio	true	true	55.5	40	55	41	true	-	-	-	-	toggle-group
toggle-group	orientation:horizontal;size:lg;spacing:attached;variant:default;pressed:unpressed;selection:single	toggle-group	toggle-group-item	button	radio	true	true	43.4	40	45	41	true	-	-	-	-	toggle-group
toggle-group	orientation:horizontal;size:lg;spacing:attached;variant:default;pressed:unpressed;selection:single	-	-	button	-	false	true	0	0	-	-	-	-	-	-	not-rendered	-
toggle-group	orientation:horizontal;size:lg;spacing:attached;variant:default;pressed:unpressed;selection:single	-	-	button	-	false	true	0	0	-	-	-	-	-	-	not-rendered	-
toggle-group	orientation:horizontal;size:lg;spacing:attached;variant:default;pressed:unpressed;selection:single	-	-	button	-	false	true	0	0	-	-	-	-	-	-	not-rendered	-
toggle-group	orientation:horizontal;size:lg;spacing:attached;variant:default;pressed:unpressed;selection:single	-	-	a	-	false	true	0	0	-	-	-	-	-	-	not-rendered	-
toggle-group	orientation:horizontal;size:lg;spacing:attached;variant:default;pressed:unpressed;selection:single	-	-	a	-	false	true	0	0	-	-	-	-	-	-	not-rendered	-
toggle-group	orientation:horizontal;size:lg;spacing:attached;variant:default;pressed:unpressed;selection:single	-	-	a	-	false	true	0	0	-	-	-	-	-	-	not-rendered	-
toggle-group	orientation:horizontal;size:lg;spacing:attached;variant:default;pressed:unpressed;selection:single	-	-	a	-	false	true	0	0	-	-	-	-	-	-	not-rendered	-
toggle-group	orientation:horizontal;size:lg;spacing:attached;variant:default;pressed:unpressed;selection:single	-	toggle-group	div	radiogroup	false	true	143.3	40	144	41	true	-	-	-	-	-
toggle-group	orientation:horizontal;size:lg;spacing:attached;variant:default;pressed:unpressed;selection:multiple	toggle-group	toggle-group-item	button	-	true	true	62.3	40	62	41	true	-	-	-	-	toggle-group
toggle-group	orientation:horizontal;size:lg;spacing:attached;variant:default;pressed:unpressed;selection:multiple	toggle-group	toggle-group-item	button	-	true	true	73.4	40	73	41	true	-	-	-	-	toggle-group
toggle-group	orientation:horizontal;size:lg;spacing:attached;variant:default;pressed:unpressed;selection:multiple	toggle-group	toggle-group-item	button	-	true	true	61.3	40	63	41	true	-	-	-	-	toggle-group
toggle-group	orientation:horizontal;size:lg;spacing:attached;variant:default;pressed:unpressed;selection:multiple	-	-	button	-	false	true	0	0	-	-	-	-	-	-	not-rendered	-
toggle-group	orientation:horizontal;size:lg;spacing:attached;variant:default;pressed:unpressed;selection:multiple	-	-	button	-	false	true	0	0	-	-	-	-	-	-	not-rendered	-
toggle-group	orientation:horizontal;size:lg;spacing:attached;variant:default;pressed:unpressed;selection:multiple	-	-	button	-	false	true	0	0	-	-	-	-	-	-	not-rendered	-
toggle-group	orientation:horizontal;size:lg;spacing:attached;variant:default;pressed:unpressed;selection:multiple	-	-	a	-	false	true	0	0	-	-	-	-	-	-	not-rendered	-
toggle-group	orientation:horizontal;size:lg;spacing:attached;variant:default;pressed:unpressed;selection:multiple	-	-	a	-	false	true	0	0	-	-	-	-	-	-	not-rendered	-
toggle-group	orientation:horizontal;size:lg;spacing:attached;variant:default;pressed:unpressed;selection:multiple	-	-	a	-	false	true	0	0	-	-	-	-	-	-	not-rendered	-
toggle-group	orientation:horizontal;size:lg;spacing:attached;variant:default;pressed:unpressed;selection:multiple	-	-	a	-	false	true	0	0	-	-	-	-	-	-	not-rendered	-
toggle-group	orientation:horizontal;size:lg;spacing:attached;variant:default;pressed:unpressed;selection:multiple	-	toggle-group	div	toolbar	false	true	197	40	198	41	true	-	-	-	-	-
toggle-group	orientation:horizontal;size:lg;spacing:attached;variant:default;pressed:pressed;selection:single	toggle-group	toggle-group-item	button	radio	true	true	44.4	40	44	41	true	-	-	-	-	toggle-group
toggle-group	orientation:horizontal;size:lg;spacing:attached;variant:default;pressed:pressed;selection:single	toggle-group	toggle-group-item	button	radio	true	true	55.5	40	55	41	true	-	-	-	-	toggle-group
toggle-group	orientation:horizontal;size:lg;spacing:attached;variant:default;pressed:pressed;selection:single	toggle-group	toggle-group-item	button	radio	true	true	43.4	40	45	41	true	-	-	-	-	toggle-group
toggle-group	orientation:horizontal;size:lg;spacing:attached;variant:default;pressed:pressed;selection:single	-	-	button	-	false	true	0	0	-	-	-	-	-	-	not-rendered	-
toggle-group	orientation:horizontal;size:lg;spacing:attached;variant:default;pressed:pressed;selection:single	-	-	button	-	false	true	0	0	-	-	-	-	-	-	not-rendered	-
toggle-group	orientation:horizontal;size:lg;spacing:attached;variant:default;pressed:pressed;selection:single	-	-	button	-	false	true	0	0	-	-	-	-	-	-	not-rendered	-
toggle-group	orientation:horizontal;size:lg;spacing:attached;variant:default;pressed:pressed;selection:single	-	-	a	-	false	true	0	0	-	-	-	-	-	-	not-rendered	-
toggle-group	orientation:horizontal;size:lg;spacing:attached;variant:default;pressed:pressed;selection:single	-	-	a	-	false	true	0	0	-	-	-	-	-	-	not-rendered	-
toggle-group	orientation:horizontal;size:lg;spacing:attached;variant:default;pressed:pressed;selection:single	-	-	a	-	false	true	0	0	-	-	-	-	-	-	not-rendered	-
toggle-group	orientation:horizontal;size:lg;spacing:attached;variant:default;pressed:pressed;selection:single	-	-	a	-	false	true	0	0	-	-	-	-	-	-	not-rendered	-
toggle-group	orientation:horizontal;size:lg;spacing:attached;variant:default;pressed:pressed;selection:single	-	toggle-group	div	radiogroup	false	true	143.3	40	144	41	true	-	-	-	-	-
toggle-group	orientation:horizontal;size:lg;spacing:attached;variant:default;pressed:pressed;selection:multiple	toggle-group	toggle-group-item	button	-	true	true	62.3	40	62	41	true	-	-	-	-	toggle-group
toggle-group	orientation:horizontal;size:lg;spacing:attached;variant:default;pressed:pressed;selection:multiple	toggle-group	toggle-group-item	button	-	true	true	73.4	40	73	41	true	-	-	-	-	toggle-group
toggle-group	orientation:horizontal;size:lg;spacing:attached;variant:default;pressed:pressed;selection:multiple	toggle-group	toggle-group-item	button	-	true	true	61.3	40	63	41	true	-	-	-	-	toggle-group
toggle-group	orientation:horizontal;size:lg;spacing:attached;variant:default;pressed:pressed;selection:multiple	-	-	button	-	false	true	0	0	-	-	-	-	-	-	not-rendered	-
toggle-group	orientation:horizontal;size:lg;spacing:attached;variant:default;pressed:pressed;selection:multiple	-	-	button	-	false	true	0	0	-	-	-	-	-	-	not-rendered	-
toggle-group	orientation:horizontal;size:lg;spacing:attached;variant:default;pressed:pressed;selection:multiple	-	-	button	-	false	true	0	0	-	-	-	-	-	-	not-rendered	-
toggle-group	orientation:horizontal;size:lg;spacing:attached;variant:default;pressed:pressed;selection:multiple	-	-	a	-	false	true	0	0	-	-	-	-	-	-	not-rendered	-
toggle-group	orientation:horizontal;size:lg;spacing:attached;variant:default;pressed:pressed;selection:multiple	-	-	a	-	false	true	0	0	-	-	-	-	-	-	not-rendered	-
toggle-group	orientation:horizontal;size:lg;spacing:attached;variant:default;pressed:pressed;selection:multiple	-	-	a	-	false	true	0	0	-	-	-	-	-	-	not-rendered	-
toggle-group	orientation:horizontal;size:lg;spacing:attached;variant:default;pressed:pressed;selection:multiple	-	-	a	-	false	true	0	0	-	-	-	-	-	-	not-rendered	-
toggle-group	orientation:horizontal;size:lg;spacing:attached;variant:default;pressed:pressed;selection:multiple	-	toggle-group	div	toolbar	false	true	197	40	198	41	true	-	-	-	-	-
toggle-group	orientation:horizontal;size:lg;spacing:attached;variant:outline;pressed:unpressed;selection:single	toggle-group	toggle-group-item	button	radio	true	true	44.4	40	44	41	true	-	-	-	-	toggle-group
toggle-group	orientation:horizontal;size:lg;spacing:attached;variant:outline;pressed:unpressed;selection:single	toggle-group	toggle-group-item	button	radio	true	true	55.5	40	55	41	true	-	-	-	-	toggle-group
toggle-group	orientation:horizontal;size:lg;spacing:attached;variant:outline;pressed:unpressed;selection:single	toggle-group	toggle-group-item	button	radio	true	true	43.4	40	45	41	true	-	-	-	-	toggle-group
toggle-group	orientation:horizontal;size:lg;spacing:attached;variant:outline;pressed:unpressed;selection:single	-	-	button	-	false	true	0	0	-	-	-	-	-	-	not-rendered	-
toggle-group	orientation:horizontal;size:lg;spacing:attached;variant:outline;pressed:unpressed;selection:single	-	-	button	-	false	true	0	0	-	-	-	-	-	-	not-rendered	-
toggle-group	orientation:horizontal;size:lg;spacing:attached;variant:outline;pressed:unpressed;selection:single	-	-	button	-	false	true	0	0	-	-	-	-	-	-	not-rendered	-
toggle-group	orientation:horizontal;size:lg;spacing:attached;variant:outline;pressed:unpressed;selection:single	-	-	a	-	false	true	0	0	-	-	-	-	-	-	not-rendered	-
toggle-group	orientation:horizontal;size:lg;spacing:attached;variant:outline;pressed:unpressed;selection:single	-	-	a	-	false	true	0	0	-	-	-	-	-	-	not-rendered	-
toggle-group	orientation:horizontal;size:lg;spacing:attached;variant:outline;pressed:unpressed;selection:single	-	-	a	-	false	true	0	0	-	-	-	-	-	-	not-rendered	-
toggle-group	orientation:horizontal;size:lg;spacing:attached;variant:outline;pressed:unpressed;selection:single	-	-	a	-	false	true	0	0	-	-	-	-	-	-	not-rendered	-
toggle-group	orientation:horizontal;size:lg;spacing:attached;variant:outline;pressed:unpressed;selection:single	-	toggle-group	div	radiogroup	false	true	143.3	40	144	41	true	-	-	-	-	-
toggle-group	orientation:horizontal;size:lg;spacing:attached;variant:outline;pressed:unpressed;selection:multiple	toggle-group	toggle-group-item	button	-	true	true	62.3	40	62	41	true	-	-	-	-	toggle-group
toggle-group	orientation:horizontal;size:lg;spacing:attached;variant:outline;pressed:unpressed;selection:multiple	toggle-group	toggle-group-item	button	-	true	true	73.4	40	73	41	true	-	-	-	-	toggle-group
toggle-group	orientation:horizontal;size:lg;spacing:attached;variant:outline;pressed:unpressed;selection:multiple	toggle-group	toggle-group-item	button	-	true	true	61.3	40	63	41	true	-	-	-	-	toggle-group
toggle-group	orientation:horizontal;size:lg;spacing:attached;variant:outline;pressed:unpressed;selection:multiple	-	-	button	-	false	true	0	0	-	-	-	-	-	-	not-rendered	-
toggle-group	orientation:horizontal;size:lg;spacing:attached;variant:outline;pressed:unpressed;selection:multiple	-	-	button	-	false	true	0	0	-	-	-	-	-	-	not-rendered	-
toggle-group	orientation:horizontal;size:lg;spacing:attached;variant:outline;pressed:unpressed;selection:multiple	-	-	button	-	false	true	0	0	-	-	-	-	-	-	not-rendered	-
toggle-group	orientation:horizontal;size:lg;spacing:attached;variant:outline;pressed:unpressed;selection:multiple	-	-	a	-	false	true	0	0	-	-	-	-	-	-	not-rendered	-
toggle-group	orientation:horizontal;size:lg;spacing:attached;variant:outline;pressed:unpressed;selection:multiple	-	-	a	-	false	true	0	0	-	-	-	-	-	-	not-rendered	-
toggle-group	orientation:horizontal;size:lg;spacing:attached;variant:outline;pressed:unpressed;selection:multiple	-	-	a	-	false	true	0	0	-	-	-	-	-	-	not-rendered	-
toggle-group	orientation:horizontal;size:lg;spacing:attached;variant:outline;pressed:unpressed;selection:multiple	-	-	a	-	false	true	0	0	-	-	-	-	-	-	not-rendered	-
toggle-group	orientation:horizontal;size:lg;spacing:attached;variant:outline;pressed:unpressed;selection:multiple	-	toggle-group	div	toolbar	false	true	197	40	198	41	true	-	-	-	-	-
toggle-group	orientation:horizontal;size:lg;spacing:attached;variant:outline;pressed:pressed;selection:single	toggle-group	toggle-group-item	button	radio	true	true	44.4	40	44	41	true	-	-	-	-	toggle-group
toggle-group	orientation:horizontal;size:lg;spacing:attached;variant:outline;pressed:pressed;selection:single	toggle-group	toggle-group-item	button	radio	true	true	55.5	40	55	41	true	-	-	-	-	toggle-group
toggle-group	orientation:horizontal;size:lg;spacing:attached;variant:outline;pressed:pressed;selection:single	toggle-group	toggle-group-item	button	radio	true	true	43.4	40	45	41	true	-	-	-	-	toggle-group
toggle-group	orientation:horizontal;size:lg;spacing:attached;variant:outline;pressed:pressed;selection:single	-	-	button	-	false	true	0	0	-	-	-	-	-	-	not-rendered	-
toggle-group	orientation:horizontal;size:lg;spacing:attached;variant:outline;pressed:pressed;selection:single	-	-	button	-	false	true	0	0	-	-	-	-	-	-	not-rendered	-
toggle-group	orientation:horizontal;size:lg;spacing:attached;variant:outline;pressed:pressed;selection:single	-	-	button	-	false	true	0	0	-	-	-	-	-	-	not-rendered	-
toggle-group	orientation:horizontal;size:lg;spacing:attached;variant:outline;pressed:pressed;selection:single	-	-	a	-	false	true	0	0	-	-	-	-	-	-	not-rendered	-
toggle-group	orientation:horizontal;size:lg;spacing:attached;variant:outline;pressed:pressed;selection:single	-	-	a	-	false	true	0	0	-	-	-	-	-	-	not-rendered	-
toggle-group	orientation:horizontal;size:lg;spacing:attached;variant:outline;pressed:pressed;selection:single	-	-	a	-	false	true	0	0	-	-	-	-	-	-	not-rendered	-
toggle-group	orientation:horizontal;size:lg;spacing:attached;variant:outline;pressed:pressed;selection:single	-	-	a	-	false	true	0	0	-	-	-	-	-	-	not-rendered	-
toggle-group	orientation:horizontal;size:lg;spacing:attached;variant:outline;pressed:pressed;selection:single	-	toggle-group	div	radiogroup	false	true	143.3	40	144	41	true	-	-	-	-	-
toggle-group	orientation:horizontal;size:lg;spacing:attached;variant:outline;pressed:pressed;selection:multiple	toggle-group	toggle-group-item	button	-	true	true	62.3	40	62	41	true	-	-	-	-	toggle-group
toggle-group	orientation:horizontal;size:lg;spacing:attached;variant:outline;pressed:pressed;selection:multiple	toggle-group	toggle-group-item	button	-	true	true	73.4	40	73	41	true	-	-	-	-	toggle-group
toggle-group	orientation:horizontal;size:lg;spacing:attached;variant:outline;pressed:pressed;selection:multiple	toggle-group	toggle-group-item	button	-	true	true	61.3	40	63	41	true	-	-	-	-	toggle-group
toggle-group	orientation:horizontal;size:lg;spacing:attached;variant:outline;pressed:pressed;selection:multiple	-	-	button	-	false	true	0	0	-	-	-	-	-	-	not-rendered	-
toggle-group	orientation:horizontal;size:lg;spacing:attached;variant:outline;pressed:pressed;selection:multiple	-	-	button	-	false	true	0	0	-	-	-	-	-	-	not-rendered	-
toggle-group	orientation:horizontal;size:lg;spacing:attached;variant:outline;pressed:pressed;selection:multiple	-	-	button	-	false	true	0	0	-	-	-	-	-	-	not-rendered	-
toggle-group	orientation:horizontal;size:lg;spacing:attached;variant:outline;pressed:pressed;selection:multiple	-	-	a	-	false	true	0	0	-	-	-	-	-	-	not-rendered	-
toggle-group	orientation:horizontal;size:lg;spacing:attached;variant:outline;pressed:pressed;selection:multiple	-	-	a	-	false	true	0	0	-	-	-	-	-	-	not-rendered	-
toggle-group	orientation:horizontal;size:lg;spacing:attached;variant:outline;pressed:pressed;selection:multiple	-	-	a	-	false	true	0	0	-	-	-	-	-	-	not-rendered	-
toggle-group	orientation:horizontal;size:lg;spacing:attached;variant:outline;pressed:pressed;selection:multiple	-	-	a	-	false	true	0	0	-	-	-	-	-	-	not-rendered	-
toggle-group	orientation:horizontal;size:lg;spacing:attached;variant:outline;pressed:pressed;selection:multiple	-	toggle-group	div	toolbar	false	true	197	40	198	41	true	-	-	-	-	-
toggle-group	orientation:vertical;size:sm;spacing:separate;variant:default;pressed:unpressed;selection:single	toggle-group	toggle-group-item	button	radio	true	true	42.4	32	43	33	true	-	-	-	-	toggle-group
toggle-group	orientation:vertical;size:sm;spacing:separate;variant:default;pressed:unpressed;selection:single	toggle-group	toggle-group-item	button	radio	true	true	54.5	32	55	33	true	-	-	-	-	toggle-group
toggle-group	orientation:vertical;size:sm;spacing:separate;variant:default;pressed:unpressed;selection:single	toggle-group	toggle-group-item	button	radio	true	true	42.4	32	43	33	true	-	-	-	-	toggle-group
toggle-group	orientation:vertical;size:sm;spacing:separate;variant:default;pressed:unpressed;selection:single	-	-	button	-	false	true	0	0	-	-	-	-	-	-	not-rendered	-
toggle-group	orientation:vertical;size:sm;spacing:separate;variant:default;pressed:unpressed;selection:single	-	-	button	-	false	true	0	0	-	-	-	-	-	-	not-rendered	-
toggle-group	orientation:vertical;size:sm;spacing:separate;variant:default;pressed:unpressed;selection:single	-	-	button	-	false	true	0	0	-	-	-	-	-	-	not-rendered	-
toggle-group	orientation:vertical;size:sm;spacing:separate;variant:default;pressed:unpressed;selection:single	-	-	a	-	false	true	0	0	-	-	-	-	-	-	not-rendered	-
toggle-group	orientation:vertical;size:sm;spacing:separate;variant:default;pressed:unpressed;selection:single	-	-	a	-	false	true	0	0	-	-	-	-	-	-	not-rendered	-
toggle-group	orientation:vertical;size:sm;spacing:separate;variant:default;pressed:unpressed;selection:single	-	-	a	-	false	true	0	0	-	-	-	-	-	-	not-rendered	-
toggle-group	orientation:vertical;size:sm;spacing:separate;variant:default;pressed:unpressed;selection:single	-	-	a	-	false	true	0	0	-	-	-	-	-	-	not-rendered	-
toggle-group	orientation:vertical;size:sm;spacing:separate;variant:default;pressed:unpressed;selection:single	-	toggle-group	div	radiogroup	false	true	54.5	104	55	105	true	-	-	-	-	-
toggle-group	orientation:vertical;size:sm;spacing:separate;variant:default;pressed:unpressed;selection:multiple	toggle-group	toggle-group-item	button	-	true	true	60.3	32	61	33	true	-	-	-	-	toggle-group
toggle-group	orientation:vertical;size:sm;spacing:separate;variant:default;pressed:unpressed;selection:multiple	toggle-group	toggle-group-item	button	-	true	true	72.4	32	73	33	true	-	-	-	-	toggle-group
toggle-group	orientation:vertical;size:sm;spacing:separate;variant:default;pressed:unpressed;selection:multiple	toggle-group	toggle-group-item	button	-	true	true	60.3	32	61	33	true	-	-	-	-	toggle-group
toggle-group	orientation:vertical;size:sm;spacing:separate;variant:default;pressed:unpressed;selection:multiple	-	-	button	-	false	true	0	0	-	-	-	-	-	-	not-rendered	-
toggle-group	orientation:vertical;size:sm;spacing:separate;variant:default;pressed:unpressed;selection:multiple	-	-	button	-	false	true	0	0	-	-	-	-	-	-	not-rendered	-
toggle-group	orientation:vertical;size:sm;spacing:separate;variant:default;pressed:unpressed;selection:multiple	-	-	button	-	false	true	0	0	-	-	-	-	-	-	not-rendered	-
toggle-group	orientation:vertical;size:sm;spacing:separate;variant:default;pressed:unpressed;selection:multiple	-	-	a	-	false	true	0	0	-	-	-	-	-	-	not-rendered	-
toggle-group	orientation:vertical;size:sm;spacing:separate;variant:default;pressed:unpressed;selection:multiple	-	-	a	-	false	true	0	0	-	-	-	-	-	-	not-rendered	-
toggle-group	orientation:vertical;size:sm;spacing:separate;variant:default;pressed:unpressed;selection:multiple	-	-	a	-	false	true	0	0	-	-	-	-	-	-	not-rendered	-
toggle-group	orientation:vertical;size:sm;spacing:separate;variant:default;pressed:unpressed;selection:multiple	-	-	a	-	false	true	0	0	-	-	-	-	-	-	not-rendered	-
toggle-group	orientation:vertical;size:sm;spacing:separate;variant:default;pressed:unpressed;selection:multiple	-	toggle-group	div	toolbar	false	true	72.4	104	73	105	true	-	-	-	-	-
toggle-group	orientation:vertical;size:sm;spacing:separate;variant:default;pressed:pressed;selection:single	toggle-group	toggle-group-item	button	radio	true	true	42.4	32	43	33	true	-	-	-	-	toggle-group
toggle-group	orientation:vertical;size:sm;spacing:separate;variant:default;pressed:pressed;selection:single	toggle-group	toggle-group-item	button	radio	true	true	54.5	32	55	33	true	-	-	-	-	toggle-group
toggle-group	orientation:vertical;size:sm;spacing:separate;variant:default;pressed:pressed;selection:single	toggle-group	toggle-group-item	button	radio	true	true	42.4	32	43	33	true	-	-	-	-	toggle-group
toggle-group	orientation:vertical;size:sm;spacing:separate;variant:default;pressed:pressed;selection:single	-	-	button	-	false	true	0	0	-	-	-	-	-	-	not-rendered	-
toggle-group	orientation:vertical;size:sm;spacing:separate;variant:default;pressed:pressed;selection:single	-	-	button	-	false	true	0	0	-	-	-	-	-	-	not-rendered	-
toggle-group	orientation:vertical;size:sm;spacing:separate;variant:default;pressed:pressed;selection:single	-	-	button	-	false	true	0	0	-	-	-	-	-	-	not-rendered	-
toggle-group	orientation:vertical;size:sm;spacing:separate;variant:default;pressed:pressed;selection:single	-	-	a	-	false	true	0	0	-	-	-	-	-	-	not-rendered	-
toggle-group	orientation:vertical;size:sm;spacing:separate;variant:default;pressed:pressed;selection:single	-	-	a	-	false	true	0	0	-	-	-	-	-	-	not-rendered	-
toggle-group	orientation:vertical;size:sm;spacing:separate;variant:default;pressed:pressed;selection:single	-	-	a	-	false	true	0	0	-	-	-	-	-	-	not-rendered	-
toggle-group	orientation:vertical;size:sm;spacing:separate;variant:default;pressed:pressed;selection:single	-	-	a	-	false	true	0	0	-	-	-	-	-	-	not-rendered	-
toggle-group	orientation:vertical;size:sm;spacing:separate;variant:default;pressed:pressed;selection:single	-	toggle-group	div	radiogroup	false	true	54.5	104	55	105	true	-	-	-	-	-
toggle-group	orientation:vertical;size:sm;spacing:separate;variant:default;pressed:pressed;selection:multiple	toggle-group	toggle-group-item	button	-	true	true	60.3	32	61	33	true	-	-	-	-	toggle-group
toggle-group	orientation:vertical;size:sm;spacing:separate;variant:default;pressed:pressed;selection:multiple	toggle-group	toggle-group-item	button	-	true	true	72.4	32	73	33	true	-	-	-	-	toggle-group
toggle-group	orientation:vertical;size:sm;spacing:separate;variant:default;pressed:pressed;selection:multiple	toggle-group	toggle-group-item	button	-	true	true	60.3	32	61	33	true	-	-	-	-	toggle-group
toggle-group	orientation:vertical;size:sm;spacing:separate;variant:default;pressed:pressed;selection:multiple	-	-	button	-	false	true	0	0	-	-	-	-	-	-	not-rendered	-
toggle-group	orientation:vertical;size:sm;spacing:separate;variant:default;pressed:pressed;selection:multiple	-	-	button	-	false	true	0	0	-	-	-	-	-	-	not-rendered	-
toggle-group	orientation:vertical;size:sm;spacing:separate;variant:default;pressed:pressed;selection:multiple	-	-	button	-	false	true	0	0	-	-	-	-	-	-	not-rendered	-
toggle-group	orientation:vertical;size:sm;spacing:separate;variant:default;pressed:pressed;selection:multiple	-	-	a	-	false	true	0	0	-	-	-	-	-	-	not-rendered	-
toggle-group	orientation:vertical;size:sm;spacing:separate;variant:default;pressed:pressed;selection:multiple	-	-	a	-	false	true	0	0	-	-	-	-	-	-	not-rendered	-
toggle-group	orientation:vertical;size:sm;spacing:separate;variant:default;pressed:pressed;selection:multiple	-	-	a	-	false	true	0	0	-	-	-	-	-	-	not-rendered	-
toggle-group	orientation:vertical;size:sm;spacing:separate;variant:default;pressed:pressed;selection:multiple	-	-	a	-	false	true	0	0	-	-	-	-	-	-	not-rendered	-
toggle-group	orientation:vertical;size:sm;spacing:separate;variant:default;pressed:pressed;selection:multiple	-	toggle-group	div	toolbar	false	true	72.4	104	73	105	true	-	-	-	-	-
toggle-group	orientation:vertical;size:sm;spacing:separate;variant:outline;pressed:unpressed;selection:single	toggle-group	toggle-group-item	button	radio	true	true	44.4	32	45	33	true	-	-	-	-	toggle-group
toggle-group	orientation:vertical;size:sm;spacing:separate;variant:outline;pressed:unpressed;selection:single	toggle-group	toggle-group-item	button	radio	true	true	56.5	32	57	33	true	-	-	-	-	toggle-group
toggle-group	orientation:vertical;size:sm;spacing:separate;variant:outline;pressed:unpressed;selection:single	toggle-group	toggle-group-item	button	radio	true	true	44.4	32	45	33	true	-	-	-	-	toggle-group
toggle-group	orientation:vertical;size:sm;spacing:separate;variant:outline;pressed:unpressed;selection:single	-	-	button	-	false	true	0	0	-	-	-	-	-	-	not-rendered	-
toggle-group	orientation:vertical;size:sm;spacing:separate;variant:outline;pressed:unpressed;selection:single	-	-	button	-	false	true	0	0	-	-	-	-	-	-	not-rendered	-
toggle-group	orientation:vertical;size:sm;spacing:separate;variant:outline;pressed:unpressed;selection:single	-	-	button	-	false	true	0	0	-	-	-	-	-	-	not-rendered	-
toggle-group	orientation:vertical;size:sm;spacing:separate;variant:outline;pressed:unpressed;selection:single	-	-	a	-	false	true	0	0	-	-	-	-	-	-	not-rendered	-
toggle-group	orientation:vertical;size:sm;spacing:separate;variant:outline;pressed:unpressed;selection:single	-	-	a	-	false	true	0	0	-	-	-	-	-	-	not-rendered	-
toggle-group	orientation:vertical;size:sm;spacing:separate;variant:outline;pressed:unpressed;selection:single	-	-	a	-	false	true	0	0	-	-	-	-	-	-	not-rendered	-
toggle-group	orientation:vertical;size:sm;spacing:separate;variant:outline;pressed:unpressed;selection:single	-	-	a	-	false	true	0	0	-	-	-	-	-	-	not-rendered	-
toggle-group	orientation:vertical;size:sm;spacing:separate;variant:outline;pressed:unpressed;selection:single	-	toggle-group	div	radiogroup	false	true	56.5	104	57	105	true	-	-	-	-	-
toggle-group	orientation:vertical;size:sm;spacing:separate;variant:outline;pressed:unpressed;selection:multiple	toggle-group	toggle-group-item	button	-	true	true	62.3	32	63	33	true	-	-	-	-	toggle-group
toggle-group	orientation:vertical;size:sm;spacing:separate;variant:outline;pressed:unpressed;selection:multiple	toggle-group	toggle-group-item	button	-	true	true	74.4	32	75	33	true	-	-	-	-	toggle-group
toggle-group	orientation:vertical;size:sm;spacing:separate;variant:outline;pressed:unpressed;selection:multiple	toggle-group	toggle-group-item	button	-	true	true	62.3	32	63	33	true	-	-	-	-	toggle-group
toggle-group	orientation:vertical;size:sm;spacing:separate;variant:outline;pressed:unpressed;selection:multiple	-	-	button	-	false	true	0	0	-	-	-	-	-	-	not-rendered	-
toggle-group	orientation:vertical;size:sm;spacing:separate;variant:outline;pressed:unpressed;selection:multiple	-	-	button	-	false	true	0	0	-	-	-	-	-	-	not-rendered	-
toggle-group	orientation:vertical;size:sm;spacing:separate;variant:outline;pressed:unpressed;selection:multiple	-	-	button	-	false	true	0	0	-	-	-	-	-	-	not-rendered	-
toggle-group	orientation:vertical;size:sm;spacing:separate;variant:outline;pressed:unpressed;selection:multiple	-	-	a	-	false	true	0	0	-	-	-	-	-	-	not-rendered	-
toggle-group	orientation:vertical;size:sm;spacing:separate;variant:outline;pressed:unpressed;selection:multiple	-	-	a	-	false	true	0	0	-	-	-	-	-	-	not-rendered	-
toggle-group	orientation:vertical;size:sm;spacing:separate;variant:outline;pressed:unpressed;selection:multiple	-	-	a	-	false	true	0	0	-	-	-	-	-	-	not-rendered	-
toggle-group	orientation:vertical;size:sm;spacing:separate;variant:outline;pressed:unpressed;selection:multiple	-	-	a	-	false	true	0	0	-	-	-	-	-	-	not-rendered	-
toggle-group	orientation:vertical;size:sm;spacing:separate;variant:outline;pressed:unpressed;selection:multiple	-	toggle-group	div	toolbar	false	true	74.4	104	75	105	true	-	-	-	-	-
toggle-group	orientation:vertical;size:sm;spacing:separate;variant:outline;pressed:pressed;selection:single	toggle-group	toggle-group-item	button	radio	true	true	44.4	32	45	33	true	-	-	-	-	toggle-group
toggle-group	orientation:vertical;size:sm;spacing:separate;variant:outline;pressed:pressed;selection:single	toggle-group	toggle-group-item	button	radio	true	true	56.5	32	57	33	true	-	-	-	-	toggle-group
toggle-group	orientation:vertical;size:sm;spacing:separate;variant:outline;pressed:pressed;selection:single	toggle-group	toggle-group-item	button	radio	true	true	44.4	32	45	33	true	-	-	-	-	toggle-group
toggle-group	orientation:vertical;size:sm;spacing:separate;variant:outline;pressed:pressed;selection:single	-	-	button	-	false	true	0	0	-	-	-	-	-	-	not-rendered	-
toggle-group	orientation:vertical;size:sm;spacing:separate;variant:outline;pressed:pressed;selection:single	-	-	button	-	false	true	0	0	-	-	-	-	-	-	not-rendered	-
toggle-group	orientation:vertical;size:sm;spacing:separate;variant:outline;pressed:pressed;selection:single	-	-	button	-	false	true	0	0	-	-	-	-	-	-	not-rendered	-
toggle-group	orientation:vertical;size:sm;spacing:separate;variant:outline;pressed:pressed;selection:single	-	-	a	-	false	true	0	0	-	-	-	-	-	-	not-rendered	-
toggle-group	orientation:vertical;size:sm;spacing:separate;variant:outline;pressed:pressed;selection:single	-	-	a	-	false	true	0	0	-	-	-	-	-	-	not-rendered	-
toggle-group	orientation:vertical;size:sm;spacing:separate;variant:outline;pressed:pressed;selection:single	-	-	a	-	false	true	0	0	-	-	-	-	-	-	not-rendered	-
toggle-group	orientation:vertical;size:sm;spacing:separate;variant:outline;pressed:pressed;selection:single	-	-	a	-	false	true	0	0	-	-	-	-	-	-	not-rendered	-
toggle-group	orientation:vertical;size:sm;spacing:separate;variant:outline;pressed:pressed;selection:single	-	toggle-group	div	radiogroup	false	true	56.5	104	57	105	true	-	-	-	-	-
toggle-group	orientation:vertical;size:sm;spacing:separate;variant:outline;pressed:pressed;selection:multiple	toggle-group	toggle-group-item	button	-	true	true	62.3	32	63	33	true	-	-	-	-	toggle-group
toggle-group	orientation:vertical;size:sm;spacing:separate;variant:outline;pressed:pressed;selection:multiple	toggle-group	toggle-group-item	button	-	true	true	74.4	32	75	33	true	-	-	-	-	toggle-group
toggle-group	orientation:vertical;size:sm;spacing:separate;variant:outline;pressed:pressed;selection:multiple	toggle-group	toggle-group-item	button	-	true	true	62.3	32	63	33	true	-	-	-	-	toggle-group
toggle-group	orientation:vertical;size:sm;spacing:separate;variant:outline;pressed:pressed;selection:multiple	-	-	button	-	false	true	0	0	-	-	-	-	-	-	not-rendered	-
toggle-group	orientation:vertical;size:sm;spacing:separate;variant:outline;pressed:pressed;selection:multiple	-	-	button	-	false	true	0	0	-	-	-	-	-	-	not-rendered	-
toggle-group	orientation:vertical;size:sm;spacing:separate;variant:outline;pressed:pressed;selection:multiple	-	-	button	-	false	true	0	0	-	-	-	-	-	-	not-rendered	-
toggle-group	orientation:vertical;size:sm;spacing:separate;variant:outline;pressed:pressed;selection:multiple	-	-	a	-	false	true	0	0	-	-	-	-	-	-	not-rendered	-
toggle-group	orientation:vertical;size:sm;spacing:separate;variant:outline;pressed:pressed;selection:multiple	-	-	a	-	false	true	0	0	-	-	-	-	-	-	not-rendered	-
toggle-group	orientation:vertical;size:sm;spacing:separate;variant:outline;pressed:pressed;selection:multiple	-	-	a	-	false	true	0	0	-	-	-	-	-	-	not-rendered	-
toggle-group	orientation:vertical;size:sm;spacing:separate;variant:outline;pressed:pressed;selection:multiple	-	-	a	-	false	true	0	0	-	-	-	-	-	-	not-rendered	-
toggle-group	orientation:vertical;size:sm;spacing:separate;variant:outline;pressed:pressed;selection:multiple	-	toggle-group	div	toolbar	false	true	74.4	104	75	105	true	-	-	-	-	-
toggle-group	orientation:vertical;size:sm;spacing:attached;variant:default;pressed:unpressed;selection:single	toggle-group	toggle-group-item	button	radio	true	true	44.4	32	45	32	true	-	-	-	-	toggle-group
toggle-group	orientation:vertical;size:sm;spacing:attached;variant:default;pressed:unpressed;selection:single	toggle-group	toggle-group-item	button	radio	true	true	56.5	32	57	32	true	-	-	-	-	toggle-group
toggle-group	orientation:vertical;size:sm;spacing:attached;variant:default;pressed:unpressed;selection:single	toggle-group	toggle-group-item	button	radio	true	true	44.4	32	45	33	true	-	-	-	-	toggle-group
toggle-group	orientation:vertical;size:sm;spacing:attached;variant:default;pressed:unpressed;selection:single	-	-	button	-	false	true	0	0	-	-	-	-	-	-	not-rendered	-
toggle-group	orientation:vertical;size:sm;spacing:attached;variant:default;pressed:unpressed;selection:single	-	-	button	-	false	true	0	0	-	-	-	-	-	-	not-rendered	-
toggle-group	orientation:vertical;size:sm;spacing:attached;variant:default;pressed:unpressed;selection:single	-	-	button	-	false	true	0	0	-	-	-	-	-	-	not-rendered	-
toggle-group	orientation:vertical;size:sm;spacing:attached;variant:default;pressed:unpressed;selection:single	-	-	a	-	false	true	0	0	-	-	-	-	-	-	not-rendered	-
toggle-group	orientation:vertical;size:sm;spacing:attached;variant:default;pressed:unpressed;selection:single	-	-	a	-	false	true	0	0	-	-	-	-	-	-	not-rendered	-
toggle-group	orientation:vertical;size:sm;spacing:attached;variant:default;pressed:unpressed;selection:single	-	-	a	-	false	true	0	0	-	-	-	-	-	-	not-rendered	-
toggle-group	orientation:vertical;size:sm;spacing:attached;variant:default;pressed:unpressed;selection:single	-	-	a	-	false	true	0	0	-	-	-	-	-	-	not-rendered	-
toggle-group	orientation:vertical;size:sm;spacing:attached;variant:default;pressed:unpressed;selection:single	-	toggle-group	div	radiogroup	false	true	56.5	96	57	97	true	-	-	-	-	-
toggle-group	orientation:vertical;size:sm;spacing:attached;variant:default;pressed:unpressed;selection:multiple	toggle-group	toggle-group-item	button	-	true	true	62.3	32	63	32	true	-	-	-	-	toggle-group
toggle-group	orientation:vertical;size:sm;spacing:attached;variant:default;pressed:unpressed;selection:multiple	toggle-group	toggle-group-item	button	-	true	true	74.4	32	75	32	true	-	-	-	-	toggle-group
toggle-group	orientation:vertical;size:sm;spacing:attached;variant:default;pressed:unpressed;selection:multiple	toggle-group	toggle-group-item	button	-	true	true	62.3	32	63	33	true	-	-	-	-	toggle-group
toggle-group	orientation:vertical;size:sm;spacing:attached;variant:default;pressed:unpressed;selection:multiple	-	-	button	-	false	true	0	0	-	-	-	-	-	-	not-rendered	-
toggle-group	orientation:vertical;size:sm;spacing:attached;variant:default;pressed:unpressed;selection:multiple	-	-	button	-	false	true	0	0	-	-	-	-	-	-	not-rendered	-
toggle-group	orientation:vertical;size:sm;spacing:attached;variant:default;pressed:unpressed;selection:multiple	-	-	button	-	false	true	0	0	-	-	-	-	-	-	not-rendered	-
toggle-group	orientation:vertical;size:sm;spacing:attached;variant:default;pressed:unpressed;selection:multiple	-	-	a	-	false	true	0	0	-	-	-	-	-	-	not-rendered	-
toggle-group	orientation:vertical;size:sm;spacing:attached;variant:default;pressed:unpressed;selection:multiple	-	-	a	-	false	true	0	0	-	-	-	-	-	-	not-rendered	-
toggle-group	orientation:vertical;size:sm;spacing:attached;variant:default;pressed:unpressed;selection:multiple	-	-	a	-	false	true	0	0	-	-	-	-	-	-	not-rendered	-
toggle-group	orientation:vertical;size:sm;spacing:attached;variant:default;pressed:unpressed;selection:multiple	-	-	a	-	false	true	0	0	-	-	-	-	-	-	not-rendered	-
toggle-group	orientation:vertical;size:sm;spacing:attached;variant:default;pressed:unpressed;selection:multiple	-	toggle-group	div	toolbar	false	true	74.4	96	75	97	true	-	-	-	-	-
toggle-group	orientation:vertical;size:sm;spacing:attached;variant:default;pressed:pressed;selection:single	toggle-group	toggle-group-item	button	radio	true	true	44.4	32	45	32	true	-	-	-	-	toggle-group
toggle-group	orientation:vertical;size:sm;spacing:attached;variant:default;pressed:pressed;selection:single	toggle-group	toggle-group-item	button	radio	true	true	56.5	32	57	32	true	-	-	-	-	toggle-group
toggle-group	orientation:vertical;size:sm;spacing:attached;variant:default;pressed:pressed;selection:single	toggle-group	toggle-group-item	button	radio	true	true	44.4	32	45	33	true	-	-	-	-	toggle-group
toggle-group	orientation:vertical;size:sm;spacing:attached;variant:default;pressed:pressed;selection:single	-	-	button	-	false	true	0	0	-	-	-	-	-	-	not-rendered	-
toggle-group	orientation:vertical;size:sm;spacing:attached;variant:default;pressed:pressed;selection:single	-	-	button	-	false	true	0	0	-	-	-	-	-	-	not-rendered	-
toggle-group	orientation:vertical;size:sm;spacing:attached;variant:default;pressed:pressed;selection:single	-	-	button	-	false	true	0	0	-	-	-	-	-	-	not-rendered	-
toggle-group	orientation:vertical;size:sm;spacing:attached;variant:default;pressed:pressed;selection:single	-	-	a	-	false	true	0	0	-	-	-	-	-	-	not-rendered	-
toggle-group	orientation:vertical;size:sm;spacing:attached;variant:default;pressed:pressed;selection:single	-	-	a	-	false	true	0	0	-	-	-	-	-	-	not-rendered	-
toggle-group	orientation:vertical;size:sm;spacing:attached;variant:default;pressed:pressed;selection:single	-	-	a	-	false	true	0	0	-	-	-	-	-	-	not-rendered	-
toggle-group	orientation:vertical;size:sm;spacing:attached;variant:default;pressed:pressed;selection:single	-	-	a	-	false	true	0	0	-	-	-	-	-	-	not-rendered	-
toggle-group	orientation:vertical;size:sm;spacing:attached;variant:default;pressed:pressed;selection:single	-	toggle-group	div	radiogroup	false	true	56.5	96	57	97	true	-	-	-	-	-
toggle-group	orientation:vertical;size:sm;spacing:attached;variant:default;pressed:pressed;selection:multiple	toggle-group	toggle-group-item	button	-	true	true	62.3	32	63	32	true	-	-	-	-	toggle-group
toggle-group	orientation:vertical;size:sm;spacing:attached;variant:default;pressed:pressed;selection:multiple	toggle-group	toggle-group-item	button	-	true	true	74.4	32	75	32	true	-	-	-	-	toggle-group
toggle-group	orientation:vertical;size:sm;spacing:attached;variant:default;pressed:pressed;selection:multiple	toggle-group	toggle-group-item	button	-	true	true	62.3	32	63	33	true	-	-	-	-	toggle-group
toggle-group	orientation:vertical;size:sm;spacing:attached;variant:default;pressed:pressed;selection:multiple	-	-	button	-	false	true	0	0	-	-	-	-	-	-	not-rendered	-
toggle-group	orientation:vertical;size:sm;spacing:attached;variant:default;pressed:pressed;selection:multiple	-	-	button	-	false	true	0	0	-	-	-	-	-	-	not-rendered	-
toggle-group	orientation:vertical;size:sm;spacing:attached;variant:default;pressed:pressed;selection:multiple	-	-	button	-	false	true	0	0	-	-	-	-	-	-	not-rendered	-
toggle-group	orientation:vertical;size:sm;spacing:attached;variant:default;pressed:pressed;selection:multiple	-	-	a	-	false	true	0	0	-	-	-	-	-	-	not-rendered	-
toggle-group	orientation:vertical;size:sm;spacing:attached;variant:default;pressed:pressed;selection:multiple	-	-	a	-	false	true	0	0	-	-	-	-	-	-	not-rendered	-
toggle-group	orientation:vertical;size:sm;spacing:attached;variant:default;pressed:pressed;selection:multiple	-	-	a	-	false	true	0	0	-	-	-	-	-	-	not-rendered	-
toggle-group	orientation:vertical;size:sm;spacing:attached;variant:default;pressed:pressed;selection:multiple	-	-	a	-	false	true	0	0	-	-	-	-	-	-	not-rendered	-
toggle-group	orientation:vertical;size:sm;spacing:attached;variant:default;pressed:pressed;selection:multiple	-	toggle-group	div	toolbar	false	true	74.4	96	75	97	true	-	-	-	-	-
toggle-group	orientation:vertical;size:sm;spacing:attached;variant:outline;pressed:unpressed;selection:single	toggle-group	toggle-group-item	button	radio	true	true	44.4	32	45	32	true	-	-	-	-	toggle-group
toggle-group	orientation:vertical;size:sm;spacing:attached;variant:outline;pressed:unpressed;selection:single	toggle-group	toggle-group-item	button	radio	true	true	56.5	32	57	32	true	-	-	-	-	toggle-group
toggle-group	orientation:vertical;size:sm;spacing:attached;variant:outline;pressed:unpressed;selection:single	toggle-group	toggle-group-item	button	radio	true	true	44.4	32	45	33	true	-	-	-	-	toggle-group
toggle-group	orientation:vertical;size:sm;spacing:attached;variant:outline;pressed:unpressed;selection:single	-	-	button	-	false	true	0	0	-	-	-	-	-	-	not-rendered	-
toggle-group	orientation:vertical;size:sm;spacing:attached;variant:outline;pressed:unpressed;selection:single	-	-	button	-	false	true	0	0	-	-	-	-	-	-	not-rendered	-
toggle-group	orientation:vertical;size:sm;spacing:attached;variant:outline;pressed:unpressed;selection:single	-	-	button	-	false	true	0	0	-	-	-	-	-	-	not-rendered	-
toggle-group	orientation:vertical;size:sm;spacing:attached;variant:outline;pressed:unpressed;selection:single	-	-	a	-	false	true	0	0	-	-	-	-	-	-	not-rendered	-
toggle-group	orientation:vertical;size:sm;spacing:attached;variant:outline;pressed:unpressed;selection:single	-	-	a	-	false	true	0	0	-	-	-	-	-	-	not-rendered	-
toggle-group	orientation:vertical;size:sm;spacing:attached;variant:outline;pressed:unpressed;selection:single	-	-	a	-	false	true	0	0	-	-	-	-	-	-	not-rendered	-
toggle-group	orientation:vertical;size:sm;spacing:attached;variant:outline;pressed:unpressed;selection:single	-	-	a	-	false	true	0	0	-	-	-	-	-	-	not-rendered	-
toggle-group	orientation:vertical;size:sm;spacing:attached;variant:outline;pressed:unpressed;selection:single	-	toggle-group	div	radiogroup	false	true	56.5	96	57	97	true	-	-	-	-	-
toggle-group	orientation:vertical;size:sm;spacing:attached;variant:outline;pressed:unpressed;selection:multiple	toggle-group	toggle-group-item	button	-	true	true	62.3	32	63	32	true	-	-	-	-	toggle-group
toggle-group	orientation:vertical;size:sm;spacing:attached;variant:outline;pressed:unpressed;selection:multiple	toggle-group	toggle-group-item	button	-	true	true	74.4	32	75	32	true	-	-	-	-	toggle-group
toggle-group	orientation:vertical;size:sm;spacing:attached;variant:outline;pressed:unpressed;selection:multiple	toggle-group	toggle-group-item	button	-	true	true	62.3	32	63	33	true	-	-	-	-	toggle-group
toggle-group	orientation:vertical;size:sm;spacing:attached;variant:outline;pressed:unpressed;selection:multiple	-	-	button	-	false	true	0	0	-	-	-	-	-	-	not-rendered	-
toggle-group	orientation:vertical;size:sm;spacing:attached;variant:outline;pressed:unpressed;selection:multiple	-	-	button	-	false	true	0	0	-	-	-	-	-	-	not-rendered	-
toggle-group	orientation:vertical;size:sm;spacing:attached;variant:outline;pressed:unpressed;selection:multiple	-	-	button	-	false	true	0	0	-	-	-	-	-	-	not-rendered	-
toggle-group	orientation:vertical;size:sm;spacing:attached;variant:outline;pressed:unpressed;selection:multiple	-	-	a	-	false	true	0	0	-	-	-	-	-	-	not-rendered	-
toggle-group	orientation:vertical;size:sm;spacing:attached;variant:outline;pressed:unpressed;selection:multiple	-	-	a	-	false	true	0	0	-	-	-	-	-	-	not-rendered	-
toggle-group	orientation:vertical;size:sm;spacing:attached;variant:outline;pressed:unpressed;selection:multiple	-	-	a	-	false	true	0	0	-	-	-	-	-	-	not-rendered	-
toggle-group	orientation:vertical;size:sm;spacing:attached;variant:outline;pressed:unpressed;selection:multiple	-	-	a	-	false	true	0	0	-	-	-	-	-	-	not-rendered	-
toggle-group	orientation:vertical;size:sm;spacing:attached;variant:outline;pressed:unpressed;selection:multiple	-	toggle-group	div	toolbar	false	true	74.4	96	75	97	true	-	-	-	-	-
toggle-group	orientation:vertical;size:sm;spacing:attached;variant:outline;pressed:pressed;selection:single	toggle-group	toggle-group-item	button	radio	true	true	44.4	32	45	32	true	-	-	-	-	toggle-group
toggle-group	orientation:vertical;size:sm;spacing:attached;variant:outline;pressed:pressed;selection:single	toggle-group	toggle-group-item	button	radio	true	true	56.5	32	57	32	true	-	-	-	-	toggle-group
toggle-group	orientation:vertical;size:sm;spacing:attached;variant:outline;pressed:pressed;selection:single	toggle-group	toggle-group-item	button	radio	true	true	44.4	32	45	33	true	-	-	-	-	toggle-group
toggle-group	orientation:vertical;size:sm;spacing:attached;variant:outline;pressed:pressed;selection:single	-	-	button	-	false	true	0	0	-	-	-	-	-	-	not-rendered	-
toggle-group	orientation:vertical;size:sm;spacing:attached;variant:outline;pressed:pressed;selection:single	-	-	button	-	false	true	0	0	-	-	-	-	-	-	not-rendered	-
toggle-group	orientation:vertical;size:sm;spacing:attached;variant:outline;pressed:pressed;selection:single	-	-	button	-	false	true	0	0	-	-	-	-	-	-	not-rendered	-
toggle-group	orientation:vertical;size:sm;spacing:attached;variant:outline;pressed:pressed;selection:single	-	-	a	-	false	true	0	0	-	-	-	-	-	-	not-rendered	-
toggle-group	orientation:vertical;size:sm;spacing:attached;variant:outline;pressed:pressed;selection:single	-	-	a	-	false	true	0	0	-	-	-	-	-	-	not-rendered	-
toggle-group	orientation:vertical;size:sm;spacing:attached;variant:outline;pressed:pressed;selection:single	-	-	a	-	false	true	0	0	-	-	-	-	-	-	not-rendered	-
toggle-group	orientation:vertical;size:sm;spacing:attached;variant:outline;pressed:pressed;selection:single	-	-	a	-	false	true	0	0	-	-	-	-	-	-	not-rendered	-
toggle-group	orientation:vertical;size:sm;spacing:attached;variant:outline;pressed:pressed;selection:single	-	toggle-group	div	radiogroup	false	true	56.5	96	57	97	true	-	-	-	-	-
toggle-group	orientation:vertical;size:sm;spacing:attached;variant:outline;pressed:pressed;selection:multiple	toggle-group	toggle-group-item	button	-	true	true	62.3	32	63	32	true	-	-	-	-	toggle-group
toggle-group	orientation:vertical;size:sm;spacing:attached;variant:outline;pressed:pressed;selection:multiple	toggle-group	toggle-group-item	button	-	true	true	74.4	32	75	32	true	-	-	-	-	toggle-group
toggle-group	orientation:vertical;size:sm;spacing:attached;variant:outline;pressed:pressed;selection:multiple	toggle-group	toggle-group-item	button	-	true	true	62.3	32	63	33	true	-	-	-	-	toggle-group
toggle-group	orientation:vertical;size:sm;spacing:attached;variant:outline;pressed:pressed;selection:multiple	-	-	button	-	false	true	0	0	-	-	-	-	-	-	not-rendered	-
toggle-group	orientation:vertical;size:sm;spacing:attached;variant:outline;pressed:pressed;selection:multiple	-	-	button	-	false	true	0	0	-	-	-	-	-	-	not-rendered	-
toggle-group	orientation:vertical;size:sm;spacing:attached;variant:outline;pressed:pressed;selection:multiple	-	-	button	-	false	true	0	0	-	-	-	-	-	-	not-rendered	-
toggle-group	orientation:vertical;size:sm;spacing:attached;variant:outline;pressed:pressed;selection:multiple	-	-	a	-	false	true	0	0	-	-	-	-	-	-	not-rendered	-
toggle-group	orientation:vertical;size:sm;spacing:attached;variant:outline;pressed:pressed;selection:multiple	-	-	a	-	false	true	0	0	-	-	-	-	-	-	not-rendered	-
toggle-group	orientation:vertical;size:sm;spacing:attached;variant:outline;pressed:pressed;selection:multiple	-	-	a	-	false	true	0	0	-	-	-	-	-	-	not-rendered	-
toggle-group	orientation:vertical;size:sm;spacing:attached;variant:outline;pressed:pressed;selection:multiple	-	-	a	-	false	true	0	0	-	-	-	-	-	-	not-rendered	-
toggle-group	orientation:vertical;size:sm;spacing:attached;variant:outline;pressed:pressed;selection:multiple	-	toggle-group	div	toolbar	false	true	74.4	96	75	97	true	-	-	-	-	-
toggle-group	orientation:vertical;size:default;spacing:separate;variant:default;pressed:unpressed;selection:single	toggle-group	toggle-group-item	button	radio	true	true	42.4	36	43	37	true	-	-	-	-	toggle-group
toggle-group	orientation:vertical;size:default;spacing:separate;variant:default;pressed:unpressed;selection:single	toggle-group	toggle-group-item	button	radio	true	true	54.5	36	55	37	true	-	-	-	-	toggle-group
toggle-group	orientation:vertical;size:default;spacing:separate;variant:default;pressed:unpressed;selection:single	toggle-group	toggle-group-item	button	radio	true	true	42.4	36	43	37	true	-	-	-	-	toggle-group
toggle-group	orientation:vertical;size:default;spacing:separate;variant:default;pressed:unpressed;selection:single	-	-	button	-	false	true	0	0	-	-	-	-	-	-	not-rendered	-
toggle-group	orientation:vertical;size:default;spacing:separate;variant:default;pressed:unpressed;selection:single	-	-	button	-	false	true	0	0	-	-	-	-	-	-	not-rendered	-
toggle-group	orientation:vertical;size:default;spacing:separate;variant:default;pressed:unpressed;selection:single	-	-	button	-	false	true	0	0	-	-	-	-	-	-	not-rendered	-
toggle-group	orientation:vertical;size:default;spacing:separate;variant:default;pressed:unpressed;selection:single	-	-	a	-	false	true	0	0	-	-	-	-	-	-	not-rendered	-
toggle-group	orientation:vertical;size:default;spacing:separate;variant:default;pressed:unpressed;selection:single	-	-	a	-	false	true	0	0	-	-	-	-	-	-	not-rendered	-
toggle-group	orientation:vertical;size:default;spacing:separate;variant:default;pressed:unpressed;selection:single	-	-	a	-	false	true	0	0	-	-	-	-	-	-	not-rendered	-
toggle-group	orientation:vertical;size:default;spacing:separate;variant:default;pressed:unpressed;selection:single	-	-	a	-	false	true	0	0	-	-	-	-	-	-	not-rendered	-
toggle-group	orientation:vertical;size:default;spacing:separate;variant:default;pressed:unpressed;selection:single	-	toggle-group	div	radiogroup	false	true	54.5	116	55	117	true	-	-	-	-	-
toggle-group	orientation:vertical;size:default;spacing:separate;variant:default;pressed:unpressed;selection:multiple	toggle-group	toggle-group-item	button	-	true	true	60.3	36	61	37	true	-	-	-	-	toggle-group
toggle-group	orientation:vertical;size:default;spacing:separate;variant:default;pressed:unpressed;selection:multiple	toggle-group	toggle-group-item	button	-	true	true	72.4	36	73	37	true	-	-	-	-	toggle-group
toggle-group	orientation:vertical;size:default;spacing:separate;variant:default;pressed:unpressed;selection:multiple	toggle-group	toggle-group-item	button	-	true	true	60.3	36	61	37	true	-	-	-	-	toggle-group
toggle-group	orientation:vertical;size:default;spacing:separate;variant:default;pressed:unpressed;selection:multiple	-	-	button	-	false	true	0	0	-	-	-	-	-	-	not-rendered	-
toggle-group	orientation:vertical;size:default;spacing:separate;variant:default;pressed:unpressed;selection:multiple	-	-	button	-	false	true	0	0	-	-	-	-	-	-	not-rendered	-
toggle-group	orientation:vertical;size:default;spacing:separate;variant:default;pressed:unpressed;selection:multiple	-	-	button	-	false	true	0	0	-	-	-	-	-	-	not-rendered	-
toggle-group	orientation:vertical;size:default;spacing:separate;variant:default;pressed:unpressed;selection:multiple	-	-	a	-	false	true	0	0	-	-	-	-	-	-	not-rendered	-
toggle-group	orientation:vertical;size:default;spacing:separate;variant:default;pressed:unpressed;selection:multiple	-	-	a	-	false	true	0	0	-	-	-	-	-	-	not-rendered	-
toggle-group	orientation:vertical;size:default;spacing:separate;variant:default;pressed:unpressed;selection:multiple	-	-	a	-	false	true	0	0	-	-	-	-	-	-	not-rendered	-
toggle-group	orientation:vertical;size:default;spacing:separate;variant:default;pressed:unpressed;selection:multiple	-	-	a	-	false	true	0	0	-	-	-	-	-	-	not-rendered	-
toggle-group	orientation:vertical;size:default;spacing:separate;variant:default;pressed:unpressed;selection:multiple	-	toggle-group	div	toolbar	false	true	72.4	116	73	117	true	-	-	-	-	-
toggle-group	orientation:vertical;size:default;spacing:separate;variant:default;pressed:pressed;selection:single	toggle-group	toggle-group-item	button	radio	true	true	42.4	36	43	37	true	-	-	-	-	toggle-group
toggle-group	orientation:vertical;size:default;spacing:separate;variant:default;pressed:pressed;selection:single	toggle-group	toggle-group-item	button	radio	true	true	54.5	36	55	37	true	-	-	-	-	toggle-group
toggle-group	orientation:vertical;size:default;spacing:separate;variant:default;pressed:pressed;selection:single	toggle-group	toggle-group-item	button	radio	true	true	42.4	36	43	37	true	-	-	-	-	toggle-group
toggle-group	orientation:vertical;size:default;spacing:separate;variant:default;pressed:pressed;selection:single	-	-	button	-	false	true	0	0	-	-	-	-	-	-	not-rendered	-
toggle-group	orientation:vertical;size:default;spacing:separate;variant:default;pressed:pressed;selection:single	-	-	button	-	false	true	0	0	-	-	-	-	-	-	not-rendered	-
toggle-group	orientation:vertical;size:default;spacing:separate;variant:default;pressed:pressed;selection:single	-	-	button	-	false	true	0	0	-	-	-	-	-	-	not-rendered	-
toggle-group	orientation:vertical;size:default;spacing:separate;variant:default;pressed:pressed;selection:single	-	-	a	-	false	true	0	0	-	-	-	-	-	-	not-rendered	-
toggle-group	orientation:vertical;size:default;spacing:separate;variant:default;pressed:pressed;selection:single	-	-	a	-	false	true	0	0	-	-	-	-	-	-	not-rendered	-
toggle-group	orientation:vertical;size:default;spacing:separate;variant:default;pressed:pressed;selection:single	-	-	a	-	false	true	0	0	-	-	-	-	-	-	not-rendered	-
toggle-group	orientation:vertical;size:default;spacing:separate;variant:default;pressed:pressed;selection:single	-	-	a	-	false	true	0	0	-	-	-	-	-	-	not-rendered	-
toggle-group	orientation:vertical;size:default;spacing:separate;variant:default;pressed:pressed;selection:single	-	toggle-group	div	radiogroup	false	true	54.5	116	55	117	true	-	-	-	-	-
toggle-group	orientation:vertical;size:default;spacing:separate;variant:default;pressed:pressed;selection:multiple	toggle-group	toggle-group-item	button	-	true	true	60.3	36	61	37	true	-	-	-	-	toggle-group
toggle-group	orientation:vertical;size:default;spacing:separate;variant:default;pressed:pressed;selection:multiple	toggle-group	toggle-group-item	button	-	true	true	72.4	36	73	37	true	-	-	-	-	toggle-group
toggle-group	orientation:vertical;size:default;spacing:separate;variant:default;pressed:pressed;selection:multiple	toggle-group	toggle-group-item	button	-	true	true	60.3	36	61	37	true	-	-	-	-	toggle-group
toggle-group	orientation:vertical;size:default;spacing:separate;variant:default;pressed:pressed;selection:multiple	-	-	button	-	false	true	0	0	-	-	-	-	-	-	not-rendered	-
toggle-group	orientation:vertical;size:default;spacing:separate;variant:default;pressed:pressed;selection:multiple	-	-	button	-	false	true	0	0	-	-	-	-	-	-	not-rendered	-
toggle-group	orientation:vertical;size:default;spacing:separate;variant:default;pressed:pressed;selection:multiple	-	-	button	-	false	true	0	0	-	-	-	-	-	-	not-rendered	-
toggle-group	orientation:vertical;size:default;spacing:separate;variant:default;pressed:pressed;selection:multiple	-	-	a	-	false	true	0	0	-	-	-	-	-	-	not-rendered	-
toggle-group	orientation:vertical;size:default;spacing:separate;variant:default;pressed:pressed;selection:multiple	-	-	a	-	false	true	0	0	-	-	-	-	-	-	not-rendered	-
toggle-group	orientation:vertical;size:default;spacing:separate;variant:default;pressed:pressed;selection:multiple	-	-	a	-	false	true	0	0	-	-	-	-	-	-	not-rendered	-
toggle-group	orientation:vertical;size:default;spacing:separate;variant:default;pressed:pressed;selection:multiple	-	-	a	-	false	true	0	0	-	-	-	-	-	-	not-rendered	-
toggle-group	orientation:vertical;size:default;spacing:separate;variant:default;pressed:pressed;selection:multiple	-	toggle-group	div	toolbar	false	true	72.4	116	73	117	true	-	-	-	-	-
toggle-group	orientation:vertical;size:default;spacing:separate;variant:outline;pressed:unpressed;selection:single	toggle-group	toggle-group-item	button	radio	true	true	44.4	36	45	37	true	-	-	-	-	toggle-group
toggle-group	orientation:vertical;size:default;spacing:separate;variant:outline;pressed:unpressed;selection:single	toggle-group	toggle-group-item	button	radio	true	true	56.5	36	57	37	true	-	-	-	-	toggle-group
toggle-group	orientation:vertical;size:default;spacing:separate;variant:outline;pressed:unpressed;selection:single	toggle-group	toggle-group-item	button	radio	true	true	44.4	36	45	37	true	-	-	-	-	toggle-group
toggle-group	orientation:vertical;size:default;spacing:separate;variant:outline;pressed:unpressed;selection:single	-	-	button	-	false	true	0	0	-	-	-	-	-	-	not-rendered	-
toggle-group	orientation:vertical;size:default;spacing:separate;variant:outline;pressed:unpressed;selection:single	-	-	button	-	false	true	0	0	-	-	-	-	-	-	not-rendered	-
toggle-group	orientation:vertical;size:default;spacing:separate;variant:outline;pressed:unpressed;selection:single	-	-	button	-	false	true	0	0	-	-	-	-	-	-	not-rendered	-
toggle-group	orientation:vertical;size:default;spacing:separate;variant:outline;pressed:unpressed;selection:single	-	-	a	-	false	true	0	0	-	-	-	-	-	-	not-rendered	-
toggle-group	orientation:vertical;size:default;spacing:separate;variant:outline;pressed:unpressed;selection:single	-	-	a	-	false	true	0	0	-	-	-	-	-	-	not-rendered	-
toggle-group	orientation:vertical;size:default;spacing:separate;variant:outline;pressed:unpressed;selection:single	-	-	a	-	false	true	0	0	-	-	-	-	-	-	not-rendered	-
toggle-group	orientation:vertical;size:default;spacing:separate;variant:outline;pressed:unpressed;selection:single	-	-	a	-	false	true	0	0	-	-	-	-	-	-	not-rendered	-
toggle-group	orientation:vertical;size:default;spacing:separate;variant:outline;pressed:unpressed;selection:single	-	toggle-group	div	radiogroup	false	true	56.5	116	57	117	true	-	-	-	-	-
toggle-group	orientation:vertical;size:default;spacing:separate;variant:outline;pressed:unpressed;selection:multiple	toggle-group	toggle-group-item	button	-	true	true	62.3	36	63	37	true	-	-	-	-	toggle-group
toggle-group	orientation:vertical;size:default;spacing:separate;variant:outline;pressed:unpressed;selection:multiple	toggle-group	toggle-group-item	button	-	true	true	74.4	36	75	37	true	-	-	-	-	toggle-group
toggle-group	orientation:vertical;size:default;spacing:separate;variant:outline;pressed:unpressed;selection:multiple	toggle-group	toggle-group-item	button	-	true	true	62.3	36	63	37	true	-	-	-	-	toggle-group
toggle-group	orientation:vertical;size:default;spacing:separate;variant:outline;pressed:unpressed;selection:multiple	-	-	button	-	false	true	0	0	-	-	-	-	-	-	not-rendered	-
toggle-group	orientation:vertical;size:default;spacing:separate;variant:outline;pressed:unpressed;selection:multiple	-	-	button	-	false	true	0	0	-	-	-	-	-	-	not-rendered	-
toggle-group	orientation:vertical;size:default;spacing:separate;variant:outline;pressed:unpressed;selection:multiple	-	-	button	-	false	true	0	0	-	-	-	-	-	-	not-rendered	-
toggle-group	orientation:vertical;size:default;spacing:separate;variant:outline;pressed:unpressed;selection:multiple	-	-	a	-	false	true	0	0	-	-	-	-	-	-	not-rendered	-
toggle-group	orientation:vertical;size:default;spacing:separate;variant:outline;pressed:unpressed;selection:multiple	-	-	a	-	false	true	0	0	-	-	-	-	-	-	not-rendered	-
toggle-group	orientation:vertical;size:default;spacing:separate;variant:outline;pressed:unpressed;selection:multiple	-	-	a	-	false	true	0	0	-	-	-	-	-	-	not-rendered	-
toggle-group	orientation:vertical;size:default;spacing:separate;variant:outline;pressed:unpressed;selection:multiple	-	-	a	-	false	true	0	0	-	-	-	-	-	-	not-rendered	-
toggle-group	orientation:vertical;size:default;spacing:separate;variant:outline;pressed:unpressed;selection:multiple	-	toggle-group	div	toolbar	false	true	74.4	116	75	117	true	-	-	-	-	-
toggle-group	orientation:vertical;size:default;spacing:separate;variant:outline;pressed:pressed;selection:single	toggle-group	toggle-group-item	button	radio	true	true	44.4	36	45	37	true	-	-	-	-	toggle-group
toggle-group	orientation:vertical;size:default;spacing:separate;variant:outline;pressed:pressed;selection:single	toggle-group	toggle-group-item	button	radio	true	true	56.5	36	57	37	true	-	-	-	-	toggle-group
toggle-group	orientation:vertical;size:default;spacing:separate;variant:outline;pressed:pressed;selection:single	toggle-group	toggle-group-item	button	radio	true	true	44.4	36	45	37	true	-	-	-	-	toggle-group
toggle-group	orientation:vertical;size:default;spacing:separate;variant:outline;pressed:pressed;selection:single	-	-	button	-	false	true	0	0	-	-	-	-	-	-	not-rendered	-
toggle-group	orientation:vertical;size:default;spacing:separate;variant:outline;pressed:pressed;selection:single	-	-	button	-	false	true	0	0	-	-	-	-	-	-	not-rendered	-
toggle-group	orientation:vertical;size:default;spacing:separate;variant:outline;pressed:pressed;selection:single	-	-	button	-	false	true	0	0	-	-	-	-	-	-	not-rendered	-
toggle-group	orientation:vertical;size:default;spacing:separate;variant:outline;pressed:pressed;selection:single	-	-	a	-	false	true	0	0	-	-	-	-	-	-	not-rendered	-
toggle-group	orientation:vertical;size:default;spacing:separate;variant:outline;pressed:pressed;selection:single	-	-	a	-	false	true	0	0	-	-	-	-	-	-	not-rendered	-
toggle-group	orientation:vertical;size:default;spacing:separate;variant:outline;pressed:pressed;selection:single	-	-	a	-	false	true	0	0	-	-	-	-	-	-	not-rendered	-
toggle-group	orientation:vertical;size:default;spacing:separate;variant:outline;pressed:pressed;selection:single	-	-	a	-	false	true	0	0	-	-	-	-	-	-	not-rendered	-
toggle-group	orientation:vertical;size:default;spacing:separate;variant:outline;pressed:pressed;selection:single	-	toggle-group	div	radiogroup	false	true	56.5	116	57	117	true	-	-	-	-	-
toggle-group	orientation:vertical;size:default;spacing:separate;variant:outline;pressed:pressed;selection:multiple	toggle-group	toggle-group-item	button	-	true	true	62.3	36	63	37	true	-	-	-	-	toggle-group
toggle-group	orientation:vertical;size:default;spacing:separate;variant:outline;pressed:pressed;selection:multiple	toggle-group	toggle-group-item	button	-	true	true	74.4	36	75	37	true	-	-	-	-	toggle-group
toggle-group	orientation:vertical;size:default;spacing:separate;variant:outline;pressed:pressed;selection:multiple	toggle-group	toggle-group-item	button	-	true	true	62.3	36	63	37	true	-	-	-	-	toggle-group
toggle-group	orientation:vertical;size:default;spacing:separate;variant:outline;pressed:pressed;selection:multiple	-	-	button	-	false	true	0	0	-	-	-	-	-	-	not-rendered	-
toggle-group	orientation:vertical;size:default;spacing:separate;variant:outline;pressed:pressed;selection:multiple	-	-	button	-	false	true	0	0	-	-	-	-	-	-	not-rendered	-
toggle-group	orientation:vertical;size:default;spacing:separate;variant:outline;pressed:pressed;selection:multiple	-	-	button	-	false	true	0	0	-	-	-	-	-	-	not-rendered	-
toggle-group	orientation:vertical;size:default;spacing:separate;variant:outline;pressed:pressed;selection:multiple	-	-	a	-	false	true	0	0	-	-	-	-	-	-	not-rendered	-
toggle-group	orientation:vertical;size:default;spacing:separate;variant:outline;pressed:pressed;selection:multiple	-	-	a	-	false	true	0	0	-	-	-	-	-	-	not-rendered	-
toggle-group	orientation:vertical;size:default;spacing:separate;variant:outline;pressed:pressed;selection:multiple	-	-	a	-	false	true	0	0	-	-	-	-	-	-	not-rendered	-
toggle-group	orientation:vertical;size:default;spacing:separate;variant:outline;pressed:pressed;selection:multiple	-	-	a	-	false	true	0	0	-	-	-	-	-	-	not-rendered	-
toggle-group	orientation:vertical;size:default;spacing:separate;variant:outline;pressed:pressed;selection:multiple	-	toggle-group	div	toolbar	false	true	74.4	116	75	117	true	-	-	-	-	-
toggle-group	orientation:vertical;size:default;spacing:attached;variant:default;pressed:unpressed;selection:single	toggle-group	toggle-group-item	button	radio	true	true	44.4	36	45	36	true	-	-	-	-	toggle-group
toggle-group	orientation:vertical;size:default;spacing:attached;variant:default;pressed:unpressed;selection:single	toggle-group	toggle-group-item	button	radio	true	true	56.5	36	57	36	true	-	-	-	-	toggle-group
toggle-group	orientation:vertical;size:default;spacing:attached;variant:default;pressed:unpressed;selection:single	toggle-group	toggle-group-item	button	radio	true	true	44.4	36	45	37	true	-	-	-	-	toggle-group
toggle-group	orientation:vertical;size:default;spacing:attached;variant:default;pressed:unpressed;selection:single	-	-	button	-	false	true	0	0	-	-	-	-	-	-	not-rendered	-
toggle-group	orientation:vertical;size:default;spacing:attached;variant:default;pressed:unpressed;selection:single	-	-	button	-	false	true	0	0	-	-	-	-	-	-	not-rendered	-
toggle-group	orientation:vertical;size:default;spacing:attached;variant:default;pressed:unpressed;selection:single	-	-	button	-	false	true	0	0	-	-	-	-	-	-	not-rendered	-
toggle-group	orientation:vertical;size:default;spacing:attached;variant:default;pressed:unpressed;selection:single	-	-	a	-	false	true	0	0	-	-	-	-	-	-	not-rendered	-
toggle-group	orientation:vertical;size:default;spacing:attached;variant:default;pressed:unpressed;selection:single	-	-	a	-	false	true	0	0	-	-	-	-	-	-	not-rendered	-
toggle-group	orientation:vertical;size:default;spacing:attached;variant:default;pressed:unpressed;selection:single	-	-	a	-	false	true	0	0	-	-	-	-	-	-	not-rendered	-
toggle-group	orientation:vertical;size:default;spacing:attached;variant:default;pressed:unpressed;selection:single	-	-	a	-	false	true	0	0	-	-	-	-	-	-	not-rendered	-
toggle-group	orientation:vertical;size:default;spacing:attached;variant:default;pressed:unpressed;selection:single	-	toggle-group	div	radiogroup	false	true	56.5	108	57	109	true	-	-	-	-	-
toggle-group	orientation:vertical;size:default;spacing:attached;variant:default;pressed:unpressed;selection:multiple	toggle-group	toggle-group-item	button	-	true	true	62.3	36	63	36	true	-	-	-	-	toggle-group
toggle-group	orientation:vertical;size:default;spacing:attached;variant:default;pressed:unpressed;selection:multiple	toggle-group	toggle-group-item	button	-	true	true	74.4	36	75	36	true	-	-	-	-	toggle-group
toggle-group	orientation:vertical;size:default;spacing:attached;variant:default;pressed:unpressed;selection:multiple	toggle-group	toggle-group-item	button	-	true	true	62.3	36	63	37	true	-	-	-	-	toggle-group
toggle-group	orientation:vertical;size:default;spacing:attached;variant:default;pressed:unpressed;selection:multiple	-	-	button	-	false	true	0	0	-	-	-	-	-	-	not-rendered	-
toggle-group	orientation:vertical;size:default;spacing:attached;variant:default;pressed:unpressed;selection:multiple	-	-	button	-	false	true	0	0	-	-	-	-	-	-	not-rendered	-
toggle-group	orientation:vertical;size:default;spacing:attached;variant:default;pressed:unpressed;selection:multiple	-	-	button	-	false	true	0	0	-	-	-	-	-	-	not-rendered	-
toggle-group	orientation:vertical;size:default;spacing:attached;variant:default;pressed:unpressed;selection:multiple	-	-	a	-	false	true	0	0	-	-	-	-	-	-	not-rendered	-
toggle-group	orientation:vertical;size:default;spacing:attached;variant:default;pressed:unpressed;selection:multiple	-	-	a	-	false	true	0	0	-	-	-	-	-	-	not-rendered	-
toggle-group	orientation:vertical;size:default;spacing:attached;variant:default;pressed:unpressed;selection:multiple	-	-	a	-	false	true	0	0	-	-	-	-	-	-	not-rendered	-
toggle-group	orientation:vertical;size:default;spacing:attached;variant:default;pressed:unpressed;selection:multiple	-	-	a	-	false	true	0	0	-	-	-	-	-	-	not-rendered	-
toggle-group	orientation:vertical;size:default;spacing:attached;variant:default;pressed:unpressed;selection:multiple	-	toggle-group	div	toolbar	false	true	74.4	108	75	109	true	-	-	-	-	-
toggle-group	orientation:vertical;size:default;spacing:attached;variant:default;pressed:pressed;selection:single	toggle-group	toggle-group-item	button	radio	true	true	44.4	36	45	36	true	-	-	-	-	toggle-group
toggle-group	orientation:vertical;size:default;spacing:attached;variant:default;pressed:pressed;selection:single	toggle-group	toggle-group-item	button	radio	true	true	56.5	36	57	36	true	-	-	-	-	toggle-group
toggle-group	orientation:vertical;size:default;spacing:attached;variant:default;pressed:pressed;selection:single	toggle-group	toggle-group-item	button	radio	true	true	44.4	36	45	37	true	-	-	-	-	toggle-group
toggle-group	orientation:vertical;size:default;spacing:attached;variant:default;pressed:pressed;selection:single	-	-	button	-	false	true	0	0	-	-	-	-	-	-	not-rendered	-
toggle-group	orientation:vertical;size:default;spacing:attached;variant:default;pressed:pressed;selection:single	-	-	button	-	false	true	0	0	-	-	-	-	-	-	not-rendered	-
toggle-group	orientation:vertical;size:default;spacing:attached;variant:default;pressed:pressed;selection:single	-	-	button	-	false	true	0	0	-	-	-	-	-	-	not-rendered	-
toggle-group	orientation:vertical;size:default;spacing:attached;variant:default;pressed:pressed;selection:single	-	-	a	-	false	true	0	0	-	-	-	-	-	-	not-rendered	-
toggle-group	orientation:vertical;size:default;spacing:attached;variant:default;pressed:pressed;selection:single	-	-	a	-	false	true	0	0	-	-	-	-	-	-	not-rendered	-
toggle-group	orientation:vertical;size:default;spacing:attached;variant:default;pressed:pressed;selection:single	-	-	a	-	false	true	0	0	-	-	-	-	-	-	not-rendered	-
toggle-group	orientation:vertical;size:default;spacing:attached;variant:default;pressed:pressed;selection:single	-	-	a	-	false	true	0	0	-	-	-	-	-	-	not-rendered	-
toggle-group	orientation:vertical;size:default;spacing:attached;variant:default;pressed:pressed;selection:single	-	toggle-group	div	radiogroup	false	true	56.5	108	57	109	true	-	-	-	-	-
toggle-group	orientation:vertical;size:default;spacing:attached;variant:default;pressed:pressed;selection:multiple	toggle-group	toggle-group-item	button	-	true	true	62.3	36	63	36	true	-	-	-	-	toggle-group
toggle-group	orientation:vertical;size:default;spacing:attached;variant:default;pressed:pressed;selection:multiple	toggle-group	toggle-group-item	button	-	true	true	74.4	36	75	36	true	-	-	-	-	toggle-group
toggle-group	orientation:vertical;size:default;spacing:attached;variant:default;pressed:pressed;selection:multiple	toggle-group	toggle-group-item	button	-	true	true	62.3	36	63	37	true	-	-	-	-	toggle-group
toggle-group	orientation:vertical;size:default;spacing:attached;variant:default;pressed:pressed;selection:multiple	-	-	button	-	false	true	0	0	-	-	-	-	-	-	not-rendered	-
toggle-group	orientation:vertical;size:default;spacing:attached;variant:default;pressed:pressed;selection:multiple	-	-	button	-	false	true	0	0	-	-	-	-	-	-	not-rendered	-
toggle-group	orientation:vertical;size:default;spacing:attached;variant:default;pressed:pressed;selection:multiple	-	-	button	-	false	true	0	0	-	-	-	-	-	-	not-rendered	-
toggle-group	orientation:vertical;size:default;spacing:attached;variant:default;pressed:pressed;selection:multiple	-	-	a	-	false	true	0	0	-	-	-	-	-	-	not-rendered	-
toggle-group	orientation:vertical;size:default;spacing:attached;variant:default;pressed:pressed;selection:multiple	-	-	a	-	false	true	0	0	-	-	-	-	-	-	not-rendered	-
toggle-group	orientation:vertical;size:default;spacing:attached;variant:default;pressed:pressed;selection:multiple	-	-	a	-	false	true	0	0	-	-	-	-	-	-	not-rendered	-
toggle-group	orientation:vertical;size:default;spacing:attached;variant:default;pressed:pressed;selection:multiple	-	-	a	-	false	true	0	0	-	-	-	-	-	-	not-rendered	-
toggle-group	orientation:vertical;size:default;spacing:attached;variant:default;pressed:pressed;selection:multiple	-	toggle-group	div	toolbar	false	true	74.4	108	75	109	true	-	-	-	-	-
toggle-group	orientation:vertical;size:default;spacing:attached;variant:outline;pressed:unpressed;selection:single	toggle-group	toggle-group-item	button	radio	true	true	44.4	36	45	36	true	-	-	-	-	toggle-group
toggle-group	orientation:vertical;size:default;spacing:attached;variant:outline;pressed:unpressed;selection:single	toggle-group	toggle-group-item	button	radio	true	true	56.5	36	57	36	true	-	-	-	-	toggle-group
toggle-group	orientation:vertical;size:default;spacing:attached;variant:outline;pressed:unpressed;selection:single	toggle-group	toggle-group-item	button	radio	true	true	44.4	36	45	37	true	-	-	-	-	toggle-group
toggle-group	orientation:vertical;size:default;spacing:attached;variant:outline;pressed:unpressed;selection:single	-	-	button	-	false	true	0	0	-	-	-	-	-	-	not-rendered	-
toggle-group	orientation:vertical;size:default;spacing:attached;variant:outline;pressed:unpressed;selection:single	-	-	button	-	false	true	0	0	-	-	-	-	-	-	not-rendered	-
toggle-group	orientation:vertical;size:default;spacing:attached;variant:outline;pressed:unpressed;selection:single	-	-	button	-	false	true	0	0	-	-	-	-	-	-	not-rendered	-
toggle-group	orientation:vertical;size:default;spacing:attached;variant:outline;pressed:unpressed;selection:single	-	-	a	-	false	true	0	0	-	-	-	-	-	-	not-rendered	-
toggle-group	orientation:vertical;size:default;spacing:attached;variant:outline;pressed:unpressed;selection:single	-	-	a	-	false	true	0	0	-	-	-	-	-	-	not-rendered	-
toggle-group	orientation:vertical;size:default;spacing:attached;variant:outline;pressed:unpressed;selection:single	-	-	a	-	false	true	0	0	-	-	-	-	-	-	not-rendered	-
toggle-group	orientation:vertical;size:default;spacing:attached;variant:outline;pressed:unpressed;selection:single	-	-	a	-	false	true	0	0	-	-	-	-	-	-	not-rendered	-
toggle-group	orientation:vertical;size:default;spacing:attached;variant:outline;pressed:unpressed;selection:single	-	toggle-group	div	radiogroup	false	true	56.5	108	57	109	true	-	-	-	-	-
toggle-group	orientation:vertical;size:default;spacing:attached;variant:outline;pressed:unpressed;selection:multiple	toggle-group	toggle-group-item	button	-	true	true	62.3	36	63	36	true	-	-	-	-	toggle-group
toggle-group	orientation:vertical;size:default;spacing:attached;variant:outline;pressed:unpressed;selection:multiple	toggle-group	toggle-group-item	button	-	true	true	74.4	36	75	36	true	-	-	-	-	toggle-group
toggle-group	orientation:vertical;size:default;spacing:attached;variant:outline;pressed:unpressed;selection:multiple	toggle-group	toggle-group-item	button	-	true	true	62.3	36	63	37	true	-	-	-	-	toggle-group
toggle-group	orientation:vertical;size:default;spacing:attached;variant:outline;pressed:unpressed;selection:multiple	-	-	button	-	false	true	0	0	-	-	-	-	-	-	not-rendered	-
toggle-group	orientation:vertical;size:default;spacing:attached;variant:outline;pressed:unpressed;selection:multiple	-	-	button	-	false	true	0	0	-	-	-	-	-	-	not-rendered	-
toggle-group	orientation:vertical;size:default;spacing:attached;variant:outline;pressed:unpressed;selection:multiple	-	-	button	-	false	true	0	0	-	-	-	-	-	-	not-rendered	-
toggle-group	orientation:vertical;size:default;spacing:attached;variant:outline;pressed:unpressed;selection:multiple	-	-	a	-	false	true	0	0	-	-	-	-	-	-	not-rendered	-
toggle-group	orientation:vertical;size:default;spacing:attached;variant:outline;pressed:unpressed;selection:multiple	-	-	a	-	false	true	0	0	-	-	-	-	-	-	not-rendered	-
toggle-group	orientation:vertical;size:default;spacing:attached;variant:outline;pressed:unpressed;selection:multiple	-	-	a	-	false	true	0	0	-	-	-	-	-	-	not-rendered	-
toggle-group	orientation:vertical;size:default;spacing:attached;variant:outline;pressed:unpressed;selection:multiple	-	-	a	-	false	true	0	0	-	-	-	-	-	-	not-rendered	-
toggle-group	orientation:vertical;size:default;spacing:attached;variant:outline;pressed:unpressed;selection:multiple	-	toggle-group	div	toolbar	false	true	74.4	108	75	109	true	-	-	-	-	-
toggle-group	orientation:vertical;size:default;spacing:attached;variant:outline;pressed:pressed;selection:single	toggle-group	toggle-group-item	button	radio	true	true	44.4	36	45	36	true	-	-	-	-	toggle-group
toggle-group	orientation:vertical;size:default;spacing:attached;variant:outline;pressed:pressed;selection:single	toggle-group	toggle-group-item	button	radio	true	true	56.5	36	57	36	true	-	-	-	-	toggle-group
toggle-group	orientation:vertical;size:default;spacing:attached;variant:outline;pressed:pressed;selection:single	toggle-group	toggle-group-item	button	radio	true	true	44.4	36	45	37	true	-	-	-	-	toggle-group
toggle-group	orientation:vertical;size:default;spacing:attached;variant:outline;pressed:pressed;selection:single	-	-	button	-	false	true	0	0	-	-	-	-	-	-	not-rendered	-
toggle-group	orientation:vertical;size:default;spacing:attached;variant:outline;pressed:pressed;selection:single	-	-	button	-	false	true	0	0	-	-	-	-	-	-	not-rendered	-
toggle-group	orientation:vertical;size:default;spacing:attached;variant:outline;pressed:pressed;selection:single	-	-	button	-	false	true	0	0	-	-	-	-	-	-	not-rendered	-
toggle-group	orientation:vertical;size:default;spacing:attached;variant:outline;pressed:pressed;selection:single	-	-	a	-	false	true	0	0	-	-	-	-	-	-	not-rendered	-
toggle-group	orientation:vertical;size:default;spacing:attached;variant:outline;pressed:pressed;selection:single	-	-	a	-	false	true	0	0	-	-	-	-	-	-	not-rendered	-
toggle-group	orientation:vertical;size:default;spacing:attached;variant:outline;pressed:pressed;selection:single	-	-	a	-	false	true	0	0	-	-	-	-	-	-	not-rendered	-
toggle-group	orientation:vertical;size:default;spacing:attached;variant:outline;pressed:pressed;selection:single	-	-	a	-	false	true	0	0	-	-	-	-	-	-	not-rendered	-
toggle-group	orientation:vertical;size:default;spacing:attached;variant:outline;pressed:pressed;selection:single	-	toggle-group	div	radiogroup	false	true	56.5	108	57	109	true	-	-	-	-	-
toggle-group	orientation:vertical;size:default;spacing:attached;variant:outline;pressed:pressed;selection:multiple	toggle-group	toggle-group-item	button	-	true	true	62.3	36	63	36	true	-	-	-	-	toggle-group
toggle-group	orientation:vertical;size:default;spacing:attached;variant:outline;pressed:pressed;selection:multiple	toggle-group	toggle-group-item	button	-	true	true	74.4	36	75	36	true	-	-	-	-	toggle-group
toggle-group	orientation:vertical;size:default;spacing:attached;variant:outline;pressed:pressed;selection:multiple	toggle-group	toggle-group-item	button	-	true	true	62.3	36	63	37	true	-	-	-	-	toggle-group
toggle-group	orientation:vertical;size:default;spacing:attached;variant:outline;pressed:pressed;selection:multiple	-	-	button	-	false	true	0	0	-	-	-	-	-	-	not-rendered	-
toggle-group	orientation:vertical;size:default;spacing:attached;variant:outline;pressed:pressed;selection:multiple	-	-	button	-	false	true	0	0	-	-	-	-	-	-	not-rendered	-
toggle-group	orientation:vertical;size:default;spacing:attached;variant:outline;pressed:pressed;selection:multiple	-	-	button	-	false	true	0	0	-	-	-	-	-	-	not-rendered	-
toggle-group	orientation:vertical;size:default;spacing:attached;variant:outline;pressed:pressed;selection:multiple	-	-	a	-	false	true	0	0	-	-	-	-	-	-	not-rendered	-
toggle-group	orientation:vertical;size:default;spacing:attached;variant:outline;pressed:pressed;selection:multiple	-	-	a	-	false	true	0	0	-	-	-	-	-	-	not-rendered	-
toggle-group	orientation:vertical;size:default;spacing:attached;variant:outline;pressed:pressed;selection:multiple	-	-	a	-	false	true	0	0	-	-	-	-	-	-	not-rendered	-
toggle-group	orientation:vertical;size:default;spacing:attached;variant:outline;pressed:pressed;selection:multiple	-	-	a	-	false	true	0	0	-	-	-	-	-	-	not-rendered	-
toggle-group	orientation:vertical;size:default;spacing:attached;variant:outline;pressed:pressed;selection:multiple	-	toggle-group	div	toolbar	false	true	74.4	108	75	109	true	-	-	-	-	-
toggle-group	orientation:vertical;size:lg;spacing:separate;variant:default;pressed:unpressed;selection:single	toggle-group	toggle-group-item	button	radio	true	true	42.4	40	43	41	true	-	-	-	-	toggle-group
toggle-group	orientation:vertical;size:lg;spacing:separate;variant:default;pressed:unpressed;selection:single	toggle-group	toggle-group-item	button	radio	true	true	54.5	40	55	41	true	-	-	-	-	toggle-group
toggle-group	orientation:vertical;size:lg;spacing:separate;variant:default;pressed:unpressed;selection:single	toggle-group	toggle-group-item	button	radio	true	true	42.4	40	43	41	true	-	-	-	-	toggle-group
toggle-group	orientation:vertical;size:lg;spacing:separate;variant:default;pressed:unpressed;selection:single	-	-	button	-	false	true	0	0	-	-	-	-	-	-	not-rendered	-
toggle-group	orientation:vertical;size:lg;spacing:separate;variant:default;pressed:unpressed;selection:single	-	-	button	-	false	true	0	0	-	-	-	-	-	-	not-rendered	-
toggle-group	orientation:vertical;size:lg;spacing:separate;variant:default;pressed:unpressed;selection:single	-	-	button	-	false	true	0	0	-	-	-	-	-	-	not-rendered	-
toggle-group	orientation:vertical;size:lg;spacing:separate;variant:default;pressed:unpressed;selection:single	-	-	a	-	false	true	0	0	-	-	-	-	-	-	not-rendered	-
toggle-group	orientation:vertical;size:lg;spacing:separate;variant:default;pressed:unpressed;selection:single	-	-	a	-	false	true	0	0	-	-	-	-	-	-	not-rendered	-
toggle-group	orientation:vertical;size:lg;spacing:separate;variant:default;pressed:unpressed;selection:single	-	-	a	-	false	true	0	0	-	-	-	-	-	-	not-rendered	-
toggle-group	orientation:vertical;size:lg;spacing:separate;variant:default;pressed:unpressed;selection:single	-	-	a	-	false	true	0	0	-	-	-	-	-	-	not-rendered	-
toggle-group	orientation:vertical;size:lg;spacing:separate;variant:default;pressed:unpressed;selection:single	-	toggle-group	div	radiogroup	false	true	54.5	128	55	129	true	-	-	-	-	-
toggle-group	orientation:vertical;size:lg;spacing:separate;variant:default;pressed:unpressed;selection:multiple	toggle-group	toggle-group-item	button	-	true	true	60.3	40	61	41	true	-	-	-	-	toggle-group
toggle-group	orientation:vertical;size:lg;spacing:separate;variant:default;pressed:unpressed;selection:multiple	toggle-group	toggle-group-item	button	-	true	true	72.4	40	73	41	true	-	-	-	-	toggle-group
toggle-group	orientation:vertical;size:lg;spacing:separate;variant:default;pressed:unpressed;selection:multiple	toggle-group	toggle-group-item	button	-	true	true	60.3	40	61	41	true	-	-	-	-	toggle-group
toggle-group	orientation:vertical;size:lg;spacing:separate;variant:default;pressed:unpressed;selection:multiple	-	-	button	-	false	true	0	0	-	-	-	-	-	-	not-rendered	-
toggle-group	orientation:vertical;size:lg;spacing:separate;variant:default;pressed:unpressed;selection:multiple	-	-	button	-	false	true	0	0	-	-	-	-	-	-	not-rendered	-
toggle-group	orientation:vertical;size:lg;spacing:separate;variant:default;pressed:unpressed;selection:multiple	-	-	button	-	false	true	0	0	-	-	-	-	-	-	not-rendered	-
toggle-group	orientation:vertical;size:lg;spacing:separate;variant:default;pressed:unpressed;selection:multiple	-	-	a	-	false	true	0	0	-	-	-	-	-	-	not-rendered	-
toggle-group	orientation:vertical;size:lg;spacing:separate;variant:default;pressed:unpressed;selection:multiple	-	-	a	-	false	true	0	0	-	-	-	-	-	-	not-rendered	-
toggle-group	orientation:vertical;size:lg;spacing:separate;variant:default;pressed:unpressed;selection:multiple	-	-	a	-	false	true	0	0	-	-	-	-	-	-	not-rendered	-
toggle-group	orientation:vertical;size:lg;spacing:separate;variant:default;pressed:unpressed;selection:multiple	-	-	a	-	false	true	0	0	-	-	-	-	-	-	not-rendered	-
toggle-group	orientation:vertical;size:lg;spacing:separate;variant:default;pressed:unpressed;selection:multiple	-	toggle-group	div	toolbar	false	true	72.4	128	73	129	true	-	-	-	-	-
toggle-group	orientation:vertical;size:lg;spacing:separate;variant:default;pressed:pressed;selection:single	toggle-group	toggle-group-item	button	radio	true	true	42.4	40	43	41	true	-	-	-	-	toggle-group
toggle-group	orientation:vertical;size:lg;spacing:separate;variant:default;pressed:pressed;selection:single	toggle-group	toggle-group-item	button	radio	true	true	54.5	40	55	41	true	-	-	-	-	toggle-group
toggle-group	orientation:vertical;size:lg;spacing:separate;variant:default;pressed:pressed;selection:single	toggle-group	toggle-group-item	button	radio	true	true	42.4	40	43	41	true	-	-	-	-	toggle-group
toggle-group	orientation:vertical;size:lg;spacing:separate;variant:default;pressed:pressed;selection:single	-	-	button	-	false	true	0	0	-	-	-	-	-	-	not-rendered	-
toggle-group	orientation:vertical;size:lg;spacing:separate;variant:default;pressed:pressed;selection:single	-	-	button	-	false	true	0	0	-	-	-	-	-	-	not-rendered	-
toggle-group	orientation:vertical;size:lg;spacing:separate;variant:default;pressed:pressed;selection:single	-	-	button	-	false	true	0	0	-	-	-	-	-	-	not-rendered	-
toggle-group	orientation:vertical;size:lg;spacing:separate;variant:default;pressed:pressed;selection:single	-	-	a	-	false	true	0	0	-	-	-	-	-	-	not-rendered	-
toggle-group	orientation:vertical;size:lg;spacing:separate;variant:default;pressed:pressed;selection:single	-	-	a	-	false	true	0	0	-	-	-	-	-	-	not-rendered	-
toggle-group	orientation:vertical;size:lg;spacing:separate;variant:default;pressed:pressed;selection:single	-	-	a	-	false	true	0	0	-	-	-	-	-	-	not-rendered	-
toggle-group	orientation:vertical;size:lg;spacing:separate;variant:default;pressed:pressed;selection:single	-	-	a	-	false	true	0	0	-	-	-	-	-	-	not-rendered	-
toggle-group	orientation:vertical;size:lg;spacing:separate;variant:default;pressed:pressed;selection:single	-	toggle-group	div	radiogroup	false	true	54.5	128	55	129	true	-	-	-	-	-
toggle-group	orientation:vertical;size:lg;spacing:separate;variant:default;pressed:pressed;selection:multiple	toggle-group	toggle-group-item	button	-	true	true	60.3	40	61	41	true	-	-	-	-	toggle-group
toggle-group	orientation:vertical;size:lg;spacing:separate;variant:default;pressed:pressed;selection:multiple	toggle-group	toggle-group-item	button	-	true	true	72.4	40	73	41	true	-	-	-	-	toggle-group
toggle-group	orientation:vertical;size:lg;spacing:separate;variant:default;pressed:pressed;selection:multiple	toggle-group	toggle-group-item	button	-	true	true	60.3	40	61	41	true	-	-	-	-	toggle-group
toggle-group	orientation:vertical;size:lg;spacing:separate;variant:default;pressed:pressed;selection:multiple	-	-	button	-	false	true	0	0	-	-	-	-	-	-	not-rendered	-
toggle-group	orientation:vertical;size:lg;spacing:separate;variant:default;pressed:pressed;selection:multiple	-	-	button	-	false	true	0	0	-	-	-	-	-	-	not-rendered	-
toggle-group	orientation:vertical;size:lg;spacing:separate;variant:default;pressed:pressed;selection:multiple	-	-	button	-	false	true	0	0	-	-	-	-	-	-	not-rendered	-
toggle-group	orientation:vertical;size:lg;spacing:separate;variant:default;pressed:pressed;selection:multiple	-	-	a	-	false	true	0	0	-	-	-	-	-	-	not-rendered	-
toggle-group	orientation:vertical;size:lg;spacing:separate;variant:default;pressed:pressed;selection:multiple	-	-	a	-	false	true	0	0	-	-	-	-	-	-	not-rendered	-
toggle-group	orientation:vertical;size:lg;spacing:separate;variant:default;pressed:pressed;selection:multiple	-	-	a	-	false	true	0	0	-	-	-	-	-	-	not-rendered	-
toggle-group	orientation:vertical;size:lg;spacing:separate;variant:default;pressed:pressed;selection:multiple	-	-	a	-	false	true	0	0	-	-	-	-	-	-	not-rendered	-
toggle-group	orientation:vertical;size:lg;spacing:separate;variant:default;pressed:pressed;selection:multiple	-	toggle-group	div	toolbar	false	true	72.4	128	73	129	true	-	-	-	-	-
toggle-group	orientation:vertical;size:lg;spacing:separate;variant:outline;pressed:unpressed;selection:single	toggle-group	toggle-group-item	button	radio	true	true	44.4	40	45	41	true	-	-	-	-	toggle-group
toggle-group	orientation:vertical;size:lg;spacing:separate;variant:outline;pressed:unpressed;selection:single	toggle-group	toggle-group-item	button	radio	true	true	56.5	40	57	41	true	-	-	-	-	toggle-group
toggle-group	orientation:vertical;size:lg;spacing:separate;variant:outline;pressed:unpressed;selection:single	toggle-group	toggle-group-item	button	radio	true	true	44.4	40	45	41	true	-	-	-	-	toggle-group
toggle-group	orientation:vertical;size:lg;spacing:separate;variant:outline;pressed:unpressed;selection:single	-	-	button	-	false	true	0	0	-	-	-	-	-	-	not-rendered	-
toggle-group	orientation:vertical;size:lg;spacing:separate;variant:outline;pressed:unpressed;selection:single	-	-	button	-	false	true	0	0	-	-	-	-	-	-	not-rendered	-
toggle-group	orientation:vertical;size:lg;spacing:separate;variant:outline;pressed:unpressed;selection:single	-	-	button	-	false	true	0	0	-	-	-	-	-	-	not-rendered	-
toggle-group	orientation:vertical;size:lg;spacing:separate;variant:outline;pressed:unpressed;selection:single	-	-	a	-	false	true	0	0	-	-	-	-	-	-	not-rendered	-
toggle-group	orientation:vertical;size:lg;spacing:separate;variant:outline;pressed:unpressed;selection:single	-	-	a	-	false	true	0	0	-	-	-	-	-	-	not-rendered	-
toggle-group	orientation:vertical;size:lg;spacing:separate;variant:outline;pressed:unpressed;selection:single	-	-	a	-	false	true	0	0	-	-	-	-	-	-	not-rendered	-
toggle-group	orientation:vertical;size:lg;spacing:separate;variant:outline;pressed:unpressed;selection:single	-	-	a	-	false	true	0	0	-	-	-	-	-	-	not-rendered	-
toggle-group	orientation:vertical;size:lg;spacing:separate;variant:outline;pressed:unpressed;selection:single	-	toggle-group	div	radiogroup	false	true	56.5	128	57	129	true	-	-	-	-	-
toggle-group	orientation:vertical;size:lg;spacing:separate;variant:outline;pressed:unpressed;selection:multiple	toggle-group	toggle-group-item	button	-	true	true	62.3	40	63	41	true	-	-	-	-	toggle-group
toggle-group	orientation:vertical;size:lg;spacing:separate;variant:outline;pressed:unpressed;selection:multiple	toggle-group	toggle-group-item	button	-	true	true	74.4	40	75	41	true	-	-	-	-	toggle-group
toggle-group	orientation:vertical;size:lg;spacing:separate;variant:outline;pressed:unpressed;selection:multiple	toggle-group	toggle-group-item	button	-	true	true	62.3	40	63	41	true	-	-	-	-	toggle-group
toggle-group	orientation:vertical;size:lg;spacing:separate;variant:outline;pressed:unpressed;selection:multiple	-	-	button	-	false	true	0	0	-	-	-	-	-	-	not-rendered	-
toggle-group	orientation:vertical;size:lg;spacing:separate;variant:outline;pressed:unpressed;selection:multiple	-	-	button	-	false	true	0	0	-	-	-	-	-	-	not-rendered	-
toggle-group	orientation:vertical;size:lg;spacing:separate;variant:outline;pressed:unpressed;selection:multiple	-	-	button	-	false	true	0	0	-	-	-	-	-	-	not-rendered	-
toggle-group	orientation:vertical;size:lg;spacing:separate;variant:outline;pressed:unpressed;selection:multiple	-	-	a	-	false	true	0	0	-	-	-	-	-	-	not-rendered	-
toggle-group	orientation:vertical;size:lg;spacing:separate;variant:outline;pressed:unpressed;selection:multiple	-	-	a	-	false	true	0	0	-	-	-	-	-	-	not-rendered	-
toggle-group	orientation:vertical;size:lg;spacing:separate;variant:outline;pressed:unpressed;selection:multiple	-	-	a	-	false	true	0	0	-	-	-	-	-	-	not-rendered	-
toggle-group	orientation:vertical;size:lg;spacing:separate;variant:outline;pressed:unpressed;selection:multiple	-	-	a	-	false	true	0	0	-	-	-	-	-	-	not-rendered	-
toggle-group	orientation:vertical;size:lg;spacing:separate;variant:outline;pressed:unpressed;selection:multiple	-	toggle-group	div	toolbar	false	true	74.4	128	75	129	true	-	-	-	-	-
toggle-group	orientation:vertical;size:lg;spacing:separate;variant:outline;pressed:pressed;selection:single	toggle-group	toggle-group-item	button	radio	true	true	44.4	40	45	41	true	-	-	-	-	toggle-group
toggle-group	orientation:vertical;size:lg;spacing:separate;variant:outline;pressed:pressed;selection:single	toggle-group	toggle-group-item	button	radio	true	true	56.5	40	57	41	true	-	-	-	-	toggle-group
toggle-group	orientation:vertical;size:lg;spacing:separate;variant:outline;pressed:pressed;selection:single	toggle-group	toggle-group-item	button	radio	true	true	44.4	40	45	41	true	-	-	-	-	toggle-group
toggle-group	orientation:vertical;size:lg;spacing:separate;variant:outline;pressed:pressed;selection:single	-	-	button	-	false	true	0	0	-	-	-	-	-	-	not-rendered	-
toggle-group	orientation:vertical;size:lg;spacing:separate;variant:outline;pressed:pressed;selection:single	-	-	button	-	false	true	0	0	-	-	-	-	-	-	not-rendered	-
toggle-group	orientation:vertical;size:lg;spacing:separate;variant:outline;pressed:pressed;selection:single	-	-	button	-	false	true	0	0	-	-	-	-	-	-	not-rendered	-
toggle-group	orientation:vertical;size:lg;spacing:separate;variant:outline;pressed:pressed;selection:single	-	-	a	-	false	true	0	0	-	-	-	-	-	-	not-rendered	-
toggle-group	orientation:vertical;size:lg;spacing:separate;variant:outline;pressed:pressed;selection:single	-	-	a	-	false	true	0	0	-	-	-	-	-	-	not-rendered	-
toggle-group	orientation:vertical;size:lg;spacing:separate;variant:outline;pressed:pressed;selection:single	-	-	a	-	false	true	0	0	-	-	-	-	-	-	not-rendered	-
toggle-group	orientation:vertical;size:lg;spacing:separate;variant:outline;pressed:pressed;selection:single	-	-	a	-	false	true	0	0	-	-	-	-	-	-	not-rendered	-
toggle-group	orientation:vertical;size:lg;spacing:separate;variant:outline;pressed:pressed;selection:single	-	toggle-group	div	radiogroup	false	true	56.5	128	57	129	true	-	-	-	-	-
toggle-group	orientation:vertical;size:lg;spacing:separate;variant:outline;pressed:pressed;selection:multiple	toggle-group	toggle-group-item	button	-	true	true	62.3	40	63	41	true	-	-	-	-	toggle-group
toggle-group	orientation:vertical;size:lg;spacing:separate;variant:outline;pressed:pressed;selection:multiple	toggle-group	toggle-group-item	button	-	true	true	74.4	40	75	41	true	-	-	-	-	toggle-group
toggle-group	orientation:vertical;size:lg;spacing:separate;variant:outline;pressed:pressed;selection:multiple	toggle-group	toggle-group-item	button	-	true	true	62.3	40	63	41	true	-	-	-	-	toggle-group
toggle-group	orientation:vertical;size:lg;spacing:separate;variant:outline;pressed:pressed;selection:multiple	-	-	button	-	false	true	0	0	-	-	-	-	-	-	not-rendered	-
toggle-group	orientation:vertical;size:lg;spacing:separate;variant:outline;pressed:pressed;selection:multiple	-	-	button	-	false	true	0	0	-	-	-	-	-	-	not-rendered	-
toggle-group	orientation:vertical;size:lg;spacing:separate;variant:outline;pressed:pressed;selection:multiple	-	-	button	-	false	true	0	0	-	-	-	-	-	-	not-rendered	-
toggle-group	orientation:vertical;size:lg;spacing:separate;variant:outline;pressed:pressed;selection:multiple	-	-	a	-	false	true	0	0	-	-	-	-	-	-	not-rendered	-
toggle-group	orientation:vertical;size:lg;spacing:separate;variant:outline;pressed:pressed;selection:multiple	-	-	a	-	false	true	0	0	-	-	-	-	-	-	not-rendered	-
toggle-group	orientation:vertical;size:lg;spacing:separate;variant:outline;pressed:pressed;selection:multiple	-	-	a	-	false	true	0	0	-	-	-	-	-	-	not-rendered	-
toggle-group	orientation:vertical;size:lg;spacing:separate;variant:outline;pressed:pressed;selection:multiple	-	-	a	-	false	true	0	0	-	-	-	-	-	-	not-rendered	-
toggle-group	orientation:vertical;size:lg;spacing:separate;variant:outline;pressed:pressed;selection:multiple	-	toggle-group	div	toolbar	false	true	74.4	128	75	129	true	-	-	-	-	-
toggle-group	orientation:vertical;size:lg;spacing:attached;variant:default;pressed:unpressed;selection:single	toggle-group	toggle-group-item	button	radio	true	true	44.4	40	45	40	true	-	-	-	-	toggle-group
toggle-group	orientation:vertical;size:lg;spacing:attached;variant:default;pressed:unpressed;selection:single	toggle-group	toggle-group-item	button	radio	true	true	56.5	40	57	40	true	-	-	-	-	toggle-group
toggle-group	orientation:vertical;size:lg;spacing:attached;variant:default;pressed:unpressed;selection:single	toggle-group	toggle-group-item	button	radio	true	true	44.4	40	45	41	true	-	-	-	-	toggle-group
toggle-group	orientation:vertical;size:lg;spacing:attached;variant:default;pressed:unpressed;selection:single	-	-	button	-	false	true	0	0	-	-	-	-	-	-	not-rendered	-
toggle-group	orientation:vertical;size:lg;spacing:attached;variant:default;pressed:unpressed;selection:single	-	-	button	-	false	true	0	0	-	-	-	-	-	-	not-rendered	-
toggle-group	orientation:vertical;size:lg;spacing:attached;variant:default;pressed:unpressed;selection:single	-	-	button	-	false	true	0	0	-	-	-	-	-	-	not-rendered	-
toggle-group	orientation:vertical;size:lg;spacing:attached;variant:default;pressed:unpressed;selection:single	-	-	a	-	false	true	0	0	-	-	-	-	-	-	not-rendered	-
toggle-group	orientation:vertical;size:lg;spacing:attached;variant:default;pressed:unpressed;selection:single	-	-	a	-	false	true	0	0	-	-	-	-	-	-	not-rendered	-
toggle-group	orientation:vertical;size:lg;spacing:attached;variant:default;pressed:unpressed;selection:single	-	-	a	-	false	true	0	0	-	-	-	-	-	-	not-rendered	-
toggle-group	orientation:vertical;size:lg;spacing:attached;variant:default;pressed:unpressed;selection:single	-	-	a	-	false	true	0	0	-	-	-	-	-	-	not-rendered	-
toggle-group	orientation:vertical;size:lg;spacing:attached;variant:default;pressed:unpressed;selection:single	-	toggle-group	div	radiogroup	false	true	56.5	120	57	121	true	-	-	-	-	-
toggle-group	orientation:vertical;size:lg;spacing:attached;variant:default;pressed:unpressed;selection:multiple	toggle-group	toggle-group-item	button	-	true	true	62.3	40	63	40	true	-	-	-	-	toggle-group
toggle-group	orientation:vertical;size:lg;spacing:attached;variant:default;pressed:unpressed;selection:multiple	toggle-group	toggle-group-item	button	-	true	true	74.4	40	75	40	true	-	-	-	-	toggle-group
toggle-group	orientation:vertical;size:lg;spacing:attached;variant:default;pressed:unpressed;selection:multiple	toggle-group	toggle-group-item	button	-	true	true	62.3	40	63	41	true	-	-	-	-	toggle-group
toggle-group	orientation:vertical;size:lg;spacing:attached;variant:default;pressed:unpressed;selection:multiple	-	-	button	-	false	true	0	0	-	-	-	-	-	-	not-rendered	-
toggle-group	orientation:vertical;size:lg;spacing:attached;variant:default;pressed:unpressed;selection:multiple	-	-	button	-	false	true	0	0	-	-	-	-	-	-	not-rendered	-
toggle-group	orientation:vertical;size:lg;spacing:attached;variant:default;pressed:unpressed;selection:multiple	-	-	button	-	false	true	0	0	-	-	-	-	-	-	not-rendered	-
toggle-group	orientation:vertical;size:lg;spacing:attached;variant:default;pressed:unpressed;selection:multiple	-	-	a	-	false	true	0	0	-	-	-	-	-	-	not-rendered	-
toggle-group	orientation:vertical;size:lg;spacing:attached;variant:default;pressed:unpressed;selection:multiple	-	-	a	-	false	true	0	0	-	-	-	-	-	-	not-rendered	-
toggle-group	orientation:vertical;size:lg;spacing:attached;variant:default;pressed:unpressed;selection:multiple	-	-	a	-	false	true	0	0	-	-	-	-	-	-	not-rendered	-
toggle-group	orientation:vertical;size:lg;spacing:attached;variant:default;pressed:unpressed;selection:multiple	-	-	a	-	false	true	0	0	-	-	-	-	-	-	not-rendered	-
toggle-group	orientation:vertical;size:lg;spacing:attached;variant:default;pressed:unpressed;selection:multiple	-	toggle-group	div	toolbar	false	true	74.4	120	75	121	true	-	-	-	-	-
toggle-group	orientation:vertical;size:lg;spacing:attached;variant:default;pressed:pressed;selection:single	toggle-group	toggle-group-item	button	radio	true	true	44.4	40	45	40	true	-	-	-	-	toggle-group
toggle-group	orientation:vertical;size:lg;spacing:attached;variant:default;pressed:pressed;selection:single	toggle-group	toggle-group-item	button	radio	true	true	56.5	40	57	40	true	-	-	-	-	toggle-group
toggle-group	orientation:vertical;size:lg;spacing:attached;variant:default;pressed:pressed;selection:single	toggle-group	toggle-group-item	button	radio	true	true	44.4	40	45	41	true	-	-	-	-	toggle-group
toggle-group	orientation:vertical;size:lg;spacing:attached;variant:default;pressed:pressed;selection:single	-	-	button	-	false	true	0	0	-	-	-	-	-	-	not-rendered	-
toggle-group	orientation:vertical;size:lg;spacing:attached;variant:default;pressed:pressed;selection:single	-	-	button	-	false	true	0	0	-	-	-	-	-	-	not-rendered	-
toggle-group	orientation:vertical;size:lg;spacing:attached;variant:default;pressed:pressed;selection:single	-	-	button	-	false	true	0	0	-	-	-	-	-	-	not-rendered	-
toggle-group	orientation:vertical;size:lg;spacing:attached;variant:default;pressed:pressed;selection:single	-	-	a	-	false	true	0	0	-	-	-	-	-	-	not-rendered	-
toggle-group	orientation:vertical;size:lg;spacing:attached;variant:default;pressed:pressed;selection:single	-	-	a	-	false	true	0	0	-	-	-	-	-	-	not-rendered	-
toggle-group	orientation:vertical;size:lg;spacing:attached;variant:default;pressed:pressed;selection:single	-	-	a	-	false	true	0	0	-	-	-	-	-	-	not-rendered	-
toggle-group	orientation:vertical;size:lg;spacing:attached;variant:default;pressed:pressed;selection:single	-	-	a	-	false	true	0	0	-	-	-	-	-	-	not-rendered	-
toggle-group	orientation:vertical;size:lg;spacing:attached;variant:default;pressed:pressed;selection:single	-	toggle-group	div	radiogroup	false	true	56.5	120	57	121	true	-	-	-	-	-
toggle-group	orientation:vertical;size:lg;spacing:attached;variant:default;pressed:pressed;selection:multiple	toggle-group	toggle-group-item	button	-	true	true	62.3	40	63	40	true	-	-	-	-	toggle-group
toggle-group	orientation:vertical;size:lg;spacing:attached;variant:default;pressed:pressed;selection:multiple	toggle-group	toggle-group-item	button	-	true	true	74.4	40	75	40	true	-	-	-	-	toggle-group
toggle-group	orientation:vertical;size:lg;spacing:attached;variant:default;pressed:pressed;selection:multiple	toggle-group	toggle-group-item	button	-	true	true	62.3	40	63	41	true	-	-	-	-	toggle-group
toggle-group	orientation:vertical;size:lg;spacing:attached;variant:default;pressed:pressed;selection:multiple	-	-	button	-	false	true	0	0	-	-	-	-	-	-	not-rendered	-
toggle-group	orientation:vertical;size:lg;spacing:attached;variant:default;pressed:pressed;selection:multiple	-	-	button	-	false	true	0	0	-	-	-	-	-	-	not-rendered	-
toggle-group	orientation:vertical;size:lg;spacing:attached;variant:default;pressed:pressed;selection:multiple	-	-	button	-	false	true	0	0	-	-	-	-	-	-	not-rendered	-
toggle-group	orientation:vertical;size:lg;spacing:attached;variant:default;pressed:pressed;selection:multiple	-	-	a	-	false	true	0	0	-	-	-	-	-	-	not-rendered	-
toggle-group	orientation:vertical;size:lg;spacing:attached;variant:default;pressed:pressed;selection:multiple	-	-	a	-	false	true	0	0	-	-	-	-	-	-	not-rendered	-
toggle-group	orientation:vertical;size:lg;spacing:attached;variant:default;pressed:pressed;selection:multiple	-	-	a	-	false	true	0	0	-	-	-	-	-	-	not-rendered	-
toggle-group	orientation:vertical;size:lg;spacing:attached;variant:default;pressed:pressed;selection:multiple	-	-	a	-	false	true	0	0	-	-	-	-	-	-	not-rendered	-
toggle-group	orientation:vertical;size:lg;spacing:attached;variant:default;pressed:pressed;selection:multiple	-	toggle-group	div	toolbar	false	true	74.4	120	75	121	true	-	-	-	-	-
toggle-group	orientation:vertical;size:lg;spacing:attached;variant:outline;pressed:unpressed;selection:single	toggle-group	toggle-group-item	button	radio	true	true	44.4	40	45	40	true	-	-	-	-	toggle-group
toggle-group	orientation:vertical;size:lg;spacing:attached;variant:outline;pressed:unpressed;selection:single	toggle-group	toggle-group-item	button	radio	true	true	56.5	40	57	40	true	-	-	-	-	toggle-group
toggle-group	orientation:vertical;size:lg;spacing:attached;variant:outline;pressed:unpressed;selection:single	toggle-group	toggle-group-item	button	radio	true	true	44.4	40	45	41	true	-	-	-	-	toggle-group
toggle-group	orientation:vertical;size:lg;spacing:attached;variant:outline;pressed:unpressed;selection:single	-	-	button	-	false	true	0	0	-	-	-	-	-	-	not-rendered	-
toggle-group	orientation:vertical;size:lg;spacing:attached;variant:outline;pressed:unpressed;selection:single	-	-	button	-	false	true	0	0	-	-	-	-	-	-	not-rendered	-
toggle-group	orientation:vertical;size:lg;spacing:attached;variant:outline;pressed:unpressed;selection:single	-	-	button	-	false	true	0	0	-	-	-	-	-	-	not-rendered	-
toggle-group	orientation:vertical;size:lg;spacing:attached;variant:outline;pressed:unpressed;selection:single	-	-	a	-	false	true	0	0	-	-	-	-	-	-	not-rendered	-
toggle-group	orientation:vertical;size:lg;spacing:attached;variant:outline;pressed:unpressed;selection:single	-	-	a	-	false	true	0	0	-	-	-	-	-	-	not-rendered	-
toggle-group	orientation:vertical;size:lg;spacing:attached;variant:outline;pressed:unpressed;selection:single	-	-	a	-	false	true	0	0	-	-	-	-	-	-	not-rendered	-
toggle-group	orientation:vertical;size:lg;spacing:attached;variant:outline;pressed:unpressed;selection:single	-	-	a	-	false	true	0	0	-	-	-	-	-	-	not-rendered	-
toggle-group	orientation:vertical;size:lg;spacing:attached;variant:outline;pressed:unpressed;selection:single	-	toggle-group	div	radiogroup	false	true	56.5	120	57	121	true	-	-	-	-	-
toggle-group	orientation:vertical;size:lg;spacing:attached;variant:outline;pressed:unpressed;selection:multiple	toggle-group	toggle-group-item	button	-	true	true	62.3	40	63	40	true	-	-	-	-	toggle-group
toggle-group	orientation:vertical;size:lg;spacing:attached;variant:outline;pressed:unpressed;selection:multiple	toggle-group	toggle-group-item	button	-	true	true	74.4	40	75	40	true	-	-	-	-	toggle-group
toggle-group	orientation:vertical;size:lg;spacing:attached;variant:outline;pressed:unpressed;selection:multiple	toggle-group	toggle-group-item	button	-	true	true	62.3	40	63	41	true	-	-	-	-	toggle-group
toggle-group	orientation:vertical;size:lg;spacing:attached;variant:outline;pressed:unpressed;selection:multiple	-	-	button	-	false	true	0	0	-	-	-	-	-	-	not-rendered	-
toggle-group	orientation:vertical;size:lg;spacing:attached;variant:outline;pressed:unpressed;selection:multiple	-	-	button	-	false	true	0	0	-	-	-	-	-	-	not-rendered	-
toggle-group	orientation:vertical;size:lg;spacing:attached;variant:outline;pressed:unpressed;selection:multiple	-	-	button	-	false	true	0	0	-	-	-	-	-	-	not-rendered	-
toggle-group	orientation:vertical;size:lg;spacing:attached;variant:outline;pressed:unpressed;selection:multiple	-	-	a	-	false	true	0	0	-	-	-	-	-	-	not-rendered	-
toggle-group	orientation:vertical;size:lg;spacing:attached;variant:outline;pressed:unpressed;selection:multiple	-	-	a	-	false	true	0	0	-	-	-	-	-	-	not-rendered	-
toggle-group	orientation:vertical;size:lg;spacing:attached;variant:outline;pressed:unpressed;selection:multiple	-	-	a	-	false	true	0	0	-	-	-	-	-	-	not-rendered	-
toggle-group	orientation:vertical;size:lg;spacing:attached;variant:outline;pressed:unpressed;selection:multiple	-	-	a	-	false	true	0	0	-	-	-	-	-	-	not-rendered	-
toggle-group	orientation:vertical;size:lg;spacing:attached;variant:outline;pressed:unpressed;selection:multiple	-	toggle-group	div	toolbar	false	true	74.4	120	75	121	true	-	-	-	-	-
toggle-group	orientation:vertical;size:lg;spacing:attached;variant:outline;pressed:pressed;selection:single	toggle-group	toggle-group-item	button	radio	true	true	44.4	40	45	40	true	-	-	-	-	toggle-group
toggle-group	orientation:vertical;size:lg;spacing:attached;variant:outline;pressed:pressed;selection:single	toggle-group	toggle-group-item	button	radio	true	true	56.5	40	57	40	true	-	-	-	-	toggle-group
toggle-group	orientation:vertical;size:lg;spacing:attached;variant:outline;pressed:pressed;selection:single	toggle-group	toggle-group-item	button	radio	true	true	44.4	40	45	41	true	-	-	-	-	toggle-group
toggle-group	orientation:vertical;size:lg;spacing:attached;variant:outline;pressed:pressed;selection:single	-	-	button	-	false	true	0	0	-	-	-	-	-	-	not-rendered	-
toggle-group	orientation:vertical;size:lg;spacing:attached;variant:outline;pressed:pressed;selection:single	-	-	button	-	false	true	0	0	-	-	-	-	-	-	not-rendered	-
toggle-group	orientation:vertical;size:lg;spacing:attached;variant:outline;pressed:pressed;selection:single	-	-	button	-	false	true	0	0	-	-	-	-	-	-	not-rendered	-
toggle-group	orientation:vertical;size:lg;spacing:attached;variant:outline;pressed:pressed;selection:single	-	-	a	-	false	true	0	0	-	-	-	-	-	-	not-rendered	-
toggle-group	orientation:vertical;size:lg;spacing:attached;variant:outline;pressed:pressed;selection:single	-	-	a	-	false	true	0	0	-	-	-	-	-	-	not-rendered	-
toggle-group	orientation:vertical;size:lg;spacing:attached;variant:outline;pressed:pressed;selection:single	-	-	a	-	false	true	0	0	-	-	-	-	-	-	not-rendered	-
toggle-group	orientation:vertical;size:lg;spacing:attached;variant:outline;pressed:pressed;selection:single	-	-	a	-	false	true	0	0	-	-	-	-	-	-	not-rendered	-
toggle-group	orientation:vertical;size:lg;spacing:attached;variant:outline;pressed:pressed;selection:single	-	toggle-group	div	radiogroup	false	true	56.5	120	57	121	true	-	-	-	-	-
toggle-group	orientation:vertical;size:lg;spacing:attached;variant:outline;pressed:pressed;selection:multiple	toggle-group	toggle-group-item	button	-	true	true	62.3	40	63	40	true	-	-	-	-	toggle-group
toggle-group	orientation:vertical;size:lg;spacing:attached;variant:outline;pressed:pressed;selection:multiple	toggle-group	toggle-group-item	button	-	true	true	74.4	40	75	40	true	-	-	-	-	toggle-group
toggle-group	orientation:vertical;size:lg;spacing:attached;variant:outline;pressed:pressed;selection:multiple	toggle-group	toggle-group-item	button	-	true	true	62.3	40	63	41	true	-	-	-	-	toggle-group
toggle-group	orientation:vertical;size:lg;spacing:attached;variant:outline;pressed:pressed;selection:multiple	-	-	button	-	false	true	0	0	-	-	-	-	-	-	not-rendered	-
toggle-group	orientation:vertical;size:lg;spacing:attached;variant:outline;pressed:pressed;selection:multiple	-	-	button	-	false	true	0	0	-	-	-	-	-	-	not-rendered	-
toggle-group	orientation:vertical;size:lg;spacing:attached;variant:outline;pressed:pressed;selection:multiple	-	-	button	-	false	true	0	0	-	-	-	-	-	-	not-rendered	-
toggle-group	orientation:vertical;size:lg;spacing:attached;variant:outline;pressed:pressed;selection:multiple	-	-	a	-	false	true	0	0	-	-	-	-	-	-	not-rendered	-
toggle-group	orientation:vertical;size:lg;spacing:attached;variant:outline;pressed:pressed;selection:multiple	-	-	a	-	false	true	0	0	-	-	-	-	-	-	not-rendered	-
toggle-group	orientation:vertical;size:lg;spacing:attached;variant:outline;pressed:pressed;selection:multiple	-	-	a	-	false	true	0	0	-	-	-	-	-	-	not-rendered	-
toggle-group	orientation:vertical;size:lg;spacing:attached;variant:outline;pressed:pressed;selection:multiple	-	-	a	-	false	true	0	0	-	-	-	-	-	-	not-rendered	-
toggle-group	orientation:vertical;size:lg;spacing:attached;variant:outline;pressed:pressed;selection:multiple	-	toggle-group	div	toolbar	false	true	74.4	120	75	121	true	-	-	-	-	-
tooltip	open:closed	tooltip	tooltip-trigger	button	-	true	true	36	36	36	37	true	-	-	-	-	-
tooltip	open:closed	-	-	button	-	false	true	0	0	-	-	-	-	-	-	not-rendered	-
tooltip	open:closed	-	-	button	-	false	true	0	0	-	-	-	-	-	-	not-rendered	-
tooltip	open:closed	-	-	button	-	false	true	0	0	-	-	-	-	-	-	not-rendered	-
tooltip	open:closed	-	-	a	-	false	true	0	0	-	-	-	-	-	-	not-rendered	-
tooltip	open:closed	-	-	a	-	false	true	0	0	-	-	-	-	-	-	not-rendered	-
tooltip	open:closed	-	-	a	-	false	true	0	0	-	-	-	-	-	-	not-rendered	-
tooltip	open:closed	-	-	a	-	false	true	0	0	-	-	-	-	-	-	not-rendered	-
tooltip	open:open	tooltip	tooltip-trigger	button	-	true	true	36	36	36	37	true	-	-	-	-	-
tooltip	open:open	-	-	button	-	false	true	0	0	-	-	-	-	-	-	not-rendered	-
tooltip	open:open	-	-	button	-	false	true	0	0	-	-	-	-	-	-	not-rendered	-
tooltip	open:open	-	-	button	-	false	true	0	0	-	-	-	-	-	-	not-rendered	-
tooltip	open:open	-	-	a	-	false	true	0	0	-	-	-	-	-	-	not-rendered	-
tooltip	open:open	-	-	a	-	false	true	0	0	-	-	-	-	-	-	not-rendered	-
tooltip	open:open	-	-	a	-	false	true	0	0	-	-	-	-	-	-	not-rendered	-
tooltip	open:open	-	-	a	-	false	true	0	0	-	-	-	-	-	-	not-rendered	-
